Timestamp,IR_Count,Camera_Count,Total_Count,Density,Next_Count
2025-01-01 00:02:12,4,3,3,0.06,2.0
2025-01-01 00:07:12,2,1,2,0.04,1.0
2025-01-01 00:09:28,1,0,1,0.02,1.0
2025-01-01 00:11:09,1,0,1,0.02,1.0
2025-01-01 00:14:47,0,2,1,0.02,1.0
2025-01-01 00:15:37,0,2,1,0.02,1.0
2025-01-01 00:17:49,4,1,1,0.02,3.0
2025-01-01 00:20:20,4,7,3,0.06,4.0
2025-01-01 00:24:24,3,7,4,0.08,4.0
2025-01-01 00:26:21,2,3,4,0.08,3.0
2025-01-01 00:28:30,3,0,3,0.06,2.0
2025-01-01 00:31:31,4,1,2,0.04,1.0
2025-01-01 00:34:11,4,0,1,0.02,3.0
2025-01-01 00:37:10,0,7,3,0.06,4.0
2025-01-01 00:41:57,3,6,4,0.08,4.0
2025-01-01 00:45:38,2,3,4,0.08,5.0
2025-01-01 00:48:48,0,7,5,0.1,5.0
2025-01-01 00:49:39,1,5,5,0.1,5.0
2025-01-01 00:54:21,3,5,5,0.1,4.0
2025-01-01 00:58:46,3,2,4,0.08,4.0
2025-01-01 01:00:04,3,4,4,0.08,3.0
2025-01-01 01:01:32,2,0,3,0.06,4.0
2025-01-01 01:04:51,0,6,4,0.08,3.0
2025-01-01 01:08:28,1,1,3,0.06,3.0
2025-01-01 01:13:28,2,3,3,0.06,4.0
2025-01-01 01:17:07,2,5,4,0.08,3.0
2025-01-01 01:20:31,2,2,3,0.06,3.0
2025-01-01 01:21:51,0,3,3,0.06,3.0
2025-01-01 01:23:15,0,3,3,0.06,4.0
2025-01-01 01:27:48,4,5,4,0.08,4.0
2025-01-01 01:30:28,0,4,4,0.08,4.0
2025-01-01 01:33:12,1,3,4,0.08,4.0
2025-01-01 01:34:02,3,5,4,0.08,3.0
2025-01-01 01:37:18,3,1,3,0.06,3.0
2025-01-01 01:39:16,2,2,3,0.06,3.0
2025-01-01 01:39:59,4,4,3,0.06,2.0
2025-01-01 01:44:30,1,0,2,0.04,2.0
2025-01-01 01:49:24,3,2,2,0.04,3.0
2025-01-01 01:50:46,0,5,3,0.06,3.0
2025-01-01 01:52:47,2,3,3,0.06,4.0
2025-01-01 01:57:40,2,5,4,0.08,4.0
2025-01-01 01:58:44,2,5,4,0.08,3.0
2025-01-01 02:02:39,3,2,3,0.06,2.0
2025-01-01 02:04:29,2,0,2,0.04,3.0
2025-01-01 02:05:48,0,4,3,0.06,3.0
2025-01-01 02:06:19,3,4,3,0.06,3.0
2025-01-01 02:07:42,0,2,3,0.06,4.0
2025-01-01 02:09:57,2,6,4,0.08,4.0
2025-01-01 02:14:46,2,5,4,0.08,5.0
2025-01-01 02:18:26,0,6,5,0.1,4.0
2025-01-01 02:22:33,2,2,4,0.08,3.0
2025-01-01 02:23:46,1,1,3,0.06,2.0
2025-01-01 02:26:57,0,0,2,0.04,3.0
2025-01-01 02:30:48,2,5,3,0.06,3.0
2025-01-01 02:35:47,0,4,3,0.06,4.0
2025-01-01 02:40:47,2,6,4,0.08,4.0
2025-01-01 02:44:51,1,4,4,0.08,4.0
2025-01-01 02:49:32,0,5,4,0.08,3.0
2025-01-01 02:53:11,1,2,3,0.06,4.0
2025-01-01 02:57:13,3,7,4,0.08,3.0
2025-01-01 03:01:10,2,1,3,0.06,4.0
2025-01-01 03:05:36,4,7,4,0.08,5.0
2025-01-01 03:06:58,3,6,5,0.1,5.0
2025-01-01 03:11:04,3,6,5,0.1,6.0
2025-01-01 03:15:45,3,7,6,0.12,4.0
2025-01-01 03:19:22,2,0,4,0.08,5.0
2025-01-01 03:20:32,3,7,5,0.1,4.0
2025-01-01 03:23:38,4,1,4,0.08,3.0
2025-01-01 03:24:22,1,2,3,0.06,2.0
2025-01-01 03:25:56,3,0,2,0.04,2.0
2025-01-01 03:26:34,2,1,2,0.04,3.0
2025-01-01 03:29:12,1,6,3,0.06,2.0
2025-01-01 03:31:57,4,0,2,0.04,4.0
2025-01-01 03:33:29,3,7,4,0.08,3.0
2025-01-01 03:36:17,3,2,3,0.06,3.0
2025-01-01 03:38:07,3,3,3,0.06,2.0
2025-01-01 03:41:19,1,1,2,0.04,4.0
2025-01-01 03:46:09,4,7,4,0.08,3.0
2025-01-01 03:50:29,2,0,3,0.06,2.0
2025-01-01 03:51:39,3,1,2,0.04,1.0
2025-01-01 03:52:36,2,0,1,0.02,2.0
2025-01-01 03:55:20,2,6,2,0.04,2.0
2025-01-01 03:59:10,2,2,2,0.04,3.0
2025-01-01 04:04:07,2,4,3,0.06,2.0
2025-01-01 04:05:09,1,0,2,0.04,1.0
2025-01-01 04:06:26,3,0,1,0.02,2.0
2025-01-01 04:07:57,4,5,2,0.04,3.0
2025-01-01 04:12:02,3,4,3,0.06,4.0
2025-01-01 04:14:10,0,6,4,0.08,3.0
2025-01-01 04:17:31,3,0,3,0.06,4.0
2025-01-01 04:21:34,2,6,4,0.08,5.0
2025-01-01 04:22:38,2,6,5,0.1,6.0
2025-01-01 04:26:54,1,7,6,0.12,4.0
2025-01-01 04:29:04,0,0,4,0.08,4.0
2025-01-01 04:31:44,3,3,4,0.08,3.0
2025-01-01 04:36:30,0,2,3,0.06,2.0
2025-01-01 04:37:04,4,0,2,0.04,4.0
2025-01-01 04:41:11,1,7,4,0.08,3.0
2025-01-01 04:45:55,2,1,3,0.06,4.0
2025-01-01 04:49:51,0,5,4,0.08,4.0
2025-01-01 04:50:35,0,4,4,0.08,4.0
2025-01-01 04:51:46,2,3,4,0.08,5.0
2025-01-01 04:55:14,1,6,5,0.1,4.0
2025-01-01 04:56:46,2,0,4,0.08,5.0
2025-01-01 05:01:06,1,7,5,0.1,4.0
2025-01-01 05:05:36,4,0,4,0.08,3.0
2025-01-01 05:06:57,0,2,3,0.06,2.0
2025-01-01 05:09:02,1,1,2,0.04,3.0
2025-01-01 05:13:13,2,4,3,0.06,3.0
2025-01-01 05:17:33,0,2,3,0.06,4.0
2025-01-01 05:21:59,1,5,4,0.08,5.0
2025-01-01 05:24:51,1,7,5,0.1,5.0
2025-01-01 05:28:11,4,6,5,0.1,5.0
2025-01-01 05:29:09,2,4,5,0.1,6.0
2025-01-01 05:30:14,1,7,6,0.12,6.0
2025-01-01 05:30:56,0,6,6,0.12,6.0
2025-01-01 05:34:05,3,6,6,0.12,4.0
2025-01-01 05:37:41,4,0,4,0.08,3.0
2025-01-01 05:42:13,1,0,3,0.06,4.0
2025-01-01 05:44:08,2,5,4,0.08,4.0
2025-01-01 05:45:43,3,5,4,0.08,3.0
2025-01-01 05:49:02,3,2,3,0.06,3.0
2025-01-01 05:50:16,1,3,3,0.06,2.0
2025-01-01 05:51:47,4,1,2,0.04,3.0
2025-01-01 05:54:30,3,4,3,0.06,4.0
2025-01-01 05:55:27,4,5,4,0.08,3.0
2025-01-01 05:57:44,4,1,3,0.06,3.0
2025-01-01 05:58:57,2,3,3,0.06,4.0
2025-01-01 06:01:34,0,5,4,0.08,5.0
2025-01-01 06:05:54,4,7,5,0.1,6.0
2025-01-01 06:09:33,1,7,6,0.12,5.0
2025-01-01 06:13:47,1,2,5,0.1,5.0
2025-01-01 06:16:17,3,4,5,0.1,5.0
2025-01-01 06:18:42,0,6,5,0.1,4.0
2025-01-01 06:23:04,2,0,4,0.08,4.0
2025-01-01 06:27:52,0,5,4,0.08,4.0
2025-01-01 06:31:39,1,3,4,0.08,5.0
2025-01-01 06:34:25,3,6,5,0.1,5.0
2025-01-01 06:37:39,2,6,5,0.1,4.0
2025-01-01 06:41:53,0,2,4,0.08,4.0
2025-01-01 06:46:16,1,3,4,0.08,4.0
2025-01-01 06:49:37,1,3,4,0.08,3.0
2025-01-01 06:52:38,3,1,3,0.06,4.0
2025-01-01 06:55:47,4,6,4,0.08,4.0
2025-01-01 06:57:52,1,3,4,0.08,5.0
2025-01-01 07:02:14,2,6,5,0.1,4.0
2025-01-01 07:05:43,0,2,4,0.08,3.0
2025-01-01 07:08:05,4,2,3,0.06,2.0
2025-01-01 07:09:26,3,1,2,0.04,2.0
2025-01-01 07:14:23,4,3,2,0.04,2.0
2025-01-01 07:16:45,1,2,2,0.04,2.0
2025-01-01 07:18:55,0,2,2,0.04,2.0
2025-01-01 07:21:17,0,2,2,0.04,4.0
2025-01-01 07:23:07,3,7,4,0.08,3.0
2025-01-01 07:26:43,0,1,3,0.06,3.0
2025-01-01 07:29:05,2,2,3,0.06,4.0
2025-01-01 07:29:36,3,6,4,0.08,4.0
2025-01-01 07:32:15,4,4,4,0.08,5.0
2025-01-01 07:36:24,2,7,5,0.1,6.0
2025-01-01 07:37:47,4,7,6,0.12,6.0
2025-01-01 07:42:00,1,6,6,0.12,6.0
2025-01-01 07:46:14,4,7,6,0.12,4.0
2025-01-01 07:48:49,2,1,4,0.08,3.0
2025-01-01 07:51:28,2,2,3,0.06,3.0
2025-01-01 07:52:50,4,3,3,0.06,2.0
2025-01-01 07:56:11,0,0,2,0.04,4.0
2025-01-01 08:00:18,4,8,4,0.08,7.0
2025-01-01 08:03:27,0,15,7,0.14,8.0
2025-01-01 08:07:14,2,12,8,0.16,10.0
2025-01-01 08:11:50,0,14,10,0.2,13.0
2025-01-01 08:15:42,0,19,13,0.26,12.0
2025-01-01 08:19:15,2,8,12,0.24,11.0
2025-01-01 08:21:47,3,9,11,0.22,11.0
2025-01-01 08:26:31,3,12,11,0.22,12.0
2025-01-01 08:28:38,4,14,12,0.24,11.0
2025-01-01 08:32:25,3,8,11,0.22,12.0
2025-01-01 08:36:54,4,13,12,0.24,11.0
2025-01-01 08:39:47,3,9,11,0.22,13.0
2025-01-01 08:41:53,3,18,13,0.26,11.0
2025-01-01 08:45:43,0,6,11,0.22,13.0
2025-01-01 08:48:16,0,19,13,0.26,11.0
2025-01-01 08:51:52,3,7,11,0.22,12.0
2025-01-01 08:56:40,2,15,12,0.24,11.0
2025-01-01 08:59:37,2,10,11,0.22,10.0
2025-01-01 09:04:18,0,7,10,0.2,11.0
2025-01-01 09:07:14,3,12,11,0.22,13.0
2025-01-01 09:10:11,3,19,13,0.26,13.0
2025-01-01 09:13:59,3,14,13,0.26,14.0
2025-01-01 09:16:36,4,18,14,0.28,13.0
2025-01-01 09:17:44,2,10,13,0.26,13.0
2025-01-01 09:20:22,4,14,13,0.26,14.0
2025-01-01 09:25:18,4,15,14,0.28,13.0
2025-01-01 09:28:18,2,11,13,0.26,14.0
2025-01-01 09:30:26,0,15,14,0.28,14.0
2025-01-01 09:35:18,4,14,14,0.28,14.0
2025-01-01 09:39:59,1,15,14,0.28,13.0
2025-01-01 09:42:52,4,10,13,0.26,14.0
2025-01-01 09:45:13,3,17,14,0.28,15.0
2025-01-01 09:46:42,2,18,15,0.3,14.0
2025-01-01 09:47:13,3,11,14,0.28,14.0
2025-01-01 09:51:56,4,13,14,0.28,14.0
2025-01-01 09:54:45,1,13,14,0.28,13.0
2025-01-01 09:55:51,3,11,13,0.26,13.0
2025-01-01 09:59:00,2,12,13,0.26,15.0
2025-01-01 09:59:38,0,19,15,0.3,13.0
2025-01-01 10:04:00,2,7,13,0.26,12.0
2025-01-01 10:06:08,2,8,12,0.24,10.0
2025-01-01 10:09:04,2,7,10,0.2,11.0
2025-01-01 10:13:01,3,14,11,0.22,10.0
2025-01-01 10:15:41,2,7,10,0.2,12.0
2025-01-01 10:18:42,3,18,12,0.24,14.0
2025-01-01 10:20:05,1,19,14,0.28,15.0
2025-01-01 10:22:34,4,18,15,0.3,13.0
2025-01-01 10:25:44,1,8,13,0.26,13.0
2025-01-01 10:28:09,2,13,13,0.26,15.0
2025-01-01 10:29:53,0,19,15,0.3,14.0
2025-01-01 10:32:15,0,10,14,0.28,13.0
2025-01-01 10:34:28,2,11,13,0.26,13.0
2025-01-01 10:39:11,3,12,13,0.26,12.0
2025-01-01 10:43:27,3,10,12,0.24,10.0
2025-01-01 10:45:48,4,7,10,0.2,11.0
2025-01-01 10:47:56,3,14,11,0.22,13.0
2025-01-01 10:50:58,1,19,13,0.26,14.0
2025-01-01 10:54:41,1,18,14,0.28,14.0
2025-01-01 10:57:53,4,14,14,0.28,12.0
2025-01-01 11:01:50,2,7,12,0.24,11.0
2025-01-01 11:05:08,4,10,11,0.22,11.0
2025-01-01 11:08:18,4,12,11,0.22,11.0
2025-01-01 11:09:55,2,10,11,0.22,13.0
2025-01-01 11:12:39,0,19,13,0.26,12.0
2025-01-01 11:16:23,2,8,12,0.24,12.0
2025-01-01 11:19:00,1,13,12,0.24,13.0
2025-01-01 11:20:02,3,17,13,0.26,14.0
2025-01-01 11:23:27,2,15,14,0.28,12.0
2025-01-01 11:24:18,4,7,12,0.24,10.0
2025-01-01 11:28:45,1,7,10,0.2,10.0
2025-01-01 11:31:52,3,10,10,0.2,10.0
2025-01-01 11:32:59,0,10,10,0.2,9.0
2025-01-01 11:37:18,1,7,9,0.18,9.0
2025-01-01 11:38:38,2,9,9,0.18,9.0
2025-01-01 11:43:31,2,10,9,0.18,10.0
2025-01-01 11:44:27,4,14,10,0.2,11.0
2025-01-01 11:48:42,0,14,11,0.22,12.0
2025-01-01 11:50:48,4,14,12,0.24,12.0
2025-01-01 11:53:44,4,13,12,0.24,14.0
2025-01-01 11:54:17,3,19,14,0.28,13.0
2025-01-01 11:55:21,1,11,13,0.26,12.0
2025-01-01 11:59:02,2,8,12,0.24,8.0
2025-01-01 12:00:20,4,0,8,0.16,7.0
2025-01-01 12:01:06,0,4,7,0.14,5.0
2025-01-01 12:04:27,2,1,5,0.1,5.0
2025-01-01 12:08:36,3,5,5,0.1,6.0
2025-01-01 12:11:43,1,7,6,0.12,6.0
2025-01-01 12:12:58,4,7,6,0.12,6.0
2025-01-01 12:13:33,0,6,6,0.12,5.0
2025-01-01 12:15:41,0,2,5,0.1,5.0
2025-01-01 12:20:03,0,4,5,0.1,5.0
2025-01-01 12:21:09,2,5,5,0.1,4.0
2025-01-01 12:24:39,2,0,4,0.08,5.0
2025-01-01 12:26:43,0,6,5,0.1,4.0
2025-01-01 12:28:51,2,0,4,0.08,4.0
2025-01-01 12:32:28,0,5,4,0.08,4.0
2025-01-01 12:34:53,1,5,4,0.08,4.0
2025-01-01 12:38:33,1,3,4,0.08,4.0
2025-01-01 12:43:15,1,3,4,0.08,4.0
2025-01-01 12:46:25,0,3,4,0.08,3.0
2025-01-01 12:51:10,2,2,3,0.06,4.0
2025-01-01 12:53:47,4,7,4,0.08,5.0
2025-01-01 12:54:34,3,7,5,0.1,5.0
2025-01-01 12:58:46,4,4,5,0.1,4.0
2025-01-01 13:00:09,2,3,4,0.08,4.0
2025-01-01 13:01:36,0,3,4,0.08,4.0
2025-01-01 13:04:59,4,4,4,0.08,4.0
2025-01-01 13:07:22,3,5,4,0.08,4.0
2025-01-01 13:10:22,2,4,4,0.08,4.0
2025-01-01 13:12:58,3,4,4,0.08,4.0
2025-01-01 13:16:02,2,5,4,0.08,3.0
2025-01-01 13:18:15,4,2,3,0.06,3.0
2025-01-01 13:22:50,4,3,3,0.06,4.0
2025-01-01 13:26:15,0,6,4,0.08,5.0
2025-01-01 13:27:23,0,7,5,0.1,4.0
2025-01-01 13:30:42,4,2,4,0.08,3.0
2025-01-01 13:35:18,1,0,3,0.06,2.0
2025-01-01 13:36:13,4,0,2,0.04,4.0
2025-01-01 13:36:55,4,7,4,0.08,4.0
2025-01-01 13:38:00,0,5,4,0.08,4.0
2025-01-01 13:41:22,4,4,4,0.08,5.0
2025-01-01 13:42:11,1,6,5,0.1,6.0
2025-01-01 13:47:04,2,7,6,0.12,5.0
2025-01-01 13:49:55,3,4,5,0.1,5.0
2025-01-01 13:52:47,2,5,5,0.1,5.0
2025-01-01 13:54:48,2,5,5,0.1,4.0
2025-01-01 13:58:52,0,3,4,0.08,3.0
2025-01-01 14:00:12,4,1,3,0.06,2.0
2025-01-01 14:03:14,3,0,2,0.04,2.0
2025-01-01 14:06:49,1,1,2,0.04,2.0
2025-01-01 14:08:21,3,1,2,0.04,3.0
2025-01-01 14:12:00,0,5,3,0.06,4.0
2025-01-01 14:14:34,4,7,4,0.08,5.0
2025-01-01 14:17:33,1,7,5,0.1,5.0
2025-01-01 14:19:00,1,6,5,0.1,4.0
2025-01-01 14:22:29,1,0,4,0.08,3.0
2025-01-01 14:25:48,3,1,3,0.06,3.0
2025-01-01 14:30:48,0,2,3,0.06,4.0
2025-01-01 14:32:11,0,7,4,0.08,4.0
2025-01-01 14:34:21,0,5,4,0.08,4.0
2025-01-01 14:39:14,3,5,4,0.08,5.0
2025-01-01 14:40:36,3,7,5,0.1,5.0
2025-01-01 14:42:05,3,4,5,0.1,6.0
2025-01-01 14:44:22,0,7,6,0.12,5.0
2025-01-01 14:44:56,2,4,5,0.1,4.0
2025-01-01 14:47:08,1,1,4,0.08,4.0
2025-01-01 14:50:53,2,4,4,0.08,5.0
2025-01-01 14:55:44,1,6,5,0.1,5.0
2025-01-01 14:57:00,3,4,5,0.1,4.0
2025-01-01 14:59:53,2,0,4,0.08,5.0
2025-01-01 15:04:51,1,7,5,0.1,4.0
2025-01-01 15:07:24,4,0,4,0.08,4.0
2025-01-01 15:09:39,1,5,4,0.08,3.0
2025-01-01 15:12:46,3,0,3,0.06,3.0
2025-01-01 15:15:42,4,2,3,0.06,4.0
2025-01-01 15:18:36,1,7,4,0.08,5.0
2025-01-01 15:21:05,3,6,5,0.1,4.0
2025-01-01 15:23:06,2,2,4,0.08,5.0
2025-01-01 15:24:33,3,6,5,0.1,4.0
2025-01-01 15:28:51,2,1,4,0.08,4.0
2025-01-01 15:31:17,0,4,4,0.08,4.0
2025-01-01 15:33:53,2,4,4,0.08,3.0
2025-01-01 15:36:31,3,0,3,0.06,2.0
2025-01-01 15:37:58,0,0,2,0.04,3.0
2025-01-01 15:40:29,0,6,3,0.06,3.0
2025-01-01 15:40:59,1,2,3,0.06,4.0
2025-01-01 15:45:27,2,5,4,0.08,3.0
2025-01-01 15:47:32,3,1,3,0.06,3.0
2025-01-01 15:50:07,3,3,3,0.06,3.0
2025-01-01 15:52:34,3,3,3,0.06,3.0
2025-01-01 15:53:51,2,4,3,0.06,2.0
2025-01-01 15:55:49,3,1,2,0.04,3.0
2025-01-01 16:00:15,4,4,3,0.06,3.0
2025-01-01 16:03:53,2,4,3,0.06,3.0
2025-01-01 16:07:34,4,3,3,0.06,4.0
2025-01-01 16:09:12,4,6,4,0.08,4.0
2025-01-01 16:13:48,2,3,4,0.08,4.0
2025-01-01 16:15:33,1,4,4,0.08,3.0
2025-01-01 16:18:36,0,0,3,0.06,2.0
2025-01-01 16:21:29,2,0,2,0.04,4.0
2025-01-01 16:23:24,4,7,4,0.08,3.0
2025-01-01 16:26:58,0,0,3,0.06,4.0
2025-01-01 16:31:07,3,7,4,0.08,5.0
2025-01-01 16:32:45,4,6,5,0.1,5.0
2025-01-01 16:34:01,3,4,5,0.1,6.0
2025-01-01 16:36:04,4,7,6,0.12,6.0
2025-01-01 16:40:31,1,6,6,0.12,6.0
2025-01-01 16:44:24,2,5,6,0.12,5.0
2025-01-01 16:48:31,0,3,5,0.1,6.0
2025-01-01 16:49:39,4,7,6,0.12,4.0
2025-01-01 16:51:48,1,1,4,0.08,3.0
2025-01-01 16:56:31,1,2,3,0.06,5.0
2025-01-01 17:00:42,4,11,5,0.1,6.0
2025-01-01 17:01:34,1,10,6,0.12,10.0
2025-01-01 17:06:13,4,18,10,0.2,11.0
2025-01-01 17:06:52,3,14,11,0.22,12.0
2025-01-01 17:11:27,4,13,12,0.24,11.0
2025-01-01 17:13:36,2,10,11,0.22,10.0
2025-01-01 17:17:05,3,9,10,0.2,11.0
2025-01-01 17:21:17,3,13,11,0.22,12.0
2025-01-01 17:25:56,0,15,12,0.24,10.0
2025-01-01 17:28:52,2,6,10,0.2,12.0
2025-01-01 17:30:57,3,17,12,0.24,14.0
2025-01-01 17:35:43,1,18,14,0.28,14.0
2025-01-01 17:36:16,2,15,14,0.28,12.0
2025-01-01 17:37:01,3,6,12,0.24,12.0
2025-01-01 17:41:37,2,11,12,0.24,10.0
2025-01-01 17:46:24,1,7,10,0.2,12.0
2025-01-01 17:49:33,3,15,12,0.24,13.0
2025-01-01 17:52:34,3,17,13,0.26,14.0
2025-01-01 17:56:01,0,18,14,0.28,14.0
2025-01-01 17:59:13,1,15,14,0.28,15.0
2025-01-01 18:00:15,1,18,15,0.3,13.0
2025-01-01 18:03:43,3,7,13,0.26,12.0
2025-01-01 18:05:53,0,9,12,0.24,12.0
2025-01-01 18:10:50,1,12,12,0.24,13.0
2025-01-01 18:12:24,1,16,13,0.26,14.0
2025-01-01 18:15:41,0,15,14,0.28,15.0
2025-01-01 18:16:53,1,16,15,0.3,16.0
2025-01-01 18:18:06,2,19,16,0.32,14.0
2025-01-01 18:18:47,3,11,14,0.28,12.0
2025-01-01 18:20:51,2,9,12,0.24,12.0
2025-01-01 18:25:33,1,13,12,0.24,12.0
2025-01-01 18:30:04,2,12,12,0.24,14.0
2025-01-01 18:31:08,2,19,14,0.28,16.0
2025-01-01 18:35:12,3,19,16,0.32,14.0
2025-01-01 18:37:11,4,8,14,0.28,14.0
2025-01-01 18:42:04,4,13,14,0.28,12.0
2025-01-01 18:44:06,1,9,12,0.24,14.0
2025-01-01 18:46:05,1,19,14,0.28,15.0
2025-01-01 18:48:29,1,17,15,0.3,16.0
2025-01-01 18:50:43,0,19,16,0.32,14.0
2025-01-01 18:54:28,4,11,14,0.28,12.0
2025-01-01 18:56:51,0,6,12,0.24,13.0
2025-01-01 18:58:35,3,14,13,0.26,11.0
2025-01-01 19:02:41,2,6,11,0.22,12.0
2025-01-01 19:07:19,3,15,12,0.24,11.0
2025-01-01 19:10:32,2,8,11,0.22,13.0
2025-01-01 19:14:13,4,18,13,0.26,14.0
2025-01-01 19:18:29,4,16,14,0.28,14.0
2025-01-01 19:21:55,1,15,14,0.28,14.0
2025-01-01 19:24:03,4,13,14,0.28,12.0
2025-01-01 19:25:08,2,6,12,0.24,10.0
2025-01-01 19:27:13,4,7,10,0.2,12.0
2025-01-01 19:30:14,1,18,12,0.24,10.0
2025-01-01 19:33:14,0,7,10,0.2,10.0
2025-01-01 19:36:53,4,10,10,0.2,10.0
2025-01-01 19:41:06,0,9,10,0.2,12.0
2025-01-01 19:42:12,1,15,12,0.24,11.0
2025-01-01 19:47:09,1,8,11,0.22,11.0
2025-01-01 19:50:41,1,10,11,0.22,11.0
2025-01-01 19:51:23,4,10,11,0.22,12.0
2025-01-01 19:55:29,1,14,12,0.24,13.0
2025-01-01 19:57:00,4,14,13,0.26,13.0
2025-01-01 19:58:53,1,13,13,0.26,12.0
2025-01-01 20:02:59,1,11,12,0.24,10.0
2025-01-01 20:06:35,0,6,10,0.2,12.0
2025-01-01 20:07:23,4,18,12,0.24,13.0
2025-01-01 20:10:49,1,15,13,0.26,12.0
2025-01-01 20:12:58,3,9,12,0.24,13.0
2025-01-01 20:17:20,4,16,13,0.26,15.0
2025-01-01 20:19:05,2,19,15,0.3,14.0
2025-01-01 20:23:59,2,13,14,0.28,14.0
2025-01-01 20:27:54,0,14,14,0.28,14.0
2025-01-01 20:32:06,3,13,14,0.28,15.0
2025-01-01 20:33:27,3,16,15,0.3,14.0
2025-01-01 20:36:20,4,11,14,0.28,14.0
2025-01-01 20:37:58,0,15,14,0.28,13.0
2025-01-01 20:40:06,4,10,13,0.26,11.0
2025-01-01 20:41:00,0,6,11,0.22,13.0
2025-01-01 20:42:22,2,19,13,0.26,12.0
2025-01-01 20:45:22,4,9,12,0.24,11.0
2025-01-01 20:48:15,2,8,11,0.22,13.0
2025-01-01 20:49:41,4,18,13,0.26,11.0
2025-01-01 20:50:49,3,7,11,0.22,11.0
2025-01-01 20:53:07,4,12,11,0.22,13.0
2025-01-01 20:56:37,0,19,13,0.26,14.0
2025-01-01 20:57:48,3,15,14,0.28,16.0
2025-01-01 21:01:23,0,19,16,0.32,17.0
2025-01-01 21:05:35,0,19,17,0.34,17.0
2025-01-01 21:08:06,1,17,17,0.34,14.0
2025-01-01 21:10:48,2,6,14,0.28,12.0
2025-01-01 21:14:00,3,9,12,0.24,14.0
2025-01-01 21:18:04,1,18,14,0.28,12.0
2025-01-01 21:22:14,2,8,12,0.24,11.0
2025-01-01 21:26:38,0,10,11,0.22,12.0
2025-01-01 21:29:33,2,14,12,0.24,10.0
2025-01-01 21:34:01,0,7,10,0.2,12.0
2025-01-01 21:35:46,4,17,12,0.24,13.0
2025-01-01 21:36:24,0,15,13,0.26,15.0
2025-01-01 21:38:07,2,19,15,0.3,14.0
2025-01-01 21:42:49,0,10,14,0.28,15.0
2025-01-01 21:47:08,0,16,15,0.3,16.0
2025-01-01 21:47:44,3,18,16,0.32,14.0
2025-01-01 21:51:07,2,9,14,0.28,13.0
2025-01-01 21:53:57,3,12,13,0.26,12.0
2025-01-01 21:57:14,2,10,12,0.24,8.0
2025-01-01 22:00:33,1,0,8,0.16,7.0
2025-01-01 22:03:04,0,6,7,0.14,6.0
2025-01-01 22:06:47,2,4,6,0.12,4.0
2025-01-01 22:07:21,2,0,4,0.08,5.0
2025-01-01 22:08:19,3,7,5,0.1,4.0
2025-01-01 22:11:33,4,1,4,0.08,3.0
2025-01-01 22:14:18,1,0,3,0.06,4.0
2025-01-01 22:17:12,4,6,4,0.08,5.0
2025-01-01 22:21:18,4,7,5,0.1,5.0
2025-01-01 22:23:59,3,5,5,0.1,5.0
2025-01-01 22:25:38,2,5,5,0.1,4.0
2025-01-01 22:30:19,1,2,4,0.08,4.0
2025-01-01 22:33:50,4,3,4,0.08,5.0
2025-01-01 22:37:06,3,6,5,0.1,4.0
2025-01-01 22:39:06,1,3,4,0.08,3.0
2025-01-01 22:42:57,3,2,3,0.06,3.0
2025-01-01 22:43:45,3,3,3,0.06,2.0
2025-01-01 22:44:53,3,0,2,0.04,2.0
2025-01-01 22:47:28,4,3,2,0.04,3.0
2025-01-01 22:50:50,0,5,3,0.06,3.0
2025-01-01 22:53:40,3,3,3,0.06,2.0
2025-01-01 22:58:11,1,1,2,0.04,3.0
2025-01-01 23:02:20,0,5,3,0.06,3.0
2025-01-01 23:04:55,0,4,3,0.06,2.0
2025-01-01 23:06:22,1,0,2,0.04,2.0
2025-01-01 23:09:19,4,1,2,0.04,3.0
2025-01-01 23:09:49,3,6,3,0.06,3.0
2025-01-01 23:13:28,3,4,3,0.06,4.0
2025-01-01 23:17:08,2,5,4,0.08,5.0
2025-01-01 23:19:34,1,6,5,0.1,4.0
2025-01-01 23:22:17,2,2,4,0.08,3.0
2025-01-01 23:23:44,2,1,3,0.06,4.0
2025-01-01 23:24:57,0,7,4,0.08,5.0
2025-01-01 23:28:19,3,7,5,0.1,5.0
2025-01-01 23:31:28,4,6,5,0.1,4.0
2025-01-01 23:34:50,0,1,4,0.08,4.0
2025-01-01 23:37:48,4,5,4,0.08,4.0
2025-01-01 23:39:37,4,4,4,0.08,3.0
2025-01-01 23:43:39,2,2,3,0.06,3.0
2025-01-01 23:47:31,2,2,3,0.06,2.0
2025-01-01 23:52:12,2,0,2,0.04,4.0
2025-01-01 23:56:30,1,7,4,0.08,4.0
2025-01-01 23:59:43,0,4,4,0.08,5.0
2025-01-02 00:03:59,2,7,5,0.1,5.0
2025-01-02 00:06:55,4,5,5,0.1,4.0
2025-01-02 00:07:44,4,0,4,0.08,4.0
2025-01-02 00:09:00,0,5,4,0.08,4.0
2025-01-02 00:13:22,0,3,4,0.08,3.0
2025-01-02 00:14:05,4,2,3,0.06,4.0
2025-01-02 00:16:57,4,7,4,0.08,4.0
2025-01-02 00:17:27,1,4,4,0.08,3.0
2025-01-02 00:18:50,2,1,3,0.06,3.0
2025-01-02 00:23:38,1,3,3,0.06,2.0
2025-01-02 00:26:31,2,0,2,0.04,3.0
2025-01-02 00:27:12,3,6,3,0.06,4.0
2025-01-02 00:31:25,0,6,4,0.08,4.0
2025-01-02 00:34:30,1,4,4,0.08,3.0
2025-01-02 00:35:07,3,0,3,0.06,3.0
2025-01-02 00:37:38,0,2,3,0.06,4.0
2025-01-02 00:40:51,2,7,4,0.08,4.0
2025-01-02 00:42:50,3,4,4,0.08,4.0
2025-01-02 00:45:35,1,3,4,0.08,4.0
2025-01-02 00:49:10,3,5,4,0.08,5.0
2025-01-02 00:52:37,0,7,5,0.1,6.0
2025-01-02 00:53:34,0,7,6,0.12,4.0
2025-01-02 00:57:43,4,0,4,0.08,4.0
2025-01-02 00:58:53,3,3,4,0.08,3.0
2025-01-02 01:03:10,1,0,3,0.06,4.0
2025-01-02 01:06:51,1,6,4,0.08,4.0
2025-01-02 01:09:45,3,3,4,0.08,3.0
2025-01-02 01:13:35,3,2,3,0.06,4.0
2025-01-02 01:17:36,0,6,4,0.08,4.0
2025-01-02 01:21:45,4,5,4,0.08,5.0
2025-01-02 01:26:14,3,7,5,0.1,4.0
2025-01-02 01:27:29,0,3,4,0.08,5.0
2025-01-02 01:28:33,2,7,5,0.1,5.0
2025-01-02 01:33:15,3,5,5,0.1,4.0
2025-01-02 01:35:06,1,1,4,0.08,3.0
2025-01-02 01:39:51,4,1,3,0.06,3.0
2025-01-02 01:43:37,3,4,3,0.06,3.0
2025-01-02 01:44:16,3,3,3,0.06,3.0
2025-01-02 01:48:47,3,4,3,0.06,2.0
2025-01-02 01:53:27,2,0,2,0.04,3.0
2025-01-02 01:54:01,1,6,3,0.06,2.0
2025-01-02 01:56:29,0,1,2,0.04,2.0
2025-01-02 01:58:03,4,3,2,0.04,2.0
2025-01-02 02:00:58,3,3,2,0.04,2.0
2025-01-02 02:05:11,1,1,2,0.04,3.0
2025-01-02 02:09:39,1,4,3,0.06,3.0
2025-01-02 02:13:05,0,3,3,0.06,3.0
2025-01-02 02:18:01,0,4,3,0.06,4.0
2025-01-02 02:19:33,3,7,4,0.08,4.0
2025-01-02 02:23:39,0,4,4,0.08,4.0
2025-01-02 02:27:05,3,4,4,0.08,5.0
2025-01-02 02:29:12,4,7,5,0.1,5.0
2025-01-02 02:31:26,3,6,5,0.1,5.0
2025-01-02 02:33:34,4,4,5,0.1,5.0
2025-01-02 02:34:09,1,5,5,0.1,5.0
2025-01-02 02:37:55,3,5,5,0.1,6.0
2025-01-02 02:40:37,2,7,6,0.12,6.0
2025-01-02 02:45:25,4,5,6,0.12,4.0
2025-01-02 02:46:17,1,0,4,0.08,4.0
2025-01-02 02:47:39,1,5,4,0.08,4.0
2025-01-02 02:50:53,4,5,4,0.08,3.0
2025-01-02 02:54:44,1,2,3,0.06,4.0
2025-01-02 02:56:36,3,5,4,0.08,4.0
2025-01-02 02:59:30,4,4,4,0.08,3.0
2025-01-02 03:01:24,3,2,3,0.06,3.0
2025-01-02 03:03:11,2,3,3,0.06,4.0
2025-01-02 03:03:41,0,6,4,0.08,5.0
2025-01-02 03:05:01,3,7,5,0.1,6.0
2025-01-02 03:08:23,0,7,6,0.12,4.0
2025-01-02 03:12:17,4,0,4,0.08,4.0
2025-01-02 03:17:06,4,5,4,0.08,3.0
2025-01-02 03:18:09,4,1,3,0.06,3.0
2025-01-02 03:20:13,3,3,3,0.06,4.0
2025-01-02 03:21:54,0,5,4,0.08,4.0
2025-01-02 03:23:02,4,3,4,0.08,5.0
2025-01-02 03:26:05,4,6,5,0.1,5.0
2025-01-02 03:30:44,4,5,5,0.1,5.0
2025-01-02 03:33:55,2,6,5,0.1,5.0
2025-01-02 03:36:22,3,5,5,0.1,5.0
2025-01-02 03:41:10,1,5,5,0.1,4.0
2025-01-02 03:46:07,3,3,4,0.08,5.0
2025-01-02 03:47:30,2,7,5,0.1,4.0
2025-01-02 03:51:55,0,3,4,0.08,4.0
2025-01-02 03:56:06,4,4,4,0.08,4.0
2025-01-02 04:00:46,2,5,4,0.08,4.0
2025-01-02 04:03:07,0,4,4,0.08,3.0
2025-01-02 04:07:51,1,2,3,0.06,3.0
2025-01-02 04:11:47,3,4,3,0.06,2.0
2025-01-02 04:16:05,0,0,2,0.04,3.0
2025-01-02 04:17:40,1,4,3,0.06,3.0
2025-01-02 04:19:24,1,3,3,0.06,2.0
2025-01-02 04:21:36,4,1,2,0.04,2.0
2025-01-02 04:25:17,4,3,2,0.04,3.0
2025-01-02 04:29:58,0,4,3,0.06,4.0
2025-01-02 04:34:13,4,6,4,0.08,4.0
2025-01-02 04:36:20,2,5,4,0.08,4.0
2025-01-02 04:40:58,0,3,4,0.08,5.0
2025-01-02 04:44:13,3,6,5,0.1,4.0
2025-01-02 04:45:12,2,0,4,0.08,4.0
2025-01-02 04:49:48,0,4,4,0.08,3.0
2025-01-02 04:52:03,0,0,3,0.06,3.0
2025-01-02 04:53:23,3,2,3,0.06,3.0
2025-01-02 04:55:13,0,2,3,0.06,4.0
2025-01-02 04:57:55,0,5,4,0.08,4.0
2025-01-02 05:00:42,4,5,4,0.08,3.0
2025-01-02 05:04:15,2,2,3,0.06,2.0
2025-01-02 05:05:53,3,1,2,0.04,2.0
2025-01-02 05:06:56,1,1,2,0.04,4.0
2025-01-02 05:11:47,3,7,4,0.08,4.0
2025-01-02 05:13:09,4,5,4,0.08,5.0
2025-01-02 05:17:03,4,7,5,0.1,4.0
2025-01-02 05:19:38,3,3,4,0.08,4.0
2025-01-02 05:24:02,2,5,4,0.08,5.0
2025-01-02 05:25:14,2,6,5,0.1,4.0
2025-01-02 05:29:43,2,2,4,0.08,4.0
2025-01-02 05:32:03,0,5,4,0.08,3.0
2025-01-02 05:36:41,4,0,3,0.06,2.0
2025-01-02 05:39:41,0,0,2,0.04,2.0
2025-01-02 05:43:13,2,2,2,0.04,2.0
2025-01-02 05:45:17,2,3,2,0.04,3.0
2025-01-02 05:45:54,3,5,3,0.06,4.0
2025-01-02 05:49:27,3,6,4,0.08,5.0
2025-01-02 05:53:11,0,7,5,0.1,6.0
2025-01-02 05:56:55,2,7,6,0.12,4.0
2025-01-02 05:59:59,2,0,4,0.08,3.0
2025-01-02 06:02:01,0,0,3,0.06,2.0
2025-01-02 06:05:10,4,0,2,0.04,3.0
2025-01-02 06:06:40,0,6,3,0.06,2.0
2025-01-02 06:09:11,1,1,2,0.04,2.0
2025-01-02 06:10:31,3,1,2,0.04,4.0
2025-01-02 06:11:05,0,7,4,0.08,5.0
2025-01-02 06:13:06,1,6,5,0.1,5.0
2025-01-02 06:16:25,3,5,5,0.1,6.0
2025-01-02 06:17:16,1,7,6,0.12,5.0
2025-01-02 06:17:46,4,2,5,0.1,4.0
2025-01-02 06:20:28,4,0,4,0.08,4.0
2025-01-02 06:24:50,2,4,4,0.08,3.0
2025-01-02 06:25:31,2,2,3,0.06,3.0
2025-01-02 06:26:46,1,3,3,0.06,4.0
2025-01-02 06:27:49,0,6,4,0.08,3.0
2025-01-02 06:29:36,0,2,3,0.06,4.0
2025-01-02 06:33:43,0,7,4,0.08,3.0
2025-01-02 06:35:25,2,0,3,0.06,3.0
2025-01-02 06:40:03,1,2,3,0.06,4.0
2025-01-02 06:41:19,2,6,4,0.08,3.0
2025-01-02 06:43:49,0,2,3,0.06,2.0
2025-01-02 06:47:52,4,1,2,0.04,2.0
2025-01-02 06:52:20,2,2,2,0.04,3.0
2025-01-02 06:53:45,0,4,3,0.06,4.0
2025-01-02 06:56:01,1,6,4,0.08,3.0
2025-01-02 06:57:18,3,0,3,0.06,3.0
2025-01-02 06:58:48,3,2,3,0.06,3.0
2025-01-02 06:59:43,3,2,3,0.06,3.0
2025-01-02 07:04:29,2,4,3,0.06,4.0
2025-01-02 07:05:06,2,5,4,0.08,4.0
2025-01-02 07:07:28,1,3,4,0.08,4.0
2025-01-02 07:12:10,2,3,4,0.08,5.0
2025-01-02 07:15:39,2,7,5,0.1,5.0
2025-01-02 07:19:35,1,6,5,0.1,4.0
2025-01-02 07:22:11,1,0,4,0.08,3.0
2025-01-02 07:23:36,2,0,3,0.06,4.0
2025-01-02 07:27:39,4,6,4,0.08,4.0
2025-01-02 07:28:22,3,4,4,0.08,3.0
2025-01-02 07:29:19,1,1,3,0.06,4.0
2025-01-02 07:31:06,4,7,4,0.08,3.0
2025-01-02 07:35:11,1,0,3,0.06,2.0
2025-01-02 07:38:14,0,0,2,0.04,1.0
2025-01-02 07:38:57,0,0,1,0.02,2.0
2025-01-02 07:42:33,3,6,2,0.04,2.0
2025-01-02 07:43:09,4,3,2,0.04,4.0
2025-01-02 07:43:41,3,7,4,0.08,5.0
2025-01-02 07:46:01,1,7,5,0.1,5.0
2025-01-02 07:50:28,3,5,5,0.1,4.0
2025-01-02 07:54:56,1,1,4,0.08,5.0
2025-01-02 07:59:12,0,7,5,0.1,5.0
2025-01-02 07:59:56,0,4,5,0.1,8.0
2025-01-02 08:03:37,3,14,8,0.16,11.0
2025-01-02 08:06:05,3,19,11,0.22,13.0
2025-01-02 08:07:02,1,19,13,0.26,12.0
2025-01-02 08:10:53,3,9,12,0.24,12.0
2025-01-02 08:12:01,2,11,12,0.24,10.0
2025-01-02 08:16:21,1,7,10,0.2,11.0
2025-01-02 08:18:16,2,13,11,0.22,11.0
2025-01-02 08:20:51,1,11,11,0.22,13.0
2025-01-02 08:21:45,4,19,13,0.26,14.0
2025-01-02 08:24:39,2,18,14,0.28,15.0
2025-01-02 08:25:21,4,17,15,0.3,14.0
2025-01-02 08:29:22,2,12,14,0.28,13.0
2025-01-02 08:30:16,4,12,13,0.26,13.0
2025-01-02 08:31:53,2,14,13,0.26,14.0
2025-01-02 08:33:29,4,15,14,0.28,14.0
2025-01-02 08:37:51,2,15,14,0.28,15.0
2025-01-02 08:40:09,1,18,15,0.3,16.0
2025-01-02 08:43:04,3,17,16,0.32,13.0
2025-01-02 08:45:24,2,6,13,0.26,12.0
2025-01-02 08:49:41,1,11,12,0.24,10.0
2025-01-02 08:52:01,2,6,10,0.2,12.0
2025-01-02 08:53:04,1,17,12,0.24,12.0
2025-01-02 08:55:24,4,11,12,0.24,13.0
2025-01-02 09:00:17,4,17,13,0.26,12.0
2025-01-02 09:04:42,1,10,12,0.24,13.0
2025-01-02 09:06:34,4,15,13,0.26,13.0
2025-01-02 09:07:45,4,14,13,0.26,14.0
2025-01-02 09:09:55,1,18,14,0.28,13.0
2025-01-02 09:10:30,2,11,13,0.26,12.0
2025-01-02 09:13:59,1,9,12,0.24,14.0
2025-01-02 09:18:14,0,19,14,0.28,12.0
2025-01-02 09:22:32,1,9,12,0.24,13.0
2025-01-02 09:25:31,2,15,13,0.26,13.0
2025-01-02 09:29:18,0,12,13,0.26,13.0
2025-01-02 09:30:57,0,13,13,0.26,13.0
2025-01-02 09:33:18,1,13,13,0.26,13.0
2025-01-02 09:33:51,2,13,13,0.26,14.0
2025-01-02 09:35:55,4,15,14,0.28,13.0
2025-01-02 09:38:56,4,11,13,0.26,14.0
2025-01-02 09:41:42,1,16,14,0.28,16.0
2025-01-02 09:46:18,2,19,16,0.32,13.0
2025-01-02 09:50:50,1,7,13,0.26,14.0
2025-01-02 09:51:50,3,18,14,0.28,12.0
2025-01-02 09:52:59,0,6,12,0.24,13.0
2025-01-02 09:57:17,0,16,13,0.26,12.0
2025-01-02 09:58:22,3,10,12,0.24,12.0
2025-01-02 10:02:34,1,11,12,0.24,13.0
2025-01-02 10:03:09,4,15,13,0.26,12.0
2025-01-02 10:07:18,0,11,12,0.24,13.0
2025-01-02 10:09:02,0,15,13,0.26,14.0
2025-01-02 10:09:35,1,18,14,0.28,12.0
2025-01-02 10:12:18,3,8,12,0.24,13.0
2025-01-02 10:14:45,0,14,13,0.26,11.0
2025-01-02 10:16:48,0,6,11,0.22,11.0
2025-01-02 10:18:19,4,12,11,0.22,11.0
2025-01-02 10:22:02,4,10,11,0.22,13.0
2025-01-02 10:25:54,4,19,13,0.26,11.0
2025-01-02 10:26:49,4,7,11,0.22,10.0
2025-01-02 10:30:11,2,7,10,0.2,12.0
2025-01-02 10:32:53,2,18,12,0.24,14.0
2025-01-02 10:35:20,2,18,14,0.28,12.0
2025-01-02 10:39:21,2,9,12,0.24,10.0
2025-01-02 10:43:35,0,7,10,0.2,10.0
2025-01-02 10:44:24,2,11,10,0.2,11.0
2025-01-02 10:46:46,3,14,11,0.22,10.0
2025-01-02 10:49:35,1,9,10,0.2,11.0
2025-01-02 10:50:51,1,12,11,0.22,12.0
2025-01-02 10:51:21,4,16,12,0.24,12.0
2025-01-02 10:53:20,3,12,12,0.24,12.0
2025-01-02 10:56:11,0,13,12,0.24,14.0
2025-01-02 10:57:18,3,18,14,0.28,12.0
2025-01-02 11:00:06,3,8,12,0.24,13.0
2025-01-02 11:04:54,0,15,13,0.26,11.0
2025-01-02 11:08:04,1,6,11,0.22,11.0
2025-01-02 11:11:31,4,12,11,0.22,10.0
2025-01-02 11:12:10,0,7,10,0.2,9.0
2025-01-02 11:17:00,4,8,9,0.18,12.0
2025-01-02 11:19:47,3,19,12,0.24,14.0
2025-01-02 11:23:08,2,19,14,0.28,13.0
2025-01-02 11:23:50,4,11,13,0.26,13.0
2025-01-02 11:27:07,0,14,13,0.26,12.0
2025-01-02 11:29:46,4,8,12,0.24,11.0
2025-01-02 11:31:39,3,9,11,0.22,10.0
2025-01-02 11:33:49,2,7,10,0.2,12.0
2025-01-02 11:38:43,2,18,12,0.24,11.0
2025-01-02 11:39:50,4,9,11,0.22,12.0
2025-01-02 11:41:53,0,14,12,0.24,12.0
2025-01-02 11:43:57,4,12,12,0.24,11.0
2025-01-02 11:45:35,2,8,11,0.22,12.0
2025-01-02 11:50:00,0,14,12,0.24,13.0
2025-01-02 11:52:46,4,17,13,0.26,14.0
2025-01-02 11:54:31,3,16,14,0.28,15.0
2025-01-02 11:55:35,0,16,15,0.3,16.0
2025-01-02 11:56:05,1,18,16,0.32,14.0
2025-01-02 11:57:34,1,10,14,0.28,12.0
2025-01-02 12:02:30,3,6,12,0.24,9.0
2025-01-02 12:06:48,1,1,9,0.18,7.0
2025-01-02 12:11:47,4,3,7,0.14,6.0
2025-01-02 12:15:49,0,3,6,0.12,6.0
2025-01-02 12:19:03,0,6,6,0.12,6.0
2025-01-02 12:19:37,1,6,6,0.12,6.0
2025-01-02 12:21:24,3,7,6,0.12,5.0
2025-01-02 12:22:55,3,3,5,0.1,6.0
2025-01-02 12:25:36,4,7,6,0.12,6.0
2025-01-02 12:27:34,2,7,6,0.12,6.0
2025-01-02 12:32:00,2,6,6,0.12,5.0
2025-01-02 12:33:11,4,2,5,0.1,4.0
2025-01-02 12:35:09,2,3,4,0.08,5.0
2025-01-02 12:37:22,3,7,5,0.1,6.0
2025-01-02 12:38:05,1,7,6,0.12,5.0
2025-01-02 12:41:33,1,2,5,0.1,5.0
2025-01-02 12:44:07,0,4,5,0.1,5.0
2025-01-02 12:44:59,4,5,5,0.1,5.0
2025-01-02 12:46:31,4,4,5,0.1,4.0
2025-01-02 12:49:23,1,2,4,0.08,4.0
2025-01-02 12:52:25,2,5,4,0.08,3.0
2025-01-02 12:55:19,4,0,3,0.06,3.0
2025-01-02 12:59:33,0,3,3,0.06,2.0
2025-01-02 13:01:46,0,1,2,0.04,2.0
2025-01-02 13:03:59,3,2,2,0.04,4.0
2025-01-02 13:05:07,2,7,4,0.08,4.0
2025-01-02 13:08:54,4,5,4,0.08,5.0
2025-01-02 13:11:37,4,6,5,0.1,4.0
2025-01-02 13:13:13,4,0,4,0.08,4.0
2025-01-02 13:16:41,1,4,4,0.08,3.0
2025-01-02 13:17:52,2,1,3,0.06,4.0
2025-01-02 13:18:36,2,6,4,0.08,3.0
2025-01-02 13:20:56,0,1,3,0.06,2.0
2025-01-02 13:24:02,2,1,2,0.04,2.0
2025-01-02 13:28:22,4,3,2,0.04,3.0
2025-01-02 13:31:28,3,5,3,0.06,3.0
2025-01-02 13:32:35,4,3,3,0.06,2.0
2025-01-02 13:34:41,0,1,2,0.04,2.0
2025-01-02 13:39:24,0,3,2,0.04,3.0
2025-01-02 13:43:09,2,5,3,0.06,3.0
2025-01-02 13:45:04,2,3,3,0.06,4.0
2025-01-02 13:45:43,1,5,4,0.08,4.0
2025-01-02 13:46:17,2,3,4,0.08,4.0
2025-01-02 13:48:49,2,5,4,0.08,4.0
2025-01-02 13:51:16,1,5,4,0.08,3.0
2025-01-02 13:54:24,0,0,3,0.06,3.0
2025-01-02 13:58:41,1,3,3,0.06,4.0
2025-01-02 14:02:46,3,6,4,0.08,5.0
2025-01-02 14:06:19,0,6,5,0.1,4.0
2025-01-02 14:07:03,4,1,4,0.08,3.0
2025-01-02 14:10:09,1,1,3,0.06,4.0
2025-01-02 14:12:54,4,6,4,0.08,3.0
2025-01-02 14:17:44,2,2,3,0.06,3.0
2025-01-02 14:20:50,0,2,3,0.06,2.0
2025-01-02 14:22:06,4,1,2,0.04,3.0
2025-01-02 14:25:28,0,5,3,0.06,3.0
2025-01-02 14:28:07,0,4,3,0.06,2.0
2025-01-02 14:30:11,0,0,2,0.04,3.0
2025-01-02 14:32:35,3,4,3,0.06,2.0
2025-01-02 14:37:07,2,0,2,0.04,2.0
2025-01-02 14:38:45,3,1,2,0.04,2.0
2025-01-02 14:41:42,4,3,2,0.04,2.0
2025-01-02 14:42:22,4,3,2,0.04,3.0
2025-01-02 14:47:05,2,4,3,0.06,2.0
2025-01-02 14:48:12,3,0,2,0.04,1.0
2025-01-02 14:50:55,0,0,1,0.02,1.0
2025-01-02 14:54:44,4,0,1,0.02,1.0
2025-01-02 14:55:36,3,0,1,0.02,2.0
2025-01-02 14:59:43,3,4,2,0.04,3.0
2025-01-02 15:02:33,1,4,3,0.06,2.0
2025-01-02 15:04:46,1,1,2,0.04,2.0
2025-01-02 15:08:45,4,1,2,0.04,1.0
2025-01-02 15:11:05,2,0,1,0.02,2.0
2025-01-02 15:13:18,2,6,2,0.04,2.0
2025-01-02 15:16:38,0,1,2,0.04,2.0
2025-01-02 15:19:20,0,3,2,0.04,2.0
2025-01-02 15:21:56,2,3,2,0.04,1.0
2025-01-02 15:24:11,0,0,1,0.02,2.0
2025-01-02 15:26:12,2,5,2,0.04,1.0
2025-01-02 15:27:32,3,0,1,0.02,2.0
2025-01-02 15:28:30,0,6,2,0.04,2.0
2025-01-02 15:32:33,1,3,2,0.04,1.0
2025-01-02 15:37:29,3,0,1,0.02,2.0
2025-01-02 15:42:15,2,6,2,0.04,2.0
2025-01-02 15:44:25,0,1,2,0.04,3.0
2025-01-02 15:46:44,3,5,3,0.06,4.0
2025-01-02 15:50:15,0,6,4,0.08,4.0
2025-01-02 15:50:45,0,3,4,0.08,3.0
2025-01-02 15:52:09,1,1,3,0.06,2.0
2025-01-02 15:55:07,0,0,2,0.04,3.0
2025-01-02 15:57:53,0,4,3,0.06,4.0
2025-01-02 16:01:44,0,6,4,0.08,4.0
2025-01-02 16:04:10,1,5,4,0.08,4.0
2025-01-02 16:07:13,0,5,4,0.08,3.0
2025-01-02 16:08:45,0,2,3,0.06,4.0
2025-01-02 16:13:18,4,7,4,0.08,4.0
2025-01-02 16:14:12,1,3,4,0.08,4.0
2025-01-02 16:16:11,2,5,4,0.08,5.0
2025-01-02 16:17:55,3,6,5,0.1,4.0
2025-01-02 16:21:54,1,2,4,0.08,4.0
2025-01-02 16:22:40,4,5,4,0.08,5.0
2025-01-02 16:25:17,1,7,5,0.1,4.0
2025-01-02 16:29:57,2,2,4,0.08,3.0
2025-01-02 16:33:25,0,1,3,0.06,2.0
2025-01-02 16:36:56,4,1,2,0.04,2.0
2025-01-02 16:39:57,3,1,2,0.04,4.0
2025-01-02 16:40:51,0,7,4,0.08,4.0
2025-01-02 16:44:20,1,3,4,0.08,3.0
2025-01-02 16:48:07,3,0,3,0.06,4.0
2025-01-02 16:51:17,3,6,4,0.08,3.0
2025-01-02 16:54:43,0,0,3,0.06,4.0
2025-01-02 16:56:15,2,7,4,0.08,4.0
2025-01-02 16:59:14,0,5,4,0.08,5.0
2025-01-02 17:02:17,4,7,5,0.1,9.0
2025-01-02 17:05:22,2,19,9,0.18,10.0
2025-01-02 17:06:40,4,14,10,0.2,9.0
2025-01-02 17:08:33,1,8,9,0.18,10.0
2025-01-02 17:11:59,4,13,10,0.2,11.0
2025-01-02 17:14:56,0,14,11,0.22,12.0
2025-01-02 17:17:23,2,15,12,0.24,11.0
2025-01-02 17:18:55,1,10,11,0.22,10.0
2025-01-02 17:22:33,3,8,10,0.2,10.0
2025-01-02 17:23:51,2,9,10,0.2,11.0
2025-01-02 17:28:37,0,14,11,0.22,13.0
2025-01-02 17:32:50,0,17,13,0.26,13.0
2025-01-02 17:35:40,2,14,13,0.26,12.0
2025-01-02 17:39:44,2,11,12,0.24,10.0
2025-01-02 17:43:44,2,6,10,0.2,12.0
2025-01-02 17:44:45,3,18,12,0.24,12.0
2025-01-02 17:47:52,4,11,12,0.24,11.0
2025-01-02 17:50:45,0,10,11,0.22,10.0
2025-01-02 17:51:33,4,6,10,0.2,10.0
2025-01-02 17:52:20,1,10,10,0.2,9.0
2025-01-02 17:57:06,3,7,9,0.18,12.0
2025-01-02 17:58:53,2,18,12,0.24,14.0
2025-01-02 18:02:17,1,19,14,0.28,14.0
2025-01-02 18:06:00,4,14,14,0.28,12.0
2025-01-02 18:08:22,2,8,12,0.24,12.0
2025-01-02 18:10:45,2,12,12,0.24,10.0
2025-01-02 18:14:56,1,6,10,0.2,12.0
2025-01-02 18:18:11,1,16,12,0.24,12.0
2025-01-02 18:20:52,3,12,12,0.24,10.0
2025-01-02 18:25:45,1,6,10,0.2,11.0
2025-01-02 18:27:09,1,12,11,0.22,12.0
2025-01-02 18:29:49,2,16,12,0.24,12.0
2025-01-02 18:34:44,0,11,12,0.24,13.0
2025-01-02 18:37:55,4,15,13,0.26,15.0
2025-01-02 18:39:51,2,19,15,0.3,13.0
2025-01-02 18:41:15,3,8,13,0.26,12.0
2025-01-02 18:44:42,0,11,12,0.24,13.0
2025-01-02 18:45:19,1,15,13,0.26,11.0
2025-01-02 18:49:55,2,7,11,0.22,10.0
2025-01-02 18:54:39,1,6,10,0.2,13.0
2025-01-02 18:56:02,4,19,13,0.26,13.0
2025-01-02 19:00:40,3,12,13,0.26,14.0
2025-01-02 19:05:08,1,17,14,0.28,15.0
2025-01-02 19:09:26,3,16,15,0.3,16.0
2025-01-02 19:11:02,3,17,16,0.32,14.0
2025-01-02 19:12:22,1,9,14,0.28,16.0
2025-01-02 19:14:28,0,19,16,0.32,13.0
2025-01-02 19:16:29,2,6,13,0.26,12.0
2025-01-02 19:21:22,4,11,12,0.24,13.0
2025-01-02 19:23:27,4,14,13,0.26,13.0
2025-01-02 19:25:24,0,14,13,0.26,14.0
2025-01-02 19:27:11,3,16,14,0.28,12.0
2025-01-02 19:29:40,0,8,12,0.24,14.0
2025-01-02 19:32:54,3,19,14,0.28,16.0
2025-01-02 19:36:25,3,19,16,0.32,14.0
2025-01-02 19:40:37,3,11,14,0.28,15.0
2025-01-02 19:41:13,0,18,15,0.3,13.0
2025-01-02 19:46:05,2,7,13,0.26,14.0
2025-01-02 19:49:15,2,18,14,0.28,14.0
2025-01-02 19:52:15,3,15,14,0.28,12.0
2025-01-02 19:54:09,2,7,12,0.24,12.0
2025-01-02 19:57:05,1,13,12,0.24,12.0
2025-01-02 19:59:26,0,13,12,0.24,13.0
2025-01-02 20:00:31,0,15,13,0.26,12.0
2025-01-02 20:04:08,1,11,12,0.24,13.0
2025-01-02 20:05:59,0,14,13,0.26,14.0
2025-01-02 20:06:30,4,15,14,0.28,12.0
2025-01-02 20:10:16,3,9,12,0.24,13.0
2025-01-02 20:10:56,0,17,13,0.26,13.0
2025-01-02 20:15:19,3,13,13,0.26,13.0
2025-01-02 20:19:03,0,12,13,0.26,14.0
2025-01-02 20:21:31,1,18,14,0.28,13.0
2025-01-02 20:22:20,1,12,13,0.26,11.0
2025-01-02 20:27:10,0,6,11,0.22,11.0
2025-01-02 20:31:55,4,12,11,0.22,10.0
2025-01-02 20:36:06,4,9,10,0.2,12.0
2025-01-02 20:40:21,1,15,12,0.24,12.0
2025-01-02 20:41:43,3,11,12,0.24,13.0
2025-01-02 20:43:33,0,15,13,0.26,11.0
2025-01-02 20:47:24,2,7,11,0.22,10.0
2025-01-02 20:50:31,3,9,10,0.2,12.0
2025-01-02 20:53:00,2,17,12,0.24,14.0
2025-01-02 20:54:28,0,18,14,0.28,15.0
2025-01-02 20:58:32,1,17,15,0.3,14.0
2025-01-02 21:01:09,0,13,14,0.28,12.0
2025-01-02 21:05:22,0,7,12,0.24,12.0
2025-01-02 21:09:20,0,12,12,0.24,12.0
2025-01-02 21:11:44,1,11,12,0.24,12.0
2025-01-02 21:15:42,1,13,12,0.24,13.0
2025-01-02 21:16:25,3,14,13,0.26,13.0
2025-01-02 21:17:03,1,13,13,0.26,13.0
2025-01-02 21:18:12,2,13,13,0.26,12.0
2025-01-02 21:22:38,0,8,12,0.24,14.0
2025-01-02 21:26:28,0,18,14,0.28,14.0
2025-01-02 21:31:03,3,14,14,0.28,15.0
2025-01-02 21:35:27,4,17,15,0.3,14.0
2025-01-02 21:36:00,4,13,14,0.28,15.0
2025-01-02 21:39:03,4,18,15,0.3,16.0
2025-01-02 21:40:01,0,18,16,0.32,15.0
2025-01-02 21:42:19,2,14,15,0.3,13.0
2025-01-02 21:44:26,1,8,13,0.26,11.0
2025-01-02 21:48:30,4,6,11,0.22,12.0
2025-01-02 21:50:14,1,13,12,0.24,13.0
2025-01-02 21:53:09,0,17,13,0.26,13.0
2025-01-02 21:55:46,2,12,13,0.26,13.0
2025-01-02 21:56:57,0,14,13,0.26,13.0
2025-01-02 21:58:07,0,12,13,0.26,13.0
2025-01-02 21:59:10,3,14,13,0.26,14.0
2025-01-02 21:59:56,0,16,14,0.28,11.0
2025-01-02 22:03:10,3,5,11,0.22,10.0
2025-01-02 22:06:12,1,7,10,0.2,7.0
2025-01-02 22:07:57,3,0,7,0.14,6.0
2025-01-02 22:09:53,1,4,6,0.12,5.0
2025-01-02 22:12:19,0,2,5,0.1,4.0
2025-01-02 22:13:15,3,0,4,0.08,5.0
2025-01-02 22:15:58,2,7,5,0.1,5.0
2025-01-02 22:20:06,1,4,5,0.1,5.0
2025-01-02 22:23:23,2,5,5,0.1,4.0
2025-01-02 22:25:30,3,0,4,0.08,4.0
2025-01-02 22:30:27,3,4,4,0.08,3.0
2025-01-02 22:34:53,2,1,3,0.06,3.0
2025-01-02 22:38:15,3,3,3,0.06,4.0
2025-01-02 22:41:54,0,7,4,0.08,4.0
2025-01-02 22:44:25,4,3,4,0.08,3.0
2025-01-02 22:45:40,1,2,3,0.06,4.0
2025-01-02 22:47:13,3,7,4,0.08,4.0
2025-01-02 22:49:52,1,4,4,0.08,4.0
2025-01-02 22:53:34,4,5,4,0.08,4.0
2025-01-02 22:57:04,3,5,4,0.08,4.0
2025-01-02 22:58:02,2,3,4,0.08,3.0
2025-01-02 23:01:00,4,0,3,0.06,2.0
2025-01-02 23:05:56,0,0,2,0.04,3.0
2025-01-02 23:06:36,1,5,3,0.06,4.0
2025-01-02 23:09:49,1,7,4,0.08,4.0
2025-01-02 23:12:11,4,5,4,0.08,3.0
2025-01-02 23:15:47,2,0,3,0.06,4.0
2025-01-02 23:20:08,0,6,4,0.08,3.0
2025-01-02 23:24:24,0,1,3,0.06,3.0
2025-01-02 23:26:31,3,3,3,0.06,3.0
2025-01-02 23:27:55,4,2,3,0.06,2.0
2025-01-02 23:30:15,3,0,2,0.04,3.0
2025-01-02 23:33:16,3,4,3,0.06,3.0
2025-01-02 23:37:51,4,4,3,0.06,3.0
2025-01-02 23:39:29,1,3,3,0.06,3.0
2025-01-02 23:44:08,0,4,3,0.06,4.0
2025-01-02 23:45:13,3,5,4,0.08,4.0
2025-01-02 23:49:41,1,5,4,0.08,4.0
2025-01-02 23:52:38,2,3,4,0.08,3.0
2025-01-02 23:56:54,2,0,3,0.06,4.0
2025-01-03 00:01:27,4,5,4,0.08,4.0
2025-01-03 00:05:17,4,5,4,0.08,3.0
2025-01-03 00:08:20,2,2,3,0.06,3.0
2025-01-03 00:10:02,1,4,3,0.06,4.0
2025-01-03 00:13:52,0,7,4,0.08,4.0
2025-01-03 00:14:38,2,3,4,0.08,3.0
2025-01-03 00:17:16,3,0,3,0.06,4.0
2025-01-03 00:21:22,3,5,4,0.08,3.0
2025-01-03 00:22:52,1,2,3,0.06,2.0
2025-01-03 00:25:05,0,1,2,0.04,3.0
2025-01-03 00:26:16,0,5,3,0.06,3.0
2025-01-03 00:27:10,1,4,3,0.06,2.0
2025-01-03 00:28:18,4,0,2,0.04,3.0
2025-01-03 00:30:58,3,5,3,0.06,2.0
2025-01-03 00:35:16,4,0,2,0.04,2.0
2025-01-03 00:37:33,3,1,2,0.04,1.0
2025-01-03 00:40:54,1,0,1,0.02,2.0
2025-01-03 00:43:05,3,6,2,0.04,2.0
2025-01-03 00:43:46,1,2,2,0.04,2.0
2025-01-03 00:45:56,0,2,2,0.04,3.0
2025-01-03 00:47:09,4,6,3,0.06,2.0
2025-01-03 00:47:55,1,0,2,0.04,2.0
2025-01-03 00:49:21,2,2,2,0.04,2.0
2025-01-03 00:50:02,0,3,2,0.04,1.0
2025-01-03 00:51:51,1,0,1,0.02,3.0
2025-01-03 00:55:56,2,7,3,0.06,2.0
2025-01-03 01:00:49,1,1,2,0.04,3.0
2025-01-03 01:03:47,2,5,3,0.06,2.0
2025-01-03 01:05:37,2,1,2,0.04,2.0
2025-01-03 01:09:41,4,1,2,0.04,4.0
2025-01-03 01:13:28,1,7,4,0.08,5.0
2025-01-03 01:17:17,1,7,5,0.1,5.0
2025-01-03 01:18:11,4,6,5,0.1,4.0
2025-01-03 01:20:09,2,0,4,0.08,5.0
2025-01-03 01:25:06,3,6,5,0.1,5.0
2025-01-03 01:27:58,0,4,5,0.1,4.0
2025-01-03 01:29:26,0,1,4,0.08,4.0
2025-01-03 01:30:21,1,4,4,0.08,3.0
2025-01-03 01:31:37,3,0,3,0.06,3.0
2025-01-03 01:36:32,2,2,3,0.06,3.0
2025-01-03 01:37:17,1,4,3,0.06,2.0
2025-01-03 01:41:05,2,1,2,0.04,1.0
2025-01-03 01:43:00,1,0,1,0.02,2.0
2025-01-03 01:47:39,3,3,2,0.04,2.0
2025-01-03 01:52:38,1,1,2,0.04,2.0
2025-01-03 01:55:04,4,2,2,0.04,2.0
2025-01-03 01:55:40,4,2,2,0.04,4.0
2025-01-03 01:58:26,3,7,4,0.08,4.0
2025-01-03 02:01:51,2,4,4,0.08,3.0
2025-01-03 02:05:55,4,1,3,0.06,3.0
2025-01-03 02:07:46,3,2,3,0.06,4.0
2025-01-03 02:11:58,4,5,4,0.08,4.0
2025-01-03 02:14:10,3,3,4,0.08,3.0
2025-01-03 02:14:53,4,0,3,0.06,3.0
2025-01-03 02:18:01,4,2,3,0.06,3.0
2025-01-03 02:21:02,3,4,3,0.06,3.0
2025-01-03 02:23:19,3,3,3,0.06,3.0
2025-01-03 02:26:56,2,3,3,0.06,2.0
2025-01-03 02:29:03,0,1,2,0.04,3.0
2025-01-03 02:31:43,3,6,3,0.06,4.0
2025-01-03 02:35:03,3,7,4,0.08,3.0
2025-01-03 02:38:35,3,0,3,0.06,2.0
2025-01-03 02:39:43,4,1,2,0.04,1.0
2025-01-03 02:40:27,2,0,1,0.02,2.0
2025-01-03 02:41:00,0,6,2,0.04,2.0
2025-01-03 02:44:59,2,1,2,0.04,3.0
2025-01-03 02:48:09,3,4,3,0.06,2.0
2025-01-03 02:48:54,2,0,2,0.04,1.0
2025-01-03 02:51:11,4,0,1,0.02,1.0
2025-01-03 02:55:27,2,0,1,0.02,1.0
2025-01-03 02:58:46,2,1,1,0.02,1.0
2025-01-03 02:59:49,4,0,1,0.02,2.0
2025-01-03 03:04:29,3,6,2,0.04,2.0
2025-01-03 03:09:05,4,3,2,0.04,1.0
2025-01-03 03:14:03,4,0,1,0.02,1.0
2025-01-03 03:16:53,2,0,1,0.02,2.0
2025-01-03 03:18:58,1,5,2,0.04,1.0
2025-01-03 03:23:14,3,0,1,0.02,2.0
2025-01-03 03:24:22,1,3,2,0.04,1.0
2025-01-03 03:25:20,1,0,1,0.02,2.0
2025-01-03 03:29:54,2,6,2,0.04,2.0
2025-01-03 03:34:19,2,1,2,0.04,2.0
2025-01-03 03:37:53,2,3,2,0.04,1.0
2025-01-03 03:42:18,0,0,1,0.02,1.0
2025-01-03 03:46:46,0,0,1,0.02,2.0
2025-01-03 03:51:41,2,4,2,0.04,4.0
2025-01-03 03:53:15,0,7,4,0.08,4.0
2025-01-03 03:56:41,1,5,4,0.08,3.0
2025-01-03 03:57:13,4,1,3,0.06,4.0
2025-01-03 04:00:04,2,7,4,0.08,3.0
2025-01-03 04:03:11,2,2,3,0.06,4.0
2025-01-03 04:06:06,4,5,4,0.08,3.0
2025-01-03 04:09:08,2,2,3,0.06,4.0
2025-01-03 04:12:50,0,7,4,0.08,5.0
2025-01-03 04:14:32,2,7,5,0.1,5.0
2025-01-03 04:17:21,0,5,5,0.1,4.0
2025-01-03 04:20:57,2,0,4,0.08,3.0
2025-01-03 04:22:27,3,1,3,0.06,4.0
2025-01-03 04:26:14,1,7,4,0.08,3.0
2025-01-03 04:26:54,2,2,3,0.06,4.0
2025-01-03 04:28:25,1,7,4,0.08,3.0
2025-01-03 04:32:40,0,2,3,0.06,3.0
2025-01-03 04:35:42,2,4,3,0.06,3.0
2025-01-03 04:39:30,1,2,3,0.06,4.0
2025-01-03 04:40:51,0,7,4,0.08,3.0
2025-01-03 04:45:40,1,1,3,0.06,3.0
2025-01-03 04:47:08,0,2,3,0.06,4.0
2025-01-03 04:48:49,2,5,4,0.08,4.0
2025-01-03 04:51:46,2,5,4,0.08,3.0
2025-01-03 04:53:18,2,2,3,0.06,4.0
2025-01-03 04:57:50,4,7,4,0.08,4.0
2025-01-03 05:00:06,0,3,4,0.08,5.0
2025-01-03 05:04:21,4,6,5,0.1,4.0
2025-01-03 05:08:28,3,3,4,0.08,5.0
2025-01-03 05:12:58,3,7,5,0.1,5.0
2025-01-03 05:17:46,0,4,5,0.1,4.0
2025-01-03 05:22:37,3,1,4,0.08,5.0
2025-01-03 05:23:11,1,7,5,0.1,4.0
2025-01-03 05:28:01,2,1,4,0.08,3.0
2025-01-03 05:29:24,2,1,3,0.06,2.0
2025-01-03 05:30:40,0,0,2,0.04,3.0
2025-01-03 05:34:44,2,5,3,0.06,2.0
2025-01-03 05:38:10,3,0,2,0.04,1.0
2025-01-03 05:38:48,2,0,1,0.02,2.0
2025-01-03 05:40:56,3,6,2,0.04,2.0
2025-01-03 05:41:45,1,1,2,0.04,2.0
2025-01-03 05:46:15,2,1,2,0.04,2.0
2025-01-03 05:47:45,0,1,2,0.04,2.0
2025-01-03 05:51:12,4,1,2,0.04,3.0
2025-01-03 05:52:43,4,5,3,0.06,2.0
2025-01-03 05:55:37,1,1,2,0.04,3.0
2025-01-03 05:59:42,1,4,3,0.06,4.0
2025-01-03 06:00:14,3,5,4,0.08,5.0
2025-01-03 06:03:23,4,6,5,0.1,4.0
2025-01-03 06:07:39,4,2,4,0.08,3.0
2025-01-03 06:12:37,3,0,3,0.06,3.0
2025-01-03 06:15:06,1,2,3,0.06,4.0
2025-01-03 06:17:04,0,6,4,0.08,3.0
2025-01-03 06:18:41,3,0,3,0.06,3.0
2025-01-03 06:20:48,0,2,3,0.06,4.0
2025-01-03 06:25:44,2,7,4,0.08,3.0
2025-01-03 06:27:58,0,2,3,0.06,3.0
2025-01-03 06:30:30,3,2,3,0.06,2.0
2025-01-03 06:31:28,3,0,2,0.04,2.0
2025-01-03 06:34:14,2,3,2,0.04,2.0
2025-01-03 06:37:58,0,2,2,0.04,3.0
2025-01-03 06:42:13,1,5,3,0.06,4.0
2025-01-03 06:45:32,0,7,4,0.08,5.0
2025-01-03 06:46:10,3,7,5,0.1,5.0
2025-01-03 06:47:19,2,5,5,0.1,4.0
2025-01-03 06:48:13,4,3,4,0.08,4.0
2025-01-03 06:53:03,3,4,4,0.08,4.0
2025-01-03 06:57:18,1,5,4,0.08,5.0
2025-01-03 06:59:51,1,6,5,0.1,4.0
2025-01-03 07:00:58,0,0,4,0.08,5.0
2025-01-03 07:05:38,0,6,5,0.1,4.0
2025-01-03 07:09:03,1,2,4,0.08,4.0
2025-01-03 07:11:02,4,3,4,0.08,3.0
2025-01-03 07:12:08,1,1,3,0.06,2.0
2025-01-03 07:15:33,0,1,2,0.04,2.0
2025-01-03 07:17:23,3,2,2,0.04,1.0
2025-01-03 07:19:46,2,0,1,0.02,3.0
2025-01-03 07:20:55,1,7,3,0.06,3.0
2025-01-03 07:25:08,0,2,3,0.06,4.0
2025-01-03 07:27:32,1,6,4,0.08,5.0
2025-01-03 07:31:07,0,6,5,0.1,4.0
2025-01-03 07:32:32,1,3,4,0.08,3.0
2025-01-03 07:33:41,0,2,3,0.06,4.0
2025-01-03 07:34:50,4,7,4,0.08,3.0
2025-01-03 07:39:16,2,2,3,0.06,2.0
2025-01-03 07:44:07,2,1,2,0.04,1.0
2025-01-03 07:48:12,4,0,1,0.02,2.0
2025-01-03 07:51:08,4,3,2,0.04,1.0
2025-01-03 07:54:25,1,0,1,0.02,1.0
2025-01-03 07:56:26,2,0,1,0.02,1.0
2025-01-03 07:57:54,3,1,1,0.02,2.0
2025-01-03 07:59:22,0,3,2,0.04,5.0
2025-01-03 08:02:40,2,11,5,0.1,7.0
2025-01-03 08:07:38,3,13,7,0.14,8.0
2025-01-03 08:08:52,1,10,8,0.16,11.0
2025-01-03 08:12:22,3,18,11,0.22,13.0
2025-01-03 08:15:41,0,17,13,0.26,11.0
2025-01-03 08:19:21,1,6,11,0.22,11.0
2025-01-03 08:22:25,0,11,11,0.22,12.0
2025-01-03 08:26:02,1,16,12,0.24,11.0
2025-01-03 08:26:38,0,8,11,0.22,10.0
2025-01-03 08:29:20,3,7,10,0.2,10.0
2025-01-03 08:33:44,4,11,10,0.2,12.0
2025-01-03 08:34:58,2,17,12,0.24,11.0
2025-01-03 08:39:36,3,9,11,0.22,11.0
2025-01-03 08:40:36,4,10,11,0.22,10.0
2025-01-03 08:41:28,4,9,10,0.2,10.0
2025-01-03 08:44:37,1,9,10,0.2,10.0
2025-01-03 08:47:44,0,9,10,0.2,10.0
2025-01-03 08:48:52,4,10,10,0.2,9.0
2025-01-03 08:50:43,2,8,9,0.18,8.0
2025-01-03 08:55:30,4,6,8,0.16,9.0
2025-01-03 08:59:25,4,12,9,0.18,11.0
2025-01-03 09:01:11,2,16,11,0.22,10.0
2025-01-03 09:01:52,4,9,10,0.2,12.0
2025-01-03 09:06:05,3,18,12,0.24,12.0
2025-01-03 09:06:47,4,13,12,0.24,12.0
2025-01-03 09:08:02,0,12,12,0.24,13.0
2025-01-03 09:11:06,2,16,13,0.26,15.0
2025-01-03 09:13:28,2,19,15,0.3,15.0
2025-01-03 09:17:50,0,15,15,0.3,12.0
2025-01-03 09:18:36,3,6,12,0.24,13.0
2025-01-03 09:22:48,4,15,13,0.26,15.0
2025-01-03 09:26:25,0,19,15,0.3,13.0
2025-01-03 09:29:37,1,7,13,0.26,13.0
2025-01-03 09:31:20,0,12,13,0.26,13.0
2025-01-03 09:35:42,3,13,13,0.26,11.0
2025-01-03 09:39:55,2,7,11,0.22,12.0
2025-01-03 09:41:24,4,15,12,0.24,13.0
2025-01-03 09:45:35,4,14,13,0.26,14.0
2025-01-03 09:46:41,2,17,14,0.28,14.0
2025-01-03 09:50:26,1,14,14,0.28,12.0
2025-01-03 09:54:57,1,8,12,0.24,13.0
2025-01-03 09:59:05,0,17,13,0.26,12.0
2025-01-03 10:02:46,3,9,12,0.24,12.0
2025-01-03 10:03:32,3,11,12,0.24,13.0
2025-01-03 10:04:13,1,17,13,0.26,13.0
2025-01-03 10:07:55,4,12,13,0.26,14.0
2025-01-03 10:08:46,2,15,14,0.28,16.0
2025-01-03 10:11:15,3,19,16,0.32,17.0
2025-01-03 10:15:14,2,19,17,0.34,15.0
2025-01-03 10:20:13,1,11,15,0.3,16.0
2025-01-03 10:23:54,1,17,16,0.32,14.0
2025-01-03 10:27:18,1,9,14,0.28,14.0
2025-01-03 10:31:11,0,13,14,0.28,15.0
2025-01-03 10:34:24,4,18,15,0.3,13.0
2025-01-03 10:39:04,0,9,13,0.26,12.0
2025-01-03 10:43:20,0,8,12,0.24,12.0
2025-01-03 10:43:56,3,12,12,0.24,10.0
2025-01-03 10:44:54,2,6,10,0.2,10.0
2025-01-03 10:45:56,4,9,10,0.2,13.0
2025-01-03 10:48:39,0,19,13,0.26,14.0
2025-01-03 10:50:27,4,18,14,0.28,12.0
2025-01-03 10:51:54,2,7,12,0.24,14.0
2025-01-03 10:52:49,0,19,14,0.28,15.0
2025-01-03 10:57:04,4,18,15,0.3,14.0
2025-01-03 10:57:37,2,12,14,0.28,16.0
2025-01-03 10:59:45,4,19,16,0.32,14.0
2025-01-03 11:00:53,4,10,14,0.28,13.0
2025-01-03 11:05:53,1,10,13,0.26,11.0
2025-01-03 11:08:59,3,7,11,0.22,12.0
2025-01-03 11:10:43,0,13,12,0.24,13.0
2025-01-03 11:13:22,3,16,13,0.26,14.0
2025-01-03 11:16:46,1,15,14,0.28,12.0
2025-01-03 11:18:39,3,7,12,0.24,12.0
2025-01-03 11:19:30,1,13,12,0.24,11.0
2025-01-03 11:20:26,1,9,11,0.22,13.0
2025-01-03 11:24:10,4,18,13,0.26,11.0
2025-01-03 11:28:35,1,6,11,0.22,11.0
2025-01-03 11:30:36,0,12,11,0.22,13.0
2025-01-03 11:31:26,0,17,13,0.26,11.0
2025-01-03 11:33:19,3,7,11,0.22,11.0
2025-01-03 11:38:10,3,12,11,0.22,11.0
2025-01-03 11:41:06,3,10,11,0.22,10.0
2025-01-03 11:45:52,0,9,10,0.2,10.0
2025-01-03 11:47:19,3,11,10,0.2,9.0
2025-01-03 11:48:03,4,8,9,0.18,10.0
2025-01-03 11:51:14,4,12,10,0.2,10.0
2025-01-03 11:54:26,0,9,10,0.2,10.0
2025-01-03 11:55:07,4,11,10,0.2,8.0
2025-01-03 12:00:07,2,4,8,0.16,6.0
2025-01-03 12:04:04,4,3,6,0.12,6.0
2025-01-03 12:05:00,4,6,6,0.12,5.0
2025-01-03 12:06:41,4,4,5,0.1,6.0
2025-01-03 12:08:10,0,7,6,0.12,4.0
2025-01-03 12:11:04,2,1,4,0.08,5.0
2025-01-03 12:13:06,0,6,5,0.1,4.0
2025-01-03 12:13:43,4,2,4,0.08,5.0
2025-01-03 12:15:31,2,7,5,0.1,4.0
2025-01-03 12:16:27,3,3,4,0.08,3.0
2025-01-03 12:19:50,1,1,3,0.06,3.0
2025-01-03 12:21:09,0,2,3,0.06,2.0
2025-01-03 12:24:57,4,0,2,0.04,1.0
2025-01-03 12:28:27,1,0,1,0.02,1.0
2025-01-03 12:29:20,4,0,1,0.02,2.0
2025-01-03 12:30:35,0,3,2,0.04,1.0
2025-01-03 12:31:19,1,0,1,0.02,1.0
2025-01-03 12:34:21,3,2,1,0.02,3.0
2025-01-03 12:38:32,2,7,3,0.06,4.0
2025-01-03 12:42:27,4,7,4,0.08,4.0
2025-01-03 12:46:52,2,4,4,0.08,3.0
2025-01-03 12:51:09,1,1,3,0.06,4.0
2025-01-03 12:51:47,1,5,4,0.08,4.0
2025-01-03 12:55:02,3,5,4,0.08,4.0
2025-01-03 12:59:05,4,4,4,0.08,5.0
2025-01-03 13:01:31,4,6,5,0.1,5.0
2025-01-03 13:03:12,3,6,5,0.1,5.0
2025-01-03 13:04:45,2,4,5,0.1,4.0
2025-01-03 13:08:39,3,0,4,0.08,3.0
2025-01-03 13:12:37,2,0,3,0.06,2.0
2025-01-03 13:14:18,1,1,2,0.04,3.0
2025-01-03 13:16:22,1,5,3,0.06,3.0
2025-01-03 13:19:37,1,3,3,0.06,3.0
2025-01-03 13:20:38,3,3,3,0.06,2.0
2025-01-03 13:21:18,1,0,2,0.04,3.0
2025-01-03 13:25:24,1,4,3,0.06,2.0
2025-01-03 13:27:35,1,1,2,0.04,3.0
2025-01-03 13:32:31,4,5,3,0.06,3.0
2025-01-03 13:36:34,3,4,3,0.06,3.0
2025-01-03 13:40:02,3,4,3,0.06,4.0
2025-01-03 13:41:59,0,6,4,0.08,4.0
2025-01-03 13:43:09,1,3,4,0.08,3.0
2025-01-03 13:44:54,2,2,3,0.06,4.0
2025-01-03 13:46:09,1,5,4,0.08,5.0
2025-01-03 13:49:18,3,7,5,0.1,4.0
2025-01-03 13:51:07,4,1,4,0.08,4.0
2025-01-03 13:53:02,1,3,4,0.08,4.0
2025-01-03 13:55:03,4,4,4,0.08,4.0
2025-01-03 13:58:00,0,3,4,0.08,4.0
2025-01-03 14:01:10,0,5,4,0.08,4.0
2025-01-03 14:05:01,0,4,4,0.08,4.0
2025-01-03 14:09:32,0,4,4,0.08,4.0
2025-01-03 14:10:03,4,4,4,0.08,5.0
2025-01-03 14:14:17,4,7,5,0.1,5.0
2025-01-03 14:18:39,4,5,5,0.1,5.0
2025-01-03 14:20:25,2,5,5,0.1,4.0
2025-01-03 14:22:50,4,0,4,0.08,3.0
2025-01-03 14:25:53,3,1,3,0.06,2.0
2025-01-03 14:28:05,1,1,2,0.04,4.0
2025-01-03 14:31:48,2,7,4,0.08,3.0
2025-01-03 14:35:03,2,0,3,0.06,2.0
2025-01-03 14:37:02,4,0,2,0.04,3.0
2025-01-03 14:40:25,2,6,3,0.06,3.0
2025-01-03 14:42:56,0,3,3,0.06,3.0
2025-01-03 14:45:48,3,2,3,0.06,4.0
2025-01-03 14:48:03,1,6,4,0.08,4.0
2025-01-03 14:50:35,4,5,4,0.08,5.0
2025-01-03 14:51:13,4,7,5,0.1,5.0
2025-01-03 14:56:04,1,6,5,0.1,5.0
2025-01-03 14:57:46,2,6,5,0.1,5.0
2025-01-03 15:01:58,1,5,5,0.1,4.0
2025-01-03 15:03:08,0,3,4,0.08,3.0
2025-01-03 15:07:01,0,2,3,0.06,2.0
2025-01-03 15:11:54,4,1,2,0.04,3.0
2025-01-03 15:15:21,0,5,3,0.06,4.0
2025-01-03 15:17:14,0,7,4,0.08,4.0
2025-01-03 15:19:34,0,4,4,0.08,3.0
2025-01-03 15:24:14,4,0,3,0.06,3.0
2025-01-03 15:24:50,1,4,3,0.06,4.0
2025-01-03 15:26:43,1,7,4,0.08,5.0
2025-01-03 15:30:40,0,7,5,0.1,4.0
2025-01-03 15:31:31,1,2,4,0.08,3.0
2025-01-03 15:32:03,2,1,3,0.06,3.0
2025-01-03 15:34:39,4,2,3,0.06,4.0
2025-01-03 15:38:16,1,7,4,0.08,5.0
2025-01-03 15:38:59,3,6,5,0.1,4.0
2025-01-03 15:39:40,0,3,4,0.08,3.0
2025-01-03 15:41:36,3,1,3,0.06,4.0
2025-01-03 15:42:17,1,6,4,0.08,4.0
2025-01-03 15:43:11,1,5,4,0.08,4.0
2025-01-03 15:47:43,1,3,4,0.08,3.0
2025-01-03 15:50:14,0,2,3,0.06,3.0
2025-01-03 15:53:10,3,4,3,0.06,4.0
2025-01-03 15:54:34,4,5,4,0.08,3.0
2025-01-03 15:59:01,2,0,3,0.06,3.0
2025-01-03 16:02:23,2,2,3,0.06,3.0
2025-01-03 16:06:33,3,2,3,0.06,4.0
2025-01-03 16:09:01,3,6,4,0.08,3.0
2025-01-03 16:12:33,1,1,3,0.06,4.0
2025-01-03 16:14:24,0,5,4,0.08,5.0
2025-01-03 16:18:24,1,7,5,0.1,4.0
2025-01-03 16:21:23,0,0,4,0.08,3.0
2025-01-03 16:22:29,2,0,3,0.06,3.0
2025-01-03 16:23:57,4,4,3,0.06,3.0
2025-01-03 16:26:37,0,3,3,0.06,3.0
2025-01-03 16:30:28,1,2,3,0.06,2.0
2025-01-03 16:35:00,3,1,2,0.04,2.0
2025-01-03 16:36:04,0,3,2,0.04,4.0
2025-01-03 16:38:06,0,7,4,0.08,5.0
2025-01-03 16:42:02,1,7,5,0.1,4.0
2025-01-03 16:46:04,1,1,4,0.08,3.0
2025-01-03 16:49:12,4,1,3,0.06,2.0
2025-01-03 16:50:05,0,0,2,0.04,2.0
2025-01-03 16:50:38,2,1,2,0.04,2.0
2025-01-03 16:54:47,3,1,2,0.04,3.0
2025-01-03 16:55:36,2,5,3,0.06,3.0
2025-01-03 16:58:37,2,3,3,0.06,3.0
2025-01-03 16:59:56,1,3,3,0.06,4.0
2025-01-03 17:03:22,2,7,4,0.08,8.0
2025-01-03 17:05:27,4,17,8,0.16,10.0
2025-01-03 17:07:41,2,16,10,0.2,11.0
2025-01-03 17:12:20,0,13,11,0.22,12.0
2025-01-03 17:14:46,4,16,12,0.24,13.0
2025-01-03 17:19:03,3,15,13,0.26,13.0
2025-01-03 17:20:38,3,14,13,0.26,14.0
2025-01-03 17:25:29,2,15,14,0.28,16.0
2025-01-03 17:30:01,4,19,16,0.32,13.0
2025-01-03 17:33:36,4,6,13,0.26,12.0
2025-01-03 17:38:11,4,10,12,0.24,14.0
2025-01-03 17:40:45,1,18,14,0.28,15.0
2025-01-03 17:45:42,4,18,15,0.3,13.0
2025-01-03 17:48:22,3,7,13,0.26,14.0
2025-01-03 17:52:48,2,15,14,0.28,14.0
2025-01-03 17:53:35,3,15,14,0.28,15.0
2025-01-03 17:54:44,2,16,15,0.3,15.0
2025-01-03 17:55:34,4,14,15,0.3,15.0
2025-01-03 17:59:48,2,16,15,0.3,16.0
2025-01-03 18:00:25,3,19,16,0.32,14.0
2025-01-03 18:02:34,3,8,14,0.28,15.0
2025-01-03 18:07:03,0,18,15,0.3,12.0
2025-01-03 18:08:59,4,6,12,0.24,11.0
2025-01-03 18:09:42,1,10,11,0.22,12.0
2025-01-03 18:10:13,2,16,12,0.24,12.0
2025-01-03 18:11:23,2,13,12,0.24,11.0
2025-01-03 18:13:43,1,9,11,0.22,11.0
2025-01-03 18:14:26,2,12,11,0.22,10.0
2025-01-03 18:18:46,3,9,10,0.2,11.0
2025-01-03 18:20:39,3,14,11,0.22,13.0
2025-01-03 18:23:18,3,18,13,0.26,14.0
2025-01-03 18:27:38,4,18,14,0.28,12.0
2025-01-03 18:30:32,0,6,12,0.24,13.0
2025-01-03 18:31:29,0,17,13,0.26,11.0
2025-01-03 18:33:04,2,6,11,0.22,10.0
2025-01-03 18:36:16,3,9,10,0.2,11.0
2025-01-03 18:40:34,3,13,11,0.22,12.0
2025-01-03 18:45:24,0,14,12,0.24,14.0
2025-01-03 18:48:37,1,18,14,0.28,12.0
2025-01-03 18:49:16,1,7,12,0.24,12.0
2025-01-03 18:53:00,2,12,12,0.24,10.0
2025-01-03 18:55:27,4,6,10,0.2,12.0
2025-01-03 19:00:26,1,18,12,0.24,14.0
2025-01-03 19:02:15,2,19,14,0.28,15.0
2025-01-03 19:04:17,1,16,15,0.3,14.0
2025-01-03 19:09:12,1,12,14,0.28,14.0
2025-01-03 19:13:58,0,13,14,0.28,16.0
2025-01-03 19:16:40,2,19,16,0.32,17.0
2025-01-03 19:21:33,1,18,17,0.34,14.0
2025-01-03 19:24:53,4,6,14,0.28,12.0
2025-01-03 19:25:23,1,8,12,0.24,12.0
2025-01-03 19:26:56,1,13,12,0.24,14.0
2025-01-03 19:29:26,0,19,14,0.28,14.0
2025-01-03 19:31:42,2,14,14,0.28,13.0
2025-01-03 19:35:06,1,11,13,0.26,13.0
2025-01-03 19:38:59,1,14,13,0.26,12.0
2025-01-03 19:42:13,1,8,12,0.24,11.0
2025-01-03 19:44:42,1,10,11,0.22,13.0
2025-01-03 19:45:55,3,17,13,0.26,14.0
2025-01-03 19:49:00,2,16,14,0.28,12.0
2025-01-03 19:52:56,4,8,12,0.24,12.0
2025-01-03 19:55:13,4,11,12,0.24,12.0
2025-01-03 19:59:53,1,12,12,0.24,12.0
2025-01-03 20:02:32,0,13,12,0.24,14.0
2025-01-03 20:03:21,3,19,14,0.28,12.0
2025-01-03 20:03:51,3,9,12,0.24,13.0
2025-01-03 20:06:19,1,15,13,0.26,14.0
2025-01-03 20:07:23,0,16,14,0.28,15.0
2025-01-03 20:11:10,1,16,15,0.3,16.0
2025-01-03 20:15:44,2,18,16,0.32,14.0
2025-01-03 20:17:12,1,11,14,0.28,14.0
2025-01-03 20:20:22,4,15,14,0.28,13.0
2025-01-03 20:23:50,4,10,13,0.26,13.0
2025-01-03 20:27:45,0,13,13,0.26,12.0
2025-01-03 20:28:26,1,11,12,0.24,14.0
2025-01-03 20:31:56,0,18,14,0.28,15.0
2025-01-03 20:36:27,3,17,15,0.3,16.0
2025-01-03 20:40:32,1,17,16,0.32,13.0
2025-01-03 20:45:12,0,6,13,0.26,14.0
2025-01-03 20:47:47,2,17,14,0.28,12.0
2025-01-03 20:51:53,1,9,12,0.24,13.0
2025-01-03 20:55:27,3,17,13,0.26,13.0
2025-01-03 20:56:35,3,14,13,0.26,12.0
2025-01-03 21:00:47,4,10,12,0.24,11.0
2025-01-03 21:04:20,1,8,11,0.22,12.0
2025-01-03 21:07:47,1,13,12,0.24,13.0
2025-01-03 21:10:47,1,14,13,0.26,14.0
2025-01-03 21:13:22,4,16,14,0.28,14.0
2025-01-03 21:17:45,4,14,14,0.28,15.0
2025-01-03 21:18:22,0,16,15,0.3,13.0
2025-01-03 21:21:00,1,9,13,0.26,12.0
2025-01-03 21:25:53,0,8,12,0.24,11.0
2025-01-03 21:28:59,0,10,11,0.22,13.0
2025-01-03 21:29:33,2,17,13,0.26,11.0
2025-01-03 21:31:28,2,6,11,0.22,12.0
2025-01-03 21:34:52,4,16,12,0.24,12.0
2025-01-03 21:38:34,1,12,12,0.24,12.0
2025-01-03 21:41:02,3,13,12,0.24,13.0
2025-01-03 21:45:09,1,14,13,0.26,13.0
2025-01-03 21:47:32,4,13,13,0.26,14.0
2025-01-03 21:50:26,2,15,14,0.28,12.0
2025-01-03 21:51:21,3,8,12,0.24,14.0
2025-01-03 21:54:06,0,19,14,0.28,14.0
2025-01-03 21:58:27,4,14,14,0.28,11.0
2025-01-03 22:00:12,0,3,11,0.22,9.0
2025-01-03 22:00:42,2,5,9,0.18,8.0
2025-01-03 22:03:38,3,7,8,0.16,6.0
2025-01-03 22:06:29,3,1,6,0.12,6.0
2025-01-03 22:07:51,3,7,6,0.12,6.0
2025-01-03 22:09:29,0,5,6,0.12,6.0
2025-01-03 22:11:28,4,6,6,0.12,5.0
2025-01-03 22:15:37,0,4,5,0.1,4.0
2025-01-03 22:19:18,0,0,4,0.08,5.0
2025-01-03 22:20:50,4,7,5,0.1,4.0
2025-01-03 22:22:32,1,0,4,0.08,3.0
2025-01-03 22:25:42,2,1,3,0.06,2.0
2025-01-03 22:29:00,3,1,2,0.04,2.0
2025-01-03 22:30:58,1,2,2,0.04,2.0
2025-01-03 22:34:23,1,3,2,0.04,3.0
2025-01-03 22:39:21,3,5,3,0.06,2.0
2025-01-03 22:41:03,3,0,2,0.04,3.0
2025-01-03 22:45:37,0,5,3,0.06,3.0
2025-01-03 22:47:23,3,3,3,0.06,4.0
2025-01-03 22:50:31,1,6,4,0.08,4.0
2025-01-03 22:52:38,1,3,4,0.08,4.0
2025-01-03 22:54:49,4,3,4,0.08,3.0
2025-01-03 22:57:30,1,2,3,0.06,2.0
2025-01-03 22:59:41,0,1,2,0.04,3.0
2025-01-03 23:00:29,0,4,3,0.06,3.0
2025-01-03 23:02:20,4,4,3,0.06,4.0
2025-01-03 23:04:58,3,7,4,0.08,5.0
2025-01-03 23:06:56,0,6,5,0.1,4.0
2025-01-03 23:10:58,4,2,4,0.08,4.0
2025-01-03 23:13:50,1,4,4,0.08,4.0
2025-01-03 23:15:24,2,3,4,0.08,4.0
2025-01-03 23:17:09,4,5,4,0.08,3.0
2025-01-03 23:20:57,0,1,3,0.06,3.0
2025-01-03 23:23:49,1,4,3,0.06,2.0
2025-01-03 23:25:51,3,0,2,0.04,3.0
2025-01-03 23:30:04,0,5,3,0.06,3.0
2025-01-03 23:32:15,2,4,3,0.06,2.0
2025-01-03 23:37:11,2,0,2,0.04,2.0
2025-01-03 23:39:30,0,2,2,0.04,3.0
2025-01-03 23:44:24,3,6,3,0.06,4.0
2025-01-03 23:44:56,0,6,4,0.08,5.0
2025-01-03 23:46:50,1,7,5,0.1,5.0
2025-01-03 23:49:16,2,5,5,0.1,5.0
2025-01-03 23:53:26,4,5,5,0.1,4.0
2025-01-03 23:56:29,4,2,4,0.08,3.0
2025-01-03 23:59:31,1,1,3,0.06,4.0
2025-01-04 00:00:12,1,5,4,0.08,5.0
2025-01-04 00:02:54,0,7,5,0.1,4.0
2025-01-04 00:07:11,4,2,4,0.08,5.0
2025-01-04 00:12:11,1,6,5,0.1,4.0
2025-01-04 00:13:23,4,1,4,0.08,3.0
2025-01-04 00:14:13,2,2,3,0.06,4.0
2025-01-04 00:16:29,4,7,4,0.08,4.0
2025-01-04 00:18:55,3,5,4,0.08,3.0
2025-01-04 00:21:28,4,2,3,0.06,4.0
2025-01-04 00:25:20,4,6,4,0.08,4.0
2025-01-04 00:26:40,1,5,4,0.08,5.0
2025-01-04 00:31:40,4,7,5,0.1,5.0
2025-01-04 00:34:30,0,5,5,0.1,4.0
2025-01-04 00:35:51,1,1,4,0.08,3.0
2025-01-04 00:36:47,3,2,3,0.06,3.0
2025-01-04 00:39:53,0,2,3,0.06,4.0
2025-01-04 00:44:21,1,5,4,0.08,3.0
2025-01-04 00:47:26,4,1,3,0.06,4.0
2025-01-04 00:50:11,3,7,4,0.08,4.0
2025-01-04 00:53:04,4,3,4,0.08,5.0
2025-01-04 00:55:19,0,7,5,0.1,4.0
2025-01-04 00:58:26,1,3,4,0.08,3.0
2025-01-04 01:01:21,2,0,3,0.06,4.0
2025-01-04 01:01:52,2,7,4,0.08,3.0
2025-01-04 01:03:38,1,0,3,0.06,4.0
2025-01-04 01:06:19,2,6,4,0.08,4.0
2025-01-04 01:08:18,1,5,4,0.08,4.0
2025-01-04 01:13:10,3,4,4,0.08,5.0
2025-01-04 01:15:27,0,6,5,0.1,4.0
2025-01-04 01:17:10,4,3,4,0.08,3.0
2025-01-04 01:18:18,1,2,3,0.06,4.0
2025-01-04 01:21:26,1,7,4,0.08,4.0
2025-01-04 01:23:06,0,4,4,0.08,5.0
2025-01-04 01:27:36,3,6,5,0.1,6.0
2025-01-04 01:28:41,2,7,6,0.12,4.0
2025-01-04 01:30:34,4,0,4,0.08,5.0
2025-01-04 01:35:26,4,7,5,0.1,4.0
2025-01-04 01:38:47,2,1,4,0.08,3.0
2025-01-04 01:42:09,1,0,3,0.06,4.0
2025-01-04 01:43:25,2,6,4,0.08,4.0
2025-01-04 01:46:15,3,3,4,0.08,3.0
2025-01-04 01:48:42,0,1,3,0.06,3.0
2025-01-04 01:52:45,3,2,3,0.06,3.0
2025-01-04 01:56:54,0,3,3,0.06,4.0
2025-01-04 01:57:49,1,7,4,0.08,4.0
2025-01-04 01:58:27,2,4,4,0.08,4.0
2025-01-04 02:03:27,4,3,4,0.08,4.0
2025-01-04 02:04:06,0,5,4,0.08,3.0
2025-01-04 02:06:36,2,1,3,0.06,2.0
2025-01-04 02:09:10,1,0,2,0.04,1.0
2025-01-04 02:12:29,3,0,1,0.02,2.0
2025-01-04 02:14:10,4,3,2,0.04,1.0
2025-01-04 02:17:11,3,0,1,0.02,3.0
2025-01-04 02:21:08,1,7,3,0.06,4.0
2025-01-04 02:22:26,4,7,4,0.08,5.0
2025-01-04 02:25:29,2,7,5,0.1,4.0
2025-01-04 02:27:06,3,0,4,0.08,5.0
2025-01-04 02:28:25,1,6,5,0.1,4.0
2025-01-04 02:31:26,1,0,4,0.08,4.0
2025-01-04 02:32:14,3,4,4,0.08,4.0
2025-01-04 02:34:23,4,3,4,0.08,3.0
2025-01-04 02:35:52,0,1,3,0.06,2.0
2025-01-04 02:39:08,0,1,2,0.04,3.0
2025-01-04 02:42:59,4,5,3,0.06,3.0
2025-01-04 02:45:54,0,2,3,0.06,3.0
2025-01-04 02:49:07,3,3,3,0.06,4.0
2025-01-04 02:53:38,3,5,4,0.08,3.0
2025-01-04 02:55:16,1,1,3,0.06,2.0
2025-01-04 02:58:40,3,1,2,0.04,1.0
2025-01-04 02:59:58,3,0,1,0.02,1.0
2025-01-04 03:02:15,1,0,1,0.02,2.0
2025-01-04 03:06:30,2,5,2,0.04,2.0
2025-01-04 03:09:40,4,1,2,0.04,1.0
2025-01-04 03:12:08,2,0,1,0.02,1.0
2025-01-04 03:15:06,2,1,1,0.02,2.0
2025-01-04 03:18:05,0,3,2,0.04,3.0
2025-01-04 03:20:57,3,4,3,0.06,4.0
2025-01-04 03:24:06,2,7,4,0.08,3.0
2025-01-04 03:24:46,0,1,3,0.06,4.0
2025-01-04 03:27:33,4,5,4,0.08,3.0
2025-01-04 03:29:20,4,1,3,0.06,4.0
2025-01-04 03:31:06,0,5,4,0.08,3.0
2025-01-04 03:35:49,4,2,3,0.06,2.0
2025-01-04 03:40:36,4,0,2,0.04,2.0
2025-01-04 03:45:28,4,1,2,0.04,3.0
2025-01-04 03:47:22,1,6,3,0.06,2.0
2025-01-04 03:50:17,0,1,2,0.04,2.0
2025-01-04 03:51:28,4,3,2,0.04,2.0
2025-01-04 03:54:02,1,2,2,0.04,2.0
2025-01-04 03:57:18,1,3,2,0.04,2.0
2025-01-04 04:01:48,3,3,2,0.04,2.0
2025-01-04 04:05:25,3,2,2,0.04,2.0
2025-01-04 04:06:13,0,2,2,0.04,2.0
2025-01-04 04:07:50,2,1,2,0.04,3.0
2025-01-04 04:11:57,1,5,3,0.06,4.0
2025-01-04 04:14:08,4,6,4,0.08,4.0
2025-01-04 04:15:19,0,5,4,0.08,4.0
2025-01-04 04:18:35,4,4,4,0.08,4.0
2025-01-04 04:20:53,3,3,4,0.08,4.0
2025-01-04 04:21:58,4,5,4,0.08,5.0
2025-01-04 04:26:19,3,7,5,0.1,5.0
2025-01-04 04:30:37,1,6,5,0.1,6.0
2025-01-04 04:33:50,3,7,6,0.12,6.0
2025-01-04 04:35:32,4,5,6,0.12,5.0
2025-01-04 04:38:17,3,3,5,0.1,6.0
2025-01-04 04:39:56,2,7,6,0.12,6.0
2025-01-04 04:43:41,2,6,6,0.12,6.0
2025-01-04 04:48:39,4,7,6,0.12,4.0
2025-01-04 04:49:57,0,1,4,0.08,4.0
2025-01-04 04:52:36,0,5,4,0.08,5.0
2025-01-04 04:53:10,4,7,5,0.1,4.0
2025-01-04 04:54:06,1,1,4,0.08,3.0
2025-01-04 04:57:15,2,1,3,0.06,3.0
2025-01-04 05:00:13,0,4,3,0.06,2.0
2025-01-04 05:05:06,4,1,2,0.04,3.0
2025-01-04 05:09:25,0,5,3,0.06,4.0
2025-01-04 05:13:14,2,6,4,0.08,4.0
2025-01-04 05:14:33,0,3,4,0.08,5.0
2025-01-04 05:16:09,0,6,5,0.1,4.0
2025-01-04 05:17:36,3,0,4,0.08,3.0
2025-01-04 05:22:24,3,1,3,0.06,2.0
2025-01-04 05:25:03,2,0,2,0.04,1.0
2025-01-04 05:29:07,2,0,1,0.02,2.0
2025-01-04 05:32:28,2,4,2,0.04,1.0
2025-01-04 05:37:15,3,0,1,0.02,1.0
2025-01-04 05:39:26,0,0,1,0.02,2.0
2025-01-04 05:43:24,1,4,2,0.04,1.0
2025-01-04 05:45:49,4,0,1,0.02,2.0
2025-01-04 05:50:42,4,3,2,0.04,4.0
2025-01-04 05:53:41,4,7,4,0.08,3.0
2025-01-04 05:54:46,1,2,3,0.06,2.0
2025-01-04 05:58:43,3,1,2,0.04,3.0
2025-01-04 06:00:58,4,5,3,0.06,3.0
2025-01-04 06:04:05,3,3,3,0.06,2.0
2025-01-04 06:06:35,1,1,2,0.04,2.0
2025-01-04 06:07:59,0,1,2,0.04,3.0
2025-01-04 06:08:40,3,4,3,0.06,3.0
2025-01-04 06:11:34,3,4,3,0.06,3.0
2025-01-04 06:14:19,3,3,3,0.06,3.0
2025-01-04 06:14:51,2,3,3,0.06,4.0
2025-01-04 06:17:44,2,7,4,0.08,4.0
2025-01-04 06:18:43,0,5,4,0.08,3.0
2025-01-04 06:23:09,3,1,3,0.06,3.0
2025-01-04 06:25:33,2,4,3,0.06,2.0
2025-01-04 06:27:46,0,1,2,0.04,2.0
2025-01-04 06:30:13,3,1,2,0.04,4.0
2025-01-04 06:30:47,1,7,4,0.08,4.0
2025-01-04 06:35:24,2,3,4,0.08,3.0
2025-01-04 06:37:54,3,2,3,0.06,3.0
2025-01-04 06:40:52,2,4,3,0.06,4.0
2025-01-04 06:42:45,4,7,4,0.08,4.0
2025-01-04 06:47:05,3,3,4,0.08,4.0
2025-01-04 06:50:15,2,5,4,0.08,5.0
2025-01-04 06:51:22,4,7,5,0.1,6.0
2025-01-04 06:55:37,3,7,6,0.12,6.0
2025-01-04 06:58:28,2,6,6,0.12,6.0
2025-01-04 07:01:28,3,7,6,0.12,6.0
2025-01-04 07:03:51,1,6,6,0.12,6.0
2025-01-04 07:08:17,1,7,6,0.12,5.0
2025-01-04 07:09:52,3,2,5,0.1,5.0
2025-01-04 07:14:39,2,6,5,0.1,4.0
2025-01-04 07:19:17,2,0,4,0.08,3.0
2025-01-04 07:22:46,1,2,3,0.06,4.0
2025-01-04 07:26:25,1,5,4,0.08,4.0
2025-01-04 07:29:28,2,3,4,0.08,4.0
2025-01-04 07:33:13,2,5,4,0.08,4.0
2025-01-04 07:38:04,4,3,4,0.08,4.0
2025-01-04 07:40:56,1,3,4,0.08,3.0
2025-01-04 07:43:06,2,1,3,0.06,2.0
2025-01-04 07:47:39,3,1,2,0.04,2.0
2025-01-04 07:48:20,3,2,2,0.04,2.0
2025-01-04 07:52:48,2,3,2,0.04,3.0
2025-01-04 07:54:06,4,6,3,0.06,4.0
2025-01-04 07:55:17,1,7,4,0.08,3.0
2025-01-04 07:58:32,0,0,3,0.06,4.0
2025-01-04 08:00:23,1,6,4,0.08,8.0
2025-01-04 08:03:30,3,18,8,0.16,8.0
2025-01-04 08:07:35,4,8,8,0.16,10.0
2025-01-04 08:10:42,1,14,10,0.2,11.0
2025-01-04 08:13:25,1,12,11,0.22,12.0
2025-01-04 08:15:01,3,16,12,0.24,11.0
2025-01-04 08:15:37,4,10,11,0.22,13.0
2025-01-04 08:16:20,3,18,13,0.26,12.0
2025-01-04 08:18:02,3,9,12,0.24,13.0
2025-01-04 08:21:14,1,16,13,0.26,11.0
2025-01-04 08:22:49,3,6,11,0.22,10.0
2025-01-04 08:25:28,3,7,10,0.2,9.0
2025-01-04 08:29:23,3,6,9,0.18,8.0
2025-01-04 08:34:08,2,7,8,0.16,9.0
2025-01-04 08:39:03,0,12,9,0.18,11.0
2025-01-04 08:39:57,4,15,11,0.22,11.0
2025-01-04 08:44:39,4,12,11,0.22,13.0
2025-01-04 08:47:52,2,18,13,0.26,12.0
2025-01-04 08:49:56,3,9,12,0.24,13.0
2025-01-04 08:54:55,2,17,13,0.26,14.0
2025-01-04 08:57:14,3,18,14,0.28,13.0
2025-01-04 09:01:41,2,11,13,0.26,14.0
2025-01-04 09:02:35,1,16,14,0.28,12.0
2025-01-04 09:05:25,4,9,12,0.24,13.0
2025-01-04 09:07:51,2,14,13,0.26,12.0
2025-01-04 09:08:45,1,11,12,0.24,10.0
2025-01-04 09:10:33,2,6,10,0.2,12.0
2025-01-04 09:12:10,3,15,12,0.24,12.0
2025-01-04 09:15:32,1,12,12,0.24,11.0
2025-01-04 09:16:13,3,8,11,0.22,11.0
2025-01-04 09:18:50,4,11,11,0.22,11.0
2025-01-04 09:20:55,1,12,11,0.22,12.0
2025-01-04 09:22:56,3,14,12,0.24,14.0
2025-01-04 09:25:46,3,19,14,0.28,16.0
2025-01-04 09:26:46,4,19,16,0.32,16.0
2025-01-04 09:27:35,0,15,16,0.32,15.0
2025-01-04 09:30:30,4,12,15,0.3,13.0
2025-01-04 09:33:39,0,7,13,0.26,15.0
2025-01-04 09:34:51,0,19,15,0.3,15.0
2025-01-04 09:39:34,0,16,15,0.3,15.0
2025-01-04 09:42:13,4,15,15,0.3,14.0
2025-01-04 09:43:42,4,12,14,0.28,12.0
2025-01-04 09:46:42,1,8,12,0.24,12.0
2025-01-04 09:47:16,0,13,12,0.24,13.0
2025-01-04 09:52:11,3,16,13,0.26,12.0
2025-01-04 09:54:50,1,11,12,0.24,11.0
2025-01-04 09:59:46,4,8,11,0.22,12.0
2025-01-04 10:03:13,3,16,12,0.24,13.0
2025-01-04 10:07:55,2,15,13,0.26,12.0
2025-01-04 10:09:20,0,11,12,0.24,14.0
2025-01-04 10:11:12,1,19,14,0.28,14.0
2025-01-04 10:13:20,2,13,14,0.28,14.0
2025-01-04 10:16:18,2,13,14,0.28,16.0
2025-01-04 10:19:23,1,19,16,0.32,17.0
2025-01-04 10:23:02,0,18,17,0.34,18.0
2025-01-04 10:27:54,1,19,18,0.36,16.0
2025-01-04 10:29:43,0,11,16,0.32,15.0
2025-01-04 10:34:24,0,12,15,0.3,13.0
2025-01-04 10:36:30,2,7,13,0.26,15.0
2025-01-04 10:41:19,4,19,15,0.3,15.0
2025-01-04 10:46:08,0,14,15,0.3,16.0
2025-01-04 10:48:20,2,19,16,0.32,14.0
2025-01-04 10:49:29,1,11,14,0.28,13.0
2025-01-04 10:51:39,0,10,13,0.26,11.0
2025-01-04 10:55:49,1,6,11,0.22,12.0
2025-01-04 10:58:22,3,16,12,0.24,13.0
2025-01-04 11:02:42,0,16,13,0.26,13.0
2025-01-04 11:06:09,0,12,13,0.26,12.0
2025-01-04 11:07:41,2,10,12,0.24,13.0
2025-01-04 11:10:06,4,17,13,0.26,12.0
2025-01-04 11:13:46,4,9,12,0.24,13.0
2025-01-04 11:15:17,0,16,13,0.26,14.0
2025-01-04 11:20:02,2,17,14,0.28,12.0
2025-01-04 11:20:38,2,9,12,0.24,14.0
2025-01-04 11:23:42,2,18,14,0.28,15.0
2025-01-04 11:25:43,0,18,15,0.3,14.0
2025-01-04 11:26:26,1,10,14,0.28,12.0
2025-01-04 11:30:44,2,6,12,0.24,11.0
2025-01-04 11:32:39,1,8,11,0.22,12.0
2025-01-04 11:35:21,0,16,12,0.24,10.0
2025-01-04 11:38:53,4,6,10,0.2,12.0
2025-01-04 11:40:24,2,17,12,0.24,13.0
2025-01-04 11:44:32,0,15,13,0.26,11.0
2025-01-04 11:49:07,0,6,11,0.22,13.0
2025-01-04 11:53:26,3,17,13,0.26,12.0
2025-01-04 11:55:14,1,8,12,0.24,13.0
2025-01-04 11:58:12,4,17,13,0.26,10.0
2025-01-04 12:00:59,0,3,10,0.2,9.0
2025-01-04 12:02:33,1,7,9,0.18,7.0
2025-01-04 12:03:15,3,2,7,0.14,5.0
2025-01-04 12:07:17,4,0,5,0.1,5.0
2025-01-04 12:11:48,2,4,5,0.1,4.0
2025-01-04 12:15:50,3,2,4,0.08,3.0
2025-01-04 12:19:20,0,2,3,0.06,2.0
2025-01-04 12:22:42,0,0,2,0.04,3.0
2025-01-04 12:25:51,3,5,3,0.06,3.0
2025-01-04 12:29:04,2,3,3,0.06,3.0
2025-01-04 12:32:41,0,3,3,0.06,2.0
2025-01-04 12:36:21,0,1,2,0.04,3.0
2025-01-04 12:41:06,1,5,3,0.06,3.0
2025-01-04 12:44:38,4,2,3,0.06,4.0
2025-01-04 12:47:04,3,6,4,0.08,4.0
2025-01-04 12:50:49,0,3,4,0.08,3.0
2025-01-04 12:51:52,1,0,3,0.06,3.0
2025-01-04 12:53:13,2,3,3,0.06,2.0
2025-01-04 12:55:34,3,0,2,0.04,3.0
2025-01-04 13:00:15,1,4,3,0.06,2.0
2025-01-04 13:02:06,0,0,2,0.04,2.0
2025-01-04 13:06:27,0,2,2,0.04,3.0
2025-01-04 13:10:43,3,5,3,0.06,3.0
2025-01-04 13:15:05,3,3,3,0.06,4.0
2025-01-04 13:19:15,4,7,4,0.08,4.0
2025-01-04 13:20:26,0,4,4,0.08,5.0
2025-01-04 13:21:16,4,6,5,0.1,5.0
2025-01-04 13:22:27,4,6,5,0.1,6.0
2025-01-04 13:24:49,2,7,6,0.12,5.0
2025-01-04 13:27:03,1,4,5,0.1,6.0
2025-01-04 13:30:44,1,7,6,0.12,6.0
2025-01-04 13:31:30,1,6,6,0.12,4.0
2025-01-04 13:33:59,3,0,4,0.08,3.0
2025-01-04 13:36:37,0,2,3,0.06,3.0
2025-01-04 13:39:16,2,3,3,0.06,4.0
2025-01-04 13:40:45,2,6,4,0.08,3.0
2025-01-04 13:42:02,1,2,3,0.06,2.0
2025-01-04 13:43:00,1,1,2,0.04,2.0
2025-01-04 13:45:06,2,2,2,0.04,4.0
2025-01-04 13:45:45,1,7,4,0.08,3.0
2025-01-04 13:50:16,1,2,3,0.06,2.0
2025-01-04 13:54:37,1,1,2,0.04,3.0
2025-01-04 13:58:29,3,6,3,0.06,4.0
2025-01-04 14:03:05,2,7,4,0.08,3.0
2025-01-04 14:07:58,1,0,3,0.06,4.0
2025-01-04 14:12:01,0,5,4,0.08,5.0
2025-01-04 14:15:50,3,6,5,0.1,4.0
2025-01-04 14:17:38,1,2,4,0.08,3.0
2025-01-04 14:21:00,1,1,3,0.06,4.0
2025-01-04 14:22:38,0,7,4,0.08,4.0
2025-01-04 14:24:34,2,3,4,0.08,5.0
2025-01-04 14:26:44,3,7,5,0.1,5.0
2025-01-04 14:27:21,1,6,5,0.1,4.0
2025-01-04 14:31:10,0,3,4,0.08,4.0
2025-01-04 14:33:06,4,4,4,0.08,3.0
2025-01-04 14:34:18,2,2,3,0.06,3.0
2025-01-04 14:36:36,2,3,3,0.06,4.0
2025-01-04 14:39:37,0,6,4,0.08,3.0
2025-01-04 14:40:23,1,1,3,0.06,4.0
2025-01-04 14:43:05,3,7,4,0.08,3.0
2025-01-04 14:46:02,3,1,3,0.06,4.0
2025-01-04 14:50:23,2,7,4,0.08,5.0
2025-01-04 14:54:40,2,7,5,0.1,5.0
2025-01-04 14:57:28,0,5,5,0.1,6.0
2025-01-04 15:01:28,1,7,6,0.12,6.0
2025-01-04 15:02:25,0,6,6,0.12,5.0
2025-01-04 15:03:45,0,4,5,0.1,4.0
2025-01-04 15:08:35,3,3,4,0.08,3.0
2025-01-04 15:13:25,2,0,3,0.06,3.0
2025-01-04 15:14:02,0,4,3,0.06,4.0
2025-01-04 15:16:49,2,5,4,0.08,3.0
2025-01-04 15:17:56,1,0,3,0.06,4.0
2025-01-04 15:20:16,3,5,4,0.08,3.0
2025-01-04 15:24:25,1,1,3,0.06,4.0
2025-01-04 15:28:37,4,7,4,0.08,5.0
2025-01-04 15:31:22,2,6,5,0.1,4.0
2025-01-04 15:36:07,1,3,4,0.08,4.0
2025-01-04 15:37:25,2,3,4,0.08,3.0
2025-01-04 15:39:12,1,0,3,0.06,3.0
2025-01-04 15:41:26,3,2,3,0.06,4.0
2025-01-04 15:44:44,2,5,4,0.08,3.0
2025-01-04 15:48:50,2,0,3,0.06,4.0
2025-01-04 15:51:18,3,5,4,0.08,3.0
2025-01-04 15:54:57,1,1,3,0.06,3.0
2025-01-04 15:59:41,3,4,3,0.06,4.0
2025-01-04 16:04:36,4,6,4,0.08,4.0
2025-01-04 16:07:34,0,4,4,0.08,4.0
2025-01-04 16:10:47,1,3,4,0.08,4.0
2025-01-04 16:13:36,0,3,4,0.08,4.0
2025-01-04 16:18:23,3,3,4,0.08,4.0
2025-01-04 16:23:21,3,4,4,0.08,4.0
2025-01-04 16:26:51,4,4,4,0.08,3.0
2025-01-04 16:30:00,0,2,3,0.06,3.0
2025-01-04 16:34:15,3,4,3,0.06,3.0
2025-01-04 16:34:55,4,4,3,0.06,3.0
2025-01-04 16:35:34,1,4,3,0.06,4.0
2025-01-04 16:40:34,1,6,4,0.08,3.0
2025-01-04 16:44:06,1,1,3,0.06,4.0
2025-01-04 16:47:08,2,6,4,0.08,4.0
2025-01-04 16:49:41,2,4,4,0.08,4.0
2025-01-04 16:52:04,0,3,4,0.08,3.0
2025-01-04 16:56:06,1,2,3,0.06,4.0
2025-01-04 16:59:27,1,7,4,0.08,8.0
2025-01-04 17:02:50,4,17,8,0.16,10.0
2025-01-04 17:05:12,2,14,10,0.2,10.0
2025-01-04 17:07:43,4,10,10,0.2,10.0
2025-01-04 17:08:44,2,11,10,0.2,9.0
2025-01-04 17:12:55,2,8,9,0.18,11.0
2025-01-04 17:15:23,1,16,11,0.22,11.0
2025-01-04 17:16:31,4,12,11,0.22,11.0
2025-01-04 17:21:28,4,12,11,0.22,10.0
2025-01-04 17:25:50,4,7,10,0.2,9.0
2025-01-04 17:26:37,0,8,9,0.18,10.0
2025-01-04 17:29:35,4,11,10,0.2,9.0
2025-01-04 17:32:33,0,6,9,0.18,8.0
2025-01-04 17:35:08,3,7,8,0.16,11.0
2025-01-04 17:39:35,1,18,11,0.22,12.0
2025-01-04 17:42:19,0,15,12,0.24,11.0
2025-01-04 17:45:19,1,10,11,0.22,10.0
2025-01-04 17:49:44,1,8,10,0.2,12.0
2025-01-04 17:53:57,3,16,12,0.24,13.0
2025-01-04 17:57:49,2,16,13,0.26,13.0
2025-01-04 18:02:34,1,14,13,0.26,14.0
2025-01-04 18:04:29,1,17,14,0.28,13.0
2025-01-04 18:07:28,2,12,13,0.26,15.0
2025-01-04 18:11:52,2,19,15,0.3,15.0
2025-01-04 18:12:43,3,15,15,0.3,16.0
2025-01-04 18:17:41,3,19,16,0.32,15.0
2025-01-04 18:22:28,2,14,15,0.3,13.0
2025-01-04 18:23:26,0,8,13,0.26,13.0
2025-01-04 18:27:28,1,12,13,0.26,14.0
2025-01-04 18:28:47,1,16,14,0.28,15.0
2025-01-04 18:30:51,4,17,15,0.3,15.0
2025-01-04 18:32:48,2,14,15,0.3,12.0
2025-01-04 18:34:01,3,6,12,0.24,13.0
2025-01-04 18:37:21,3,17,13,0.26,12.0
2025-01-04 18:40:59,4,9,12,0.24,12.0
2025-01-04 18:44:32,1,13,12,0.24,13.0
2025-01-04 18:45:04,4,15,13,0.26,13.0
2025-01-04 18:48:44,1,12,13,0.26,13.0
2025-01-04 18:51:11,3,12,13,0.26,11.0
2025-01-04 18:51:59,0,7,11,0.22,11.0
2025-01-04 18:52:51,1,11,11,0.22,10.0
2025-01-04 18:53:50,2,6,10,0.2,9.0
2025-01-04 18:56:07,0,6,9,0.18,9.0
2025-01-04 18:58:44,3,9,9,0.18,12.0
2025-01-04 19:03:02,3,19,12,0.24,13.0
2025-01-04 19:05:22,4,14,13,0.26,14.0
2025-01-04 19:08:07,3,17,14,0.28,12.0
2025-01-04 19:11:42,2,6,12,0.24,11.0
2025-01-04 19:14:35,1,8,11,0.22,11.0
2025-01-04 19:16:16,2,11,11,0.22,10.0
2025-01-04 19:18:54,4,9,10,0.2,12.0
2025-01-04 19:23:44,4,15,12,0.24,11.0
2025-01-04 19:24:16,3,10,11,0.22,12.0
2025-01-04 19:26:29,0,14,12,0.24,10.0
2025-01-04 19:30:42,2,6,10,0.2,9.0
2025-01-04 19:31:21,3,6,9,0.18,9.0
2025-01-04 19:35:41,0,8,9,0.18,10.0
2025-01-04 19:39:49,4,11,10,0.2,12.0
2025-01-04 19:41:24,3,17,12,0.24,12.0
2025-01-04 19:43:45,1,13,12,0.24,12.0
2025-01-04 19:44:27,3,13,12,0.24,11.0
2025-01-04 19:46:22,3,10,11,0.22,12.0
2025-01-04 19:50:45,3,15,12,0.24,11.0
2025-01-04 19:52:44,1,9,11,0.22,10.0
2025-01-04 19:54:07,2,9,10,0.2,10.0
2025-01-04 19:54:48,3,11,10,0.2,11.0
2025-01-04 19:58:46,0,14,11,0.22,10.0
2025-01-04 19:59:29,3,8,10,0.2,10.0
2025-01-04 20:01:59,3,10,10,0.2,11.0
2025-01-04 20:02:48,1,14,11,0.22,10.0
2025-01-04 20:04:32,1,8,10,0.2,10.0
2025-01-04 20:09:04,3,10,10,0.2,10.0
2025-01-04 20:13:16,1,10,10,0.2,12.0
2025-01-04 20:14:55,4,17,12,0.24,14.0
2025-01-04 20:18:55,0,19,14,0.28,16.0
2025-01-04 20:21:05,0,19,16,0.32,14.0
2025-01-04 20:24:40,0,8,14,0.28,12.0
2025-01-04 20:27:21,1,6,12,0.24,12.0
2025-01-04 20:29:41,0,13,12,0.24,13.0
2025-01-04 20:32:22,1,14,13,0.26,13.0
2025-01-04 20:33:11,0,14,13,0.26,12.0
2025-01-04 20:34:04,0,8,12,0.24,10.0
2025-01-04 20:38:20,2,6,10,0.2,12.0
2025-01-04 20:41:23,0,15,12,0.24,12.0
2025-01-04 20:45:42,4,11,12,0.24,14.0
2025-01-04 20:49:33,1,19,14,0.28,12.0
2025-01-04 20:50:40,0,7,12,0.24,12.0
2025-01-04 20:55:29,2,13,12,0.24,13.0
2025-01-04 20:59:06,2,15,13,0.26,13.0
2025-01-04 21:00:32,4,12,13,0.26,12.0
2025-01-04 21:01:21,3,8,12,0.24,13.0
2025-01-04 21:03:49,1,16,13,0.26,12.0
2025-01-04 21:05:29,2,8,12,0.24,11.0
2025-01-04 21:06:02,3,9,11,0.22,12.0
2025-01-04 21:10:12,1,14,12,0.24,10.0
2025-01-04 21:10:55,3,6,10,0.2,11.0
2025-01-04 21:11:27,2,12,11,0.22,10.0
2025-01-04 21:15:32,4,9,10,0.2,12.0
2025-01-04 21:19:50,0,16,12,0.24,11.0
2025-01-04 21:23:25,4,8,11,0.22,13.0
2025-01-04 21:24:49,1,17,13,0.26,13.0
2025-01-04 21:29:32,1,12,13,0.26,14.0
2025-01-04 21:30:25,3,15,14,0.28,14.0
2025-01-04 21:33:36,4,15,14,0.28,15.0
2025-01-04 21:36:43,1,17,15,0.3,14.0
2025-01-04 21:38:34,0,11,14,0.28,12.0
2025-01-04 21:41:42,3,9,12,0.24,13.0
2025-01-04 21:45:19,1,16,13,0.26,11.0
2025-01-04 21:46:48,4,6,11,0.22,13.0
2025-01-04 21:50:48,4,17,13,0.26,14.0
2025-01-04 21:53:49,4,18,14,0.28,14.0
2025-01-04 21:56:07,2,13,14,0.28,15.0
2025-01-04 21:57:52,1,18,15,0.3,13.0
2025-01-04 21:58:51,0,7,13,0.26,9.0
2025-01-04 22:01:17,4,0,9,0.18,8.0
2025-01-04 22:04:58,2,4,8,0.16,7.0
2025-01-04 22:05:46,4,6,7,0.14,6.0
2025-01-04 22:09:08,4,4,6,0.12,5.0
2025-01-04 22:13:25,3,3,5,0.1,6.0
2025-01-04 22:16:57,2,7,6,0.12,6.0
2025-01-04 22:19:19,2,7,6,0.12,6.0
2025-01-04 22:22:51,1,7,6,0.12,5.0
2025-01-04 22:25:46,1,2,5,0.1,6.0
2025-01-04 22:28:11,4,7,6,0.12,6.0
2025-01-04 22:30:33,2,7,6,0.12,6.0
2025-01-04 22:35:13,2,5,6,0.12,6.0
2025-01-04 22:39:53,2,7,6,0.12,4.0
2025-01-04 22:42:20,1,1,4,0.08,5.0
2025-01-04 22:45:30,0,7,5,0.1,4.0
2025-01-04 22:49:17,1,1,4,0.08,4.0
2025-01-04 22:54:06,2,3,4,0.08,3.0
2025-01-04 22:57:03,2,1,3,0.06,3.0
2025-01-04 23:01:32,3,2,3,0.06,4.0
2025-01-04 23:02:48,2,7,4,0.08,4.0
2025-01-04 23:06:35,1,5,4,0.08,3.0
2025-01-04 23:07:51,0,2,3,0.06,2.0
2025-01-04 23:09:38,3,0,2,0.04,3.0
2025-01-04 23:12:11,1,5,3,0.06,4.0
2025-01-04 23:13:55,3,7,4,0.08,3.0
2025-01-04 23:16:41,1,0,3,0.06,3.0
2025-01-04 23:18:40,1,2,3,0.06,3.0
2025-01-04 23:20:10,1,4,3,0.06,3.0
2025-01-04 23:22:57,4,2,3,0.06,4.0
2025-01-04 23:24:16,3,6,4,0.08,4.0
2025-01-04 23:29:04,1,5,4,0.08,5.0
2025-01-04 23:31:20,3,6,5,0.1,4.0
2025-01-04 23:33:42,0,1,4,0.08,3.0
2025-01-04 23:38:25,2,0,3,0.06,4.0
2025-01-04 23:40:52,0,6,4,0.08,4.0
2025-01-04 23:44:39,4,4,4,0.08,5.0
2025-01-04 23:45:59,1,6,5,0.1,5.0
2025-01-04 23:50:33,3,6,5,0.1,5.0
2025-01-04 23:51:37,1,4,5,0.1,6.0
2025-01-04 23:53:15,3,7,6,0.12,6.0
2025-01-04 23:54:33,0,6,6,0.12,4.0
2025-01-04 23:56:16,3,1,4,0.08,3.0
2025-01-04 23:59:57,2,2,3,0.06,3.0
2025-01-05 00:04:47,3,4,3,0.06,4.0
2025-01-05 00:06:26,2,6,4,0.08,4.0
2025-01-05 00:08:25,1,4,4,0.08,5.0
2025-01-05 00:13:14,1,6,5,0.1,4.0
2025-01-05 00:15:49,3,3,4,0.08,5.0
2025-01-05 00:20:09,3,7,5,0.1,5.0
2025-01-05 00:22:47,3,5,5,0.1,6.0
2025-01-05 00:24:56,2,7,6,0.12,5.0
2025-01-05 00:28:27,4,2,5,0.1,4.0
2025-01-05 00:31:50,1,2,4,0.08,5.0
2025-01-05 00:35:27,4,7,5,0.1,4.0
2025-01-05 00:36:53,3,2,4,0.08,3.0
2025-01-05 00:37:53,0,2,3,0.06,3.0
2025-01-05 00:39:46,2,4,3,0.06,3.0
2025-01-05 00:42:47,1,2,3,0.06,3.0
2025-01-05 00:43:52,3,3,3,0.06,2.0
2025-01-05 00:47:54,1,1,2,0.04,1.0
2025-01-05 00:50:09,4,0,1,0.02,2.0
2025-01-05 00:54:18,1,3,2,0.04,2.0
2025-01-05 00:57:30,4,1,2,0.04,2.0
2025-01-05 01:01:39,0,1,2,0.04,3.0
2025-01-05 01:06:38,0,4,3,0.06,3.0
2025-01-05 01:09:07,3,2,3,0.06,2.0
2025-01-05 01:12:38,4,1,2,0.04,1.0
2025-01-05 01:14:53,3,0,1,0.02,3.0
2025-01-05 01:18:59,3,7,3,0.06,4.0
2025-01-05 01:22:53,1,7,4,0.08,5.0
2025-01-05 01:24:32,3,6,5,0.1,4.0
2025-01-05 01:25:45,2,1,4,0.08,3.0
2025-01-05 01:30:02,0,1,3,0.06,4.0
2025-01-05 01:33:35,3,5,4,0.08,4.0
2025-01-05 01:35:51,3,3,4,0.08,5.0
2025-01-05 01:37:44,1,6,5,0.1,5.0
2025-01-05 01:42:23,1,4,5,0.1,4.0
2025-01-05 01:43:13,1,0,4,0.08,4.0
2025-01-05 01:46:58,2,3,4,0.08,3.0
2025-01-05 01:50:25,2,0,3,0.06,2.0
2025-01-05 01:51:01,0,0,2,0.04,3.0
2025-01-05 01:52:40,3,6,3,0.06,4.0
2025-01-05 01:55:16,1,6,4,0.08,5.0
2025-01-05 01:58:25,3,6,5,0.1,4.0
2025-01-05 02:03:02,3,3,4,0.08,3.0
2025-01-05 02:06:54,0,2,3,0.06,3.0
2025-01-05 02:09:51,1,4,3,0.06,4.0
2025-01-05 02:12:43,3,7,4,0.08,4.0
2025-01-05 02:16:31,0,5,4,0.08,5.0
2025-01-05 02:19:34,1,7,5,0.1,5.0
2025-01-05 02:22:25,4,4,5,0.1,4.0
2025-01-05 02:25:39,4,3,4,0.08,4.0
2025-01-05 02:26:29,1,4,4,0.08,5.0
2025-01-05 02:28:20,1,7,5,0.1,5.0
2025-01-05 02:29:58,3,6,5,0.1,5.0
2025-01-05 02:32:38,0,5,5,0.1,4.0
2025-01-05 02:34:34,2,3,4,0.08,4.0
2025-01-05 02:38:41,0,4,4,0.08,4.0
2025-01-05 02:41:51,1,5,4,0.08,3.0
2025-01-05 02:45:18,2,2,3,0.06,3.0
2025-01-05 02:47:44,1,4,3,0.06,2.0
2025-01-05 02:51:29,1,0,2,0.04,3.0
2025-01-05 02:53:24,2,4,3,0.06,4.0
2025-01-05 02:55:14,4,6,4,0.08,4.0
2025-01-05 02:58:15,3,5,4,0.08,5.0
2025-01-05 02:59:45,2,7,5,0.1,5.0
2025-01-05 03:01:15,0,4,5,0.1,4.0
2025-01-05 03:02:12,0,0,4,0.08,5.0
2025-01-05 03:03:24,3,7,5,0.1,4.0
2025-01-05 03:06:42,0,1,4,0.08,5.0
2025-01-05 03:08:37,3,7,5,0.1,4.0
2025-01-05 03:12:03,3,0,4,0.08,5.0
2025-01-05 03:12:49,0,7,5,0.1,4.0
2025-01-05 03:14:56,4,1,4,0.08,3.0
2025-01-05 03:18:43,4,0,3,0.06,2.0
2025-01-05 03:20:50,1,0,2,0.04,4.0
2025-01-05 03:22:24,4,7,4,0.08,5.0
2025-01-05 03:22:58,3,7,5,0.1,4.0
2025-01-05 03:23:29,0,0,4,0.08,4.0
2025-01-05 03:24:20,1,3,4,0.08,3.0
2025-01-05 03:26:41,0,2,3,0.06,4.0
2025-01-05 03:28:07,3,6,4,0.08,3.0
2025-01-05 03:29:42,0,2,3,0.06,3.0
2025-01-05 03:31:49,3,4,3,0.06,3.0
2025-01-05 03:34:42,1,4,3,0.06,3.0
2025-01-05 03:37:16,3,2,3,0.06,4.0
2025-01-05 03:40:32,0,6,4,0.08,4.0
2025-01-05 03:42:27,0,5,4,0.08,3.0
2025-01-05 03:44:12,4,2,3,0.06,3.0
2025-01-05 03:45:40,3,4,3,0.06,3.0
2025-01-05 03:48:27,4,3,3,0.06,3.0
2025-01-05 03:50:35,4,3,3,0.06,3.0
2025-01-05 03:54:16,3,2,3,0.06,3.0
2025-01-05 03:58:48,3,4,3,0.06,2.0
2025-01-05 04:00:06,0,0,2,0.04,2.0
2025-01-05 04:01:07,4,1,2,0.04,2.0
2025-01-05 04:01:56,4,1,2,0.04,4.0
2025-01-05 04:04:59,3,7,4,0.08,4.0
2025-01-05 04:06:36,0,4,4,0.08,4.0
2025-01-05 04:10:39,0,3,4,0.08,4.0
2025-01-05 04:13:31,4,3,4,0.08,4.0
2025-01-05 04:17:52,0,4,4,0.08,3.0
2025-01-05 04:21:54,4,2,3,0.06,4.0
2025-01-05 04:23:42,2,7,4,0.08,4.0
2025-01-05 04:27:45,2,3,4,0.08,3.0
2025-01-05 04:30:10,1,0,3,0.06,2.0
2025-01-05 04:32:11,0,1,2,0.04,3.0
2025-01-05 04:37:10,1,6,3,0.06,2.0
2025-01-05 04:40:27,4,0,2,0.04,2.0
2025-01-05 04:41:54,1,2,2,0.04,3.0
2025-01-05 04:42:49,1,4,3,0.06,3.0
2025-01-05 04:44:24,0,3,3,0.06,2.0
2025-01-05 04:49:01,4,0,2,0.04,3.0
2025-01-05 04:53:44,3,6,3,0.06,3.0
2025-01-05 04:54:57,3,2,3,0.06,4.0
2025-01-05 04:57:03,3,6,4,0.08,4.0
2025-01-05 04:58:14,2,5,4,0.08,5.0
2025-01-05 05:02:30,2,7,5,0.1,4.0
2025-01-05 05:07:21,1,3,4,0.08,4.0
2025-01-05 05:10:37,1,5,4,0.08,4.0
2025-01-05 05:12:35,1,3,4,0.08,3.0
2025-01-05 05:16:02,2,2,3,0.06,2.0
2025-01-05 05:19:48,2,1,2,0.04,1.0
2025-01-05 05:24:44,2,0,1,0.02,2.0
2025-01-05 05:29:41,4,3,2,0.04,2.0
2025-01-05 05:31:24,1,1,2,0.04,3.0
2025-01-05 05:32:01,2,6,3,0.06,3.0
2025-01-05 05:35:14,4,2,3,0.06,3.0
2025-01-05 05:37:08,3,4,3,0.06,2.0
2025-01-05 05:38:49,3,0,2,0.04,4.0
2025-01-05 05:40:13,1,7,4,0.08,3.0
2025-01-05 05:41:29,3,2,3,0.06,4.0
2025-01-05 05:45:56,2,6,4,0.08,3.0
2025-01-05 05:48:09,3,2,3,0.06,3.0
2025-01-05 05:52:08,4,3,3,0.06,4.0
2025-01-05 05:53:19,0,7,4,0.08,5.0
2025-01-05 05:58:16,4,7,5,0.1,4.0
2025-01-05 06:03:08,3,0,4,0.08,4.0
2025-01-05 06:07:56,0,5,4,0.08,3.0
2025-01-05 06:10:19,4,1,3,0.06,3.0
2025-01-05 06:11:28,4,4,3,0.06,4.0
2025-01-05 06:15:37,2,5,4,0.08,4.0
2025-01-05 06:18:15,2,5,4,0.08,4.0
2025-01-05 06:18:52,3,5,4,0.08,4.0
2025-01-05 06:21:02,3,5,4,0.08,5.0
2025-01-05 06:24:27,2,7,5,0.1,5.0
2025-01-05 06:26:43,2,4,5,0.1,4.0
2025-01-05 06:28:53,4,0,4,0.08,4.0
2025-01-05 06:33:42,2,5,4,0.08,5.0
2025-01-05 06:38:17,3,6,5,0.1,5.0
2025-01-05 06:39:18,2,6,5,0.1,4.0
2025-01-05 06:42:04,2,1,4,0.08,5.0
2025-01-05 06:42:45,4,7,5,0.1,5.0
2025-01-05 06:43:30,2,5,5,0.1,5.0
2025-01-05 06:46:08,3,6,5,0.1,5.0
2025-01-05 06:47:40,0,6,5,0.1,4.0
2025-01-05 06:49:58,4,1,4,0.08,4.0
2025-01-05 06:50:48,1,3,4,0.08,3.0
2025-01-05 06:53:55,1,2,3,0.06,4.0
2025-01-05 06:58:53,0,5,4,0.08,5.0
2025-01-05 07:02:04,1,7,5,0.1,5.0
2025-01-05 07:06:53,1,6,5,0.1,5.0
2025-01-05 07:09:04,2,5,5,0.1,4.0
2025-01-05 07:13:16,4,2,4,0.08,5.0
2025-01-05 07:14:44,2,6,5,0.1,4.0
2025-01-05 07:19:20,0,1,4,0.08,3.0
2025-01-05 07:21:57,4,2,3,0.06,4.0
2025-01-05 07:22:51,4,7,4,0.08,3.0
2025-01-05 07:25:31,2,1,3,0.06,3.0
2025-01-05 07:29:16,4,2,3,0.06,3.0
2025-01-05 07:32:19,1,2,3,0.06,2.0
2025-01-05 07:35:01,1,0,2,0.04,2.0
2025-01-05 07:39:17,1,2,2,0.04,3.0
2025-01-05 07:42:55,3,5,3,0.06,4.0
2025-01-05 07:47:49,3,6,4,0.08,3.0
2025-01-05 07:50:32,2,2,3,0.06,4.0
2025-01-05 07:54:32,0,7,4,0.08,4.0
2025-01-05 07:56:01,1,5,4,0.08,5.0
2025-01-05 08:00:03,2,6,5,0.1,6.0
2025-01-05 08:04:08,4,8,6,0.12,6.0
2025-01-05 08:08:23,2,6,6,0.12,7.0
2025-01-05 08:11:03,4,9,7,0.14,9.0
2025-01-05 08:12:48,4,15,9,0.18,10.0
2025-01-05 08:15:53,1,11,10,0.2,10.0
2025-01-05 08:20:30,1,9,10,0.2,11.0
2025-01-05 08:24:37,1,14,11,0.22,10.0
2025-01-05 08:28:16,4,7,10,0.2,12.0
2025-01-05 08:31:28,1,17,12,0.24,10.0
2025-01-05 08:34:57,4,6,10,0.2,12.0
2025-01-05 08:36:00,3,17,12,0.24,11.0
2025-01-05 08:37:10,0,8,11,0.22,13.0
2025-01-05 08:38:54,4,19,13,0.26,12.0
2025-01-05 08:42:19,0,10,12,0.24,11.0
2025-01-05 08:45:18,1,9,11,0.22,10.0
2025-01-05 08:47:35,4,6,10,0.2,13.0
2025-01-05 08:50:23,0,19,13,0.26,14.0
2025-01-05 08:55:23,2,17,14,0.28,13.0
2025-01-05 08:59:24,2,12,13,0.26,11.0
2025-01-05 09:00:59,1,7,11,0.22,10.0
2025-01-05 09:05:36,1,9,10,0.2,9.0
2025-01-05 09:08:41,3,8,9,0.18,10.0
2025-01-05 09:09:57,3,12,10,0.2,12.0
2025-01-05 09:13:47,0,17,12,0.24,12.0
2025-01-05 09:16:44,1,11,12,0.24,12.0
2025-01-05 09:19:17,4,13,12,0.24,11.0
2025-01-05 09:19:47,1,8,11,0.22,11.0
2025-01-05 09:24:23,2,12,11,0.22,10.0
2025-01-05 09:27:00,4,7,10,0.2,12.0
2025-01-05 09:30:40,4,16,12,0.24,13.0
2025-01-05 09:32:16,0,16,13,0.26,11.0
2025-01-05 09:32:49,2,6,11,0.22,10.0
2025-01-05 09:35:41,4,8,10,0.2,11.0
2025-01-05 09:39:21,3,12,11,0.22,12.0
2025-01-05 09:40:11,1,16,12,0.24,10.0
2025-01-05 09:44:27,1,7,10,0.2,9.0
2025-01-05 09:46:53,4,6,9,0.18,12.0
2025-01-05 09:49:44,0,19,12,0.24,14.0
2025-01-05 09:50:52,1,19,14,0.28,12.0
2025-01-05 09:55:33,1,8,12,0.24,14.0
2025-01-05 09:59:29,2,19,14,0.28,13.0
2025-01-05 10:03:28,4,12,13,0.26,14.0
2025-01-05 10:05:52,2,17,14,0.28,14.0
2025-01-05 10:10:06,1,14,14,0.28,13.0
2025-01-05 10:12:49,1,12,13,0.26,12.0
2025-01-05 10:17:29,1,11,12,0.24,13.0
2025-01-05 10:21:37,4,16,13,0.26,12.0
2025-01-05 10:23:37,0,8,12,0.24,12.0
2025-01-05 10:24:52,1,13,12,0.24,13.0
2025-01-05 10:25:59,1,16,13,0.26,11.0
2025-01-05 10:28:50,3,6,11,0.22,10.0
2025-01-05 10:30:59,3,9,10,0.2,12.0
2025-01-05 10:34:38,2,15,12,0.24,10.0
2025-01-05 10:35:42,4,7,10,0.2,9.0
2025-01-05 10:38:38,0,8,9,0.18,10.0
2025-01-05 10:39:37,3,11,10,0.2,12.0
2025-01-05 10:41:30,2,16,12,0.24,11.0
2025-01-05 10:46:29,0,9,11,0.22,12.0
2025-01-05 10:49:32,1,15,12,0.24,12.0
2025-01-05 10:51:43,2,12,12,0.24,13.0
2025-01-05 10:55:47,4,17,13,0.26,13.0
2025-01-05 10:58:46,1,14,13,0.26,13.0
2025-01-05 11:00:38,0,14,13,0.26,12.0
2025-01-05 11:02:57,0,11,12,0.24,13.0
2025-01-05 11:06:47,3,17,13,0.26,15.0
2025-01-05 11:10:09,3,19,15,0.3,14.0
2025-01-05 11:14:04,2,11,14,0.28,12.0
2025-01-05 11:15:36,2,9,12,0.24,12.0
2025-01-05 11:17:18,1,12,12,0.24,14.0
2025-01-05 11:21:58,1,19,14,0.28,12.0
2025-01-05 11:24:31,1,7,12,0.24,10.0
2025-01-05 11:27:01,3,7,10,0.2,10.0
2025-01-05 11:29:30,3,10,10,0.2,10.0
2025-01-05 11:32:43,3,10,10,0.2,11.0
2025-01-05 11:37:37,1,12,11,0.22,10.0
2025-01-05 11:40:47,4,6,10,0.2,9.0
2025-01-05 11:42:45,1,6,9,0.18,12.0
2025-01-05 11:45:36,0,18,12,0.24,13.0
2025-01-05 11:49:28,1,17,13,0.26,14.0
2025-01-05 11:53:44,3,17,14,0.28,14.0
2025-01-05 11:57:55,4,15,14,0.28,16.0
2025-01-05 11:59:05,2,19,16,0.32,12.0
2025-01-05 12:02:50,1,2,12,0.24,9.0
2025-01-05 12:04:27,0,2,9,0.18,8.0
2025-01-05 12:09:20,4,5,8,0.16,7.0
2025-01-05 12:09:51,3,6,7,0.14,6.0
2025-01-05 12:12:25,1,3,6,0.12,5.0
2025-01-05 12:14:44,0,3,5,0.1,5.0
2025-01-05 12:16:39,0,5,5,0.1,4.0
2025-01-05 12:19:08,3,1,4,0.08,5.0
2025-01-05 12:21:44,2,6,5,0.1,5.0
2025-01-05 12:26:28,2,5,5,0.1,5.0
2025-01-05 12:30:00,1,4,5,0.1,5.0
2025-01-05 12:30:45,2,4,5,0.1,4.0
2025-01-05 12:32:16,2,2,4,0.08,4.0
2025-01-05 12:35:23,1,4,4,0.08,5.0
2025-01-05 12:40:20,0,7,5,0.1,6.0
2025-01-05 12:41:24,0,7,6,0.12,6.0
2025-01-05 12:46:20,2,7,6,0.12,4.0
2025-01-05 12:47:53,1,1,4,0.08,4.0
2025-01-05 12:49:12,3,3,4,0.08,5.0
2025-01-05 12:53:56,4,6,5,0.1,6.0
2025-01-05 12:56:54,3,7,6,0.12,6.0
2025-01-05 13:00:15,4,6,6,0.12,4.0
2025-01-05 13:04:05,2,0,4,0.08,3.0
2025-01-05 13:05:09,0,1,3,0.06,4.0
2025-01-05 13:09:14,0,6,4,0.08,4.0
2025-01-05 13:10:48,2,4,4,0.08,4.0
2025-01-05 13:11:25,4,5,4,0.08,5.0
2025-01-05 13:13:10,0,6,5,0.1,4.0
2025-01-05 13:16:33,3,1,4,0.08,4.0
2025-01-05 13:17:49,0,4,4,0.08,4.0
2025-01-05 13:18:33,3,3,4,0.08,3.0
2025-01-05 13:21:29,2,0,3,0.06,2.0
2025-01-05 13:22:24,1,0,2,0.04,3.0
2025-01-05 13:24:26,3,5,3,0.06,2.0
2025-01-05 13:28:47,4,1,2,0.04,2.0
2025-01-05 13:29:37,2,3,2,0.04,1.0
2025-01-05 13:30:44,4,0,1,0.02,3.0
2025-01-05 13:33:50,1,7,3,0.06,3.0
2025-01-05 13:37:18,2,4,3,0.06,2.0
2025-01-05 13:39:59,4,0,2,0.04,3.0
2025-01-05 13:40:56,1,5,3,0.06,3.0
2025-01-05 13:45:45,0,4,3,0.06,4.0
2025-01-05 13:47:30,4,5,4,0.08,3.0
2025-01-05 13:49:06,0,1,3,0.06,3.0
2025-01-05 13:52:49,2,2,3,0.06,3.0
2025-01-05 13:56:00,4,3,3,0.06,2.0
2025-01-05 14:00:46,4,1,2,0.04,1.0
2025-01-05 14:02:27,3,0,1,0.02,1.0
2025-01-05 14:04:23,4,1,1,0.02,1.0
2025-01-05 14:09:14,0,1,1,0.02,2.0
2025-01-05 14:13:17,1,3,2,0.04,1.0
2025-01-05 14:16:19,2,0,1,0.02,1.0
2025-01-05 14:20:18,3,1,1,0.02,2.0
2025-01-05 14:21:48,1,6,2,0.04,2.0
2025-01-05 14:26:45,0,1,2,0.04,3.0
2025-01-05 14:31:36,4,4,3,0.06,4.0
2025-01-05 14:35:43,1,5,4,0.08,5.0
2025-01-05 14:38:28,3,7,5,0.1,4.0
2025-01-05 14:40:30,0,3,4,0.08,3.0
2025-01-05 14:42:48,1,1,3,0.06,4.0
2025-01-05 14:47:18,4,6,4,0.08,3.0
2025-01-05 14:50:09,2,0,3,0.06,3.0
2025-01-05 14:54:35,3,3,3,0.06,2.0
2025-01-05 14:58:01,0,1,2,0.04,2.0
2025-01-05 15:00:51,3,2,2,0.04,1.0
2025-01-05 15:04:29,2,0,1,0.02,2.0
2025-01-05 15:05:47,1,5,2,0.04,3.0
2025-01-05 15:09:26,3,4,3,0.06,3.0
2025-01-05 15:12:11,2,3,3,0.06,3.0
2025-01-05 15:13:23,0,4,3,0.06,2.0
2025-01-05 15:15:22,0,1,2,0.04,2.0
2025-01-05 15:19:56,3,2,2,0.04,3.0
2025-01-05 15:23:37,3,5,3,0.06,2.0
2025-01-05 15:25:52,1,0,2,0.04,2.0
2025-01-05 15:30:14,1,2,2,0.04,4.0
2025-01-05 15:35:08,2,7,4,0.08,5.0
2025-01-05 15:36:14,1,7,5,0.1,5.0
2025-01-05 15:37:24,0,6,5,0.1,5.0
2025-01-05 15:38:10,2,4,5,0.1,4.0
2025-01-05 15:39:38,3,0,4,0.08,4.0
2025-01-05 15:43:10,1,3,4,0.08,5.0
2025-01-05 15:44:20,3,7,5,0.1,6.0
2025-01-05 15:45:28,4,7,6,0.12,5.0
2025-01-05 15:49:09,1,2,5,0.1,4.0
2025-01-05 15:54:05,2,2,4,0.08,5.0
2025-01-05 15:57:01,0,6,5,0.1,4.0
2025-01-05 15:59:37,2,3,4,0.08,5.0
2025-01-05 16:00:52,4,7,5,0.1,5.0
2025-01-05 16:02:06,4,6,5,0.1,6.0
2025-01-05 16:02:36,3,7,6,0.12,5.0
2025-01-05 16:05:53,1,3,5,0.1,4.0
2025-01-05 16:08:10,1,1,4,0.08,4.0
2025-01-05 16:08:58,2,3,4,0.08,5.0
2025-01-05 16:10:39,0,7,5,0.1,5.0
2025-01-05 16:12:57,1,5,5,0.1,4.0
2025-01-05 16:17:54,4,0,4,0.08,4.0
2025-01-05 16:22:23,4,3,4,0.08,3.0
2025-01-05 16:24:22,2,1,3,0.06,4.0
2025-01-05 16:26:34,1,6,4,0.08,3.0
2025-01-05 16:31:13,1,0,3,0.06,4.0
2025-01-05 16:31:50,2,5,4,0.08,3.0
2025-01-05 16:34:52,3,2,3,0.06,3.0
2025-01-05 16:38:15,2,3,3,0.06,4.0
2025-01-05 16:41:22,2,7,4,0.08,5.0
2025-01-05 16:45:26,0,7,5,0.1,6.0
2025-01-05 16:48:52,1,7,6,0.12,5.0
2025-01-05 16:52:16,0,3,5,0.1,5.0
2025-01-05 16:55:11,1,6,5,0.1,6.0
2025-01-05 16:58:21,3,7,6,0.12,8.0
2025-01-05 17:00:57,0,12,8,0.16,10.0
2025-01-05 17:02:48,4,13,10,0.2,11.0
2025-01-05 17:05:44,4,12,11,0.22,10.0
2025-01-05 17:10:12,0,9,10,0.2,11.0
2025-01-05 17:12:05,1,13,11,0.22,11.0
2025-01-05 17:14:27,1,12,11,0.22,10.0
2025-01-05 17:18:41,4,6,10,0.2,11.0
2025-01-05 17:23:13,4,14,11,0.22,13.0
2025-01-05 17:26:05,1,18,13,0.26,14.0
2025-01-05 17:27:15,2,17,14,0.28,14.0
2025-01-05 17:32:02,4,14,14,0.28,14.0
2025-01-05 17:34:16,3,14,14,0.28,12.0
2025-01-05 17:38:07,2,9,12,0.24,12.0
2025-01-05 17:43:02,2,13,12,0.24,11.0
2025-01-05 17:47:01,2,10,11,0.22,13.0
2025-01-05 17:48:21,4,19,13,0.26,13.0
2025-01-05 17:50:48,1,13,13,0.26,15.0
2025-01-05 17:54:38,4,19,15,0.3,15.0
2025-01-05 17:55:46,0,16,15,0.3,13.0
2025-01-05 17:56:43,3,8,13,0.26,12.0
2025-01-05 18:01:31,1,8,12,0.24,11.0
2025-01-05 18:03:24,3,10,11,0.22,13.0
2025-01-05 18:06:28,4,18,13,0.26,12.0
2025-01-05 18:08:54,2,11,12,0.24,10.0
2025-01-05 18:09:25,3,6,10,0.2,10.0
2025-01-05 18:11:27,1,11,10,0.2,9.0
2025-01-05 18:14:42,0,7,9,0.18,10.0
2025-01-05 18:19:29,2,14,10,0.2,9.0
2025-01-05 18:21:19,3,7,9,0.18,10.0
2025-01-05 18:26:16,0,11,10,0.2,11.0
2025-01-05 18:30:40,0,14,11,0.22,12.0
2025-01-05 18:34:42,3,13,12,0.24,10.0
2025-01-05 18:36:13,3,7,10,0.2,13.0
2025-01-05 18:37:31,3,19,13,0.26,12.0
2025-01-05 18:40:07,0,8,12,0.24,10.0
2025-01-05 18:44:19,2,7,10,0.2,9.0
2025-01-05 18:46:35,4,8,9,0.18,8.0
2025-01-05 18:49:30,1,6,8,0.16,10.0
2025-01-05 18:51:38,1,15,10,0.2,13.0
2025-01-05 18:53:20,0,19,13,0.26,13.0
2025-01-05 18:55:51,1,12,13,0.26,13.0
2025-01-05 18:56:50,3,13,13,0.26,14.0
2025-01-05 19:00:27,0,17,14,0.28,12.0
2025-01-05 19:04:11,4,7,12,0.24,11.0
2025-01-05 19:07:16,4,10,11,0.22,10.0
2025-01-05 19:10:37,4,9,10,0.2,9.0
2025-01-05 19:11:47,1,7,9,0.18,9.0
2025-01-05 19:13:19,2,10,9,0.18,12.0
2025-01-05 19:14:11,2,18,12,0.24,10.0
2025-01-05 19:15:55,0,6,10,0.2,9.0
2025-01-05 19:17:12,3,7,9,0.18,12.0
2025-01-05 19:20:21,1,19,12,0.24,10.0
2025-01-05 19:22:48,3,7,10,0.2,9.0
2025-01-05 19:24:57,3,7,9,0.18,11.0
2025-01-05 19:28:13,0,15,11,0.22,12.0
2025-01-05 19:31:18,1,16,12,0.24,13.0
2025-01-05 19:31:54,4,16,13,0.26,11.0
2025-01-05 19:35:39,0,7,11,0.22,10.0
2025-01-05 19:37:04,0,9,10,0.2,12.0
2025-01-05 19:40:46,3,16,12,0.24,10.0
2025-01-05 19:42:02,0,6,10,0.2,9.0
2025-01-05 19:44:59,3,6,9,0.18,10.0
2025-01-05 19:48:05,0,14,10,0.2,9.0
2025-01-05 19:51:56,0,8,9,0.18,10.0
2025-01-05 19:54:31,4,14,10,0.2,12.0
2025-01-05 19:56:04,4,17,12,0.24,12.0
2025-01-05 19:59:29,2,11,12,0.24,14.0
2025-01-05 20:01:54,1,18,14,0.28,12.0
2025-01-05 20:05:47,0,9,12,0.24,11.0
2025-01-05 20:06:47,4,10,11,0.22,10.0
2025-01-05 20:09:09,0,6,10,0.2,12.0
2025-01-05 20:10:45,4,16,12,0.24,11.0
2025-01-05 20:12:29,1,10,11,0.22,11.0
2025-01-05 20:13:43,1,11,11,0.22,13.0
2025-01-05 20:18:32,1,18,13,0.26,12.0
2025-01-05 20:21:35,3,10,12,0.24,13.0
2025-01-05 20:24:39,1,16,13,0.26,12.0
2025-01-05 20:29:02,1,10,12,0.24,12.0
2025-01-05 20:30:22,2,13,12,0.24,11.0
2025-01-05 20:35:13,0,9,11,0.22,12.0
2025-01-05 20:37:47,1,14,12,0.24,11.0
2025-01-05 20:42:21,2,10,11,0.22,10.0
2025-01-05 20:43:20,3,9,10,0.2,11.0
2025-01-05 20:45:51,3,13,11,0.22,12.0
2025-01-05 20:48:25,2,14,12,0.24,12.0
2025-01-05 20:49:31,0,12,12,0.24,10.0
2025-01-05 20:52:50,3,7,10,0.2,9.0
2025-01-05 20:55:23,3,8,9,0.18,10.0
2025-01-05 20:56:27,0,14,10,0.2,9.0
2025-01-05 20:58:23,3,6,9,0.18,9.0
2025-01-05 21:01:06,2,8,9,0.18,11.0
2025-01-05 21:04:51,3,15,11,0.22,10.0
2025-01-05 21:08:41,1,7,10,0.2,12.0
2025-01-05 21:10:27,1,15,12,0.24,12.0
2025-01-05 21:11:55,0,13,12,0.24,14.0
2025-01-05 21:14:30,1,19,14,0.28,12.0
2025-01-05 21:16:48,1,8,12,0.24,13.0
2025-01-05 21:21:01,4,14,13,0.26,15.0
2025-01-05 21:22:38,4,19,15,0.3,16.0
2025-01-05 21:24:16,3,18,16,0.32,15.0
2025-01-05 21:27:30,2,12,15,0.3,15.0
2025-01-05 21:30:41,4,14,15,0.3,12.0
2025-01-05 21:31:52,0,6,12,0.24,13.0
2025-01-05 21:34:10,4,17,13,0.26,14.0
2025-01-05 21:35:30,0,15,14,0.28,13.0
2025-01-05 21:40:09,0,10,13,0.26,12.0
2025-01-05 21:40:59,3,9,12,0.24,13.0
2025-01-05 21:43:47,3,15,13,0.26,12.0
2025-01-05 21:45:48,3,10,12,0.24,12.0
2025-01-05 21:48:22,1,11,12,0.24,12.0
2025-01-05 21:50:42,2,12,12,0.24,13.0
2025-01-05 21:53:30,0,14,13,0.26,14.0
2025-01-05 21:55:38,1,18,14,0.28,10.0
2025-01-05 22:00:19,1,1,10,0.2,7.0
2025-01-05 22:02:32,3,0,7,0.14,5.0
2025-01-05 22:06:35,0,0,5,0.1,4.0
2025-01-05 22:11:13,3,0,4,0.08,3.0
2025-01-05 22:14:14,4,2,3,0.06,3.0
2025-01-05 22:18:53,2,2,3,0.06,2.0
2025-01-05 22:22:07,2,0,2,0.04,1.0
2025-01-05 22:22:44,0,0,1,0.02,2.0
2025-01-05 22:23:18,1,4,2,0.04,1.0
2025-01-05 22:26:12,2,0,1,0.02,2.0
2025-01-05 22:28:22,2,4,2,0.04,2.0
2025-01-05 22:31:35,3,1,2,0.04,4.0
2025-01-05 22:34:31,1,7,4,0.08,5.0
2025-01-05 22:36:04,4,7,5,0.1,4.0
2025-01-05 22:38:04,1,1,4,0.08,4.0
2025-01-05 22:40:30,4,4,4,0.08,4.0
2025-01-05 22:45:26,2,5,4,0.08,5.0
2025-01-05 22:48:48,0,7,5,0.1,4.0
2025-01-05 22:50:04,3,3,4,0.08,4.0
2025-01-05 22:52:53,3,5,4,0.08,3.0
2025-01-05 22:57:28,4,1,3,0.06,4.0
2025-01-05 23:00:26,4,7,4,0.08,4.0
2025-01-05 23:05:01,4,5,4,0.08,5.0
2025-01-05 23:05:35,0,7,5,0.1,5.0
2025-01-05 23:09:08,4,4,5,0.1,5.0
2025-01-05 23:09:57,1,6,5,0.1,4.0
2025-01-05 23:11:12,3,2,4,0.08,3.0
2025-01-05 23:11:53,1,1,3,0.06,2.0
2025-01-05 23:13:32,3,1,2,0.04,3.0
2025-01-05 23:14:18,1,5,3,0.06,3.0
2025-01-05 23:17:14,4,2,3,0.06,3.0
2025-01-05 23:20:17,4,2,3,0.06,3.0
2025-01-05 23:22:34,1,4,3,0.06,2.0
2025-01-05 23:26:59,3,1,2,0.04,1.0
2025-01-05 23:28:38,2,0,1,0.02,2.0
2025-01-05 23:32:10,3,3,2,0.04,2.0
2025-01-05 23:36:49,2,2,2,0.04,3.0
2025-01-05 23:41:06,0,4,3,0.06,4.0
2025-01-05 23:43:17,1,7,4,0.08,3.0
2025-01-05 23:45:01,0,0,3,0.06,4.0
2025-01-05 23:49:06,1,7,4,0.08,3.0
2025-01-05 23:52:58,3,0,3,0.06,3.0
2025-01-05 23:56:39,1,3,3,0.06,2.0
2025-01-06 00:01:17,2,1,2,0.04,2.0
2025-01-06 00:05:48,0,2,2,0.04,1.0
2025-01-06 00:09:16,1,0,1,0.02,2.0
2025-01-06 00:13:24,0,6,2,0.04,4.0
2025-01-06 00:15:15,4,7,4,0.08,4.0
2025-01-06 00:17:16,0,3,4,0.08,3.0
2025-01-06 00:20:40,2,0,3,0.06,3.0
2025-01-06 00:25:08,0,4,3,0.06,3.0
2025-01-06 00:29:57,0,3,3,0.06,2.0
2025-01-06 00:33:09,4,1,2,0.04,1.0
2025-01-06 00:34:26,4,0,1,0.02,1.0
2025-01-06 00:36:51,3,0,1,0.02,3.0
2025-01-06 00:41:05,3,7,3,0.06,3.0
2025-01-06 00:44:01,2,4,3,0.06,3.0
2025-01-06 00:45:33,1,2,3,0.06,4.0
2025-01-06 00:46:15,2,5,4,0.08,4.0
2025-01-06 00:49:53,2,4,4,0.08,3.0
2025-01-06 00:53:50,0,1,3,0.06,3.0
2025-01-06 00:56:13,4,2,3,0.06,3.0
2025-01-06 00:57:04,1,4,3,0.06,4.0
2025-01-06 01:01:07,1,7,4,0.08,5.0
2025-01-06 01:04:27,3,6,5,0.1,4.0
2025-01-06 01:05:50,3,3,4,0.08,5.0
2025-01-06 01:08:25,0,6,5,0.1,5.0
2025-01-06 01:12:18,3,4,5,0.1,5.0
2025-01-06 01:16:01,1,4,5,0.1,6.0
2025-01-06 01:19:19,0,7,6,0.12,4.0
2025-01-06 01:22:20,4,1,4,0.08,4.0
2025-01-06 01:23:24,3,5,4,0.08,4.0
2025-01-06 01:26:57,1,5,4,0.08,5.0
2025-01-06 01:28:23,2,7,5,0.1,4.0
2025-01-06 01:32:34,4,0,4,0.08,5.0
2025-01-06 01:35:46,3,7,5,0.1,4.0
2025-01-06 01:36:34,0,1,4,0.08,4.0
2025-01-06 01:41:27,1,3,4,0.08,4.0
2025-01-06 01:43:49,4,5,4,0.08,5.0
2025-01-06 01:44:48,2,6,5,0.1,6.0
2025-01-06 01:47:32,2,7,6,0.12,6.0
2025-01-06 01:49:08,4,7,6,0.12,4.0
2025-01-06 01:50:42,4,0,4,0.08,4.0
2025-01-06 01:51:36,1,5,4,0.08,5.0
2025-01-06 01:52:42,0,6,5,0.1,4.0
2025-01-06 01:53:12,1,2,4,0.08,4.0
2025-01-06 01:54:18,3,5,4,0.08,4.0
2025-01-06 01:57:08,3,3,4,0.08,3.0
2025-01-06 02:01:29,4,2,3,0.06,2.0
2025-01-06 02:04:14,2,0,2,0.04,4.0
2025-01-06 02:07:51,1,7,4,0.08,3.0
2025-01-06 02:10:28,3,1,3,0.06,4.0
2025-01-06 02:14:18,0,7,4,0.08,4.0
2025-01-06 02:16:54,1,3,4,0.08,3.0
2025-01-06 02:21:40,4,1,3,0.06,4.0
2025-01-06 02:24:53,4,6,4,0.08,5.0
2025-01-06 02:25:57,4,6,5,0.1,4.0
2025-01-06 02:29:40,0,3,4,0.08,4.0
2025-01-06 02:33:20,2,4,4,0.08,4.0
2025-01-06 02:35:33,3,4,4,0.08,3.0
2025-01-06 02:36:25,4,0,3,0.06,4.0
2025-01-06 02:41:19,0,6,4,0.08,3.0
2025-01-06 02:46:08,1,2,3,0.06,4.0
2025-01-06 02:47:52,0,6,4,0.08,4.0
2025-01-06 02:49:33,4,5,4,0.08,5.0
2025-01-06 02:54:21,3,6,5,0.1,5.0
2025-01-06 02:57:58,3,5,5,0.1,4.0
2025-01-06 03:01:20,3,3,4,0.08,4.0
2025-01-06 03:02:34,0,5,4,0.08,4.0
2025-01-06 03:04:04,1,3,4,0.08,4.0
2025-01-06 03:05:56,2,5,4,0.08,3.0
2025-01-06 03:08:28,0,0,3,0.06,3.0
2025-01-06 03:09:13,3,3,3,0.06,2.0
2025-01-06 03:10:48,3,0,2,0.04,4.0
2025-01-06 03:13:42,3,7,4,0.08,4.0
2025-01-06 03:16:53,3,3,4,0.08,4.0
2025-01-06 03:21:16,4,3,4,0.08,4.0
2025-01-06 03:24:09,4,4,4,0.08,3.0
2025-01-06 03:27:46,2,0,3,0.06,2.0
2025-01-06 03:28:28,4,0,2,0.04,1.0
2025-01-06 03:32:01,2,0,1,0.02,3.0
2025-01-06 03:34:21,3,7,3,0.06,2.0
2025-01-06 03:38:25,4,1,2,0.04,3.0
2025-01-06 03:40:54,2,4,3,0.06,3.0
2025-01-06 03:42:18,3,3,3,0.06,2.0
2025-01-06 03:43:14,3,1,2,0.04,4.0
2025-01-06 03:45:41,2,7,4,0.08,5.0
2025-01-06 03:49:51,3,7,5,0.1,5.0
2025-01-06 03:54:11,2,5,5,0.1,5.0
2025-01-06 03:55:33,4,4,5,0.1,5.0
2025-01-06 03:59:55,0,4,5,0.1,5.0
2025-01-06 04:03:02,2,4,5,0.1,4.0
2025-01-06 04:08:00,3,1,4,0.08,4.0
2025-01-06 04:08:50,0,4,4,0.08,5.0
2025-01-06 04:10:12,0,6,5,0.1,4.0
2025-01-06 04:14:15,1,2,4,0.08,4.0
2025-01-06 04:15:15,4,4,4,0.08,3.0
2025-01-06 04:18:47,2,0,3,0.06,2.0
2025-01-06 04:19:39,0,0,2,0.04,2.0
2025-01-06 04:20:40,2,1,2,0.04,2.0
2025-01-06 04:22:23,2,1,2,0.04,3.0
2025-01-06 04:23:02,3,4,3,0.06,4.0
2025-01-06 04:24:25,3,5,4,0.08,5.0
2025-01-06 04:25:46,2,7,5,0.1,4.0
2025-01-06 04:28:43,0,3,4,0.08,4.0
2025-01-06 04:31:52,4,4,4,0.08,4.0
2025-01-06 04:32:35,2,3,4,0.08,3.0
2025-01-06 04:36:02,2,0,3,0.06,3.0
2025-01-06 04:37:24,4,3,3,0.06,3.0
2025-01-06 04:38:15,2,4,3,0.06,2.0
2025-01-06 04:39:14,2,1,2,0.04,4.0
2025-01-06 04:42:54,1,7,4,0.08,5.0
2025-01-06 04:47:43,2,6,5,0.1,4.0
2025-01-06 04:51:37,1,1,4,0.08,4.0
2025-01-06 04:53:05,1,5,4,0.08,3.0
2025-01-06 04:57:58,0,1,3,0.06,4.0
2025-01-06 04:58:39,1,7,4,0.08,5.0
2025-01-06 05:01:07,1,7,5,0.1,5.0
2025-01-06 05:05:44,0,4,5,0.1,4.0
2025-01-06 05:08:20,3,1,4,0.08,4.0
2025-01-06 05:10:04,0,5,4,0.08,5.0
2025-01-06 05:13:57,4,7,5,0.1,4.0
2025-01-06 05:15:15,4,2,4,0.08,5.0
2025-01-06 05:17:03,4,6,5,0.1,4.0
2025-01-06 05:21:33,0,0,4,0.08,4.0
2025-01-06 05:24:36,3,3,4,0.08,3.0
2025-01-06 05:26:41,0,0,3,0.06,2.0
2025-01-06 05:30:44,2,0,2,0.04,3.0
2025-01-06 05:34:42,3,4,3,0.06,4.0
2025-01-06 05:36:39,3,7,4,0.08,3.0
2025-01-06 05:41:32,2,1,3,0.06,2.0
2025-01-06 05:44:38,0,0,2,0.04,2.0
2025-01-06 05:47:43,3,2,2,0.04,1.0
2025-01-06 05:50:31,1,0,1,0.02,2.0
2025-01-06 05:53:01,4,3,2,0.04,4.0
2025-01-06 05:54:35,2,7,4,0.08,4.0
2025-01-06 05:56:51,4,3,4,0.08,3.0
2025-01-06 05:59:47,2,1,3,0.06,4.0
2025-01-06 06:02:33,0,5,4,0.08,4.0
2025-01-06 06:05:44,0,5,4,0.08,5.0
2025-01-06 06:07:53,4,6,5,0.1,4.0
2025-01-06 06:10:43,1,3,4,0.08,4.0
2025-01-06 06:12:35,1,4,4,0.08,4.0
2025-01-06 06:16:01,1,5,4,0.08,4.0
2025-01-06 06:19:48,1,5,4,0.08,3.0
2025-01-06 06:22:09,4,2,3,0.06,4.0
2025-01-06 06:23:34,2,7,4,0.08,4.0
2025-01-06 06:27:02,3,3,4,0.08,3.0
2025-01-06 06:30:37,0,0,3,0.06,4.0
2025-01-06 06:34:44,0,7,4,0.08,5.0
2025-01-06 06:38:50,3,6,5,0.1,4.0
2025-01-06 06:41:19,1,1,4,0.08,4.0
2025-01-06 06:44:43,3,4,4,0.08,5.0
2025-01-06 06:45:35,0,7,5,0.1,5.0
2025-01-06 06:49:37,3,5,5,0.1,4.0
2025-01-06 06:54:01,1,1,4,0.08,3.0
2025-01-06 06:54:43,2,2,3,0.06,3.0
2025-01-06 06:56:53,3,4,3,0.06,3.0
2025-01-06 06:57:46,2,2,3,0.06,3.0
2025-01-06 06:58:26,1,3,3,0.06,4.0
2025-01-06 07:00:29,4,7,4,0.08,4.0
2025-01-06 07:04:19,4,4,4,0.08,3.0
2025-01-06 07:05:09,1,2,3,0.06,3.0
2025-01-06 07:09:09,3,4,3,0.06,3.0
2025-01-06 07:11:58,0,4,3,0.06,2.0
2025-01-06 07:14:08,0,1,2,0.04,2.0
2025-01-06 07:15:05,3,1,2,0.04,3.0
2025-01-06 07:16:15,2,5,3,0.06,3.0
2025-01-06 07:19:10,1,2,3,0.06,3.0
2025-01-06 07:23:55,0,4,3,0.06,3.0
2025-01-06 07:28:11,4,3,3,0.06,3.0
2025-01-06 07:32:36,4,2,3,0.06,4.0
2025-01-06 07:33:18,0,7,4,0.08,5.0
2025-01-06 07:37:17,2,7,5,0.1,4.0
2025-01-06 07:41:35,3,1,4,0.08,4.0
2025-01-06 07:43:44,3,5,4,0.08,3.0
2025-01-06 07:44:44,1,2,3,0.06,4.0
2025-01-06 07:45:29,0,6,4,0.08,4.0
2025-01-06 07:48:15,2,3,4,0.08,4.0
2025-01-06 07:51:30,1,3,4,0.08,3.0
2025-01-06 07:53:39,1,0,3,0.06,4.0
2025-01-06 07:55:57,4,6,4,0.08,3.0
2025-01-06 07:59:19,1,1,3,0.06,5.0
2025-01-06 08:03:45,1,9,5,0.1,6.0
2025-01-06 08:06:56,3,8,6,0.12,9.0
2025-01-06 08:11:01,4,17,9,0.18,12.0
2025-01-06 08:15:54,2,19,12,0.24,12.0
2025-01-06 08:20:46,1,11,12,0.24,11.0
2025-01-06 08:21:18,2,10,11,0.22,13.0
2025-01-06 08:22:15,0,18,13,0.26,12.0
2025-01-06 08:25:13,1,11,12,0.24,11.0
2025-01-06 08:26:10,0,10,11,0.22,12.0
2025-01-06 08:27:44,4,15,12,0.24,11.0
2025-01-06 08:28:34,4,10,11,0.22,13.0
2025-01-06 08:33:15,3,18,13,0.26,13.0
2025-01-06 08:37:39,4,12,13,0.26,12.0
2025-01-06 08:41:55,3,11,12,0.24,13.0
2025-01-06 08:42:37,0,17,13,0.26,11.0
2025-01-06 08:43:55,3,7,11,0.22,12.0
2025-01-06 08:46:22,3,16,12,0.24,13.0
2025-01-06 08:47:45,0,16,13,0.26,12.0
2025-01-06 08:50:32,0,8,12,0.24,13.0
2025-01-06 08:51:54,0,14,13,0.26,12.0
2025-01-06 08:53:07,2,8,12,0.24,13.0
2025-01-06 08:54:29,0,14,13,0.26,13.0
2025-01-06 08:56:12,1,12,13,0.26,13.0
2025-01-06 08:57:27,0,12,13,0.26,14.0
2025-01-06 08:58:09,1,18,14,0.28,14.0
2025-01-06 09:01:23,1,15,14,0.28,15.0
2025-01-06 09:03:34,1,18,15,0.3,13.0
2025-01-06 09:08:21,2,7,13,0.26,15.0
2025-01-06 09:11:08,2,19,15,0.3,12.0
2025-01-06 09:14:20,0,6,12,0.24,12.0
2025-01-06 09:16:40,3,13,12,0.24,12.0
2025-01-06 09:18:51,4,13,12,0.24,11.0
2025-01-06 09:19:37,0,8,11,0.22,13.0
2025-01-06 09:24:34,1,18,13,0.26,12.0
2025-01-06 09:28:05,2,10,12,0.24,12.0
2025-01-06 09:28:58,3,11,12,0.24,12.0
2025-01-06 09:29:56,2,12,12,0.24,12.0
2025-01-06 09:33:16,0,12,12,0.24,12.0
2025-01-06 09:37:33,0,12,12,0.24,14.0
2025-01-06 09:41:10,2,18,14,0.28,12.0
2025-01-06 09:45:29,1,6,12,0.24,10.0
2025-01-06 09:47:57,3,7,10,0.2,12.0
2025-01-06 09:51:02,0,18,12,0.24,11.0
2025-01-06 09:54:26,1,9,11,0.22,10.0
2025-01-06 09:56:39,3,9,10,0.2,11.0
2025-01-06 09:58:40,0,14,11,0.22,10.0
2025-01-06 10:02:15,4,6,10,0.2,11.0
2025-01-06 10:05:45,3,12,11,0.22,13.0
2025-01-06 10:09:04,4,17,13,0.26,11.0
2025-01-06 10:12:40,2,7,11,0.22,11.0
2025-01-06 10:16:04,1,12,11,0.22,13.0
2025-01-06 10:20:15,3,18,13,0.26,14.0
2025-01-06 10:24:37,0,17,14,0.28,12.0
2025-01-06 10:27:48,3,6,12,0.24,11.0
2025-01-06 10:30:31,0,9,11,0.22,12.0
2025-01-06 10:34:44,1,14,12,0.24,13.0
2025-01-06 10:37:46,3,17,13,0.26,12.0
2025-01-06 10:38:48,1,10,12,0.24,13.0
2025-01-06 10:40:12,2,16,13,0.26,12.0
2025-01-06 10:40:48,0,8,12,0.24,12.0
2025-01-06 10:45:21,2,12,12,0.24,11.0
2025-01-06 10:47:56,0,10,11,0.22,10.0
2025-01-06 10:48:37,2,6,10,0.2,11.0
2025-01-06 10:49:22,1,14,11,0.22,12.0
2025-01-06 10:53:19,1,13,12,0.24,12.0
2025-01-06 10:54:31,2,13,12,0.24,12.0
2025-01-06 10:57:15,4,12,12,0.24,13.0
2025-01-06 11:01:32,3,14,13,0.26,14.0
2025-01-06 11:03:52,0,16,14,0.28,15.0
2025-01-06 11:07:01,2,16,15,0.3,14.0
2025-01-06 11:11:54,3,10,14,0.28,12.0
2025-01-06 11:16:08,2,6,12,0.24,13.0
2025-01-06 11:20:14,0,16,13,0.26,12.0
2025-01-06 11:21:28,2,8,12,0.24,13.0
2025-01-06 11:25:31,1,16,13,0.26,11.0
2025-01-06 11:26:59,3,7,11,0.22,11.0
2025-01-06 11:29:40,0,10,11,0.22,13.0
2025-01-06 11:31:53,4,18,13,0.26,11.0
2025-01-06 11:35:37,3,7,11,0.22,12.0
2025-01-06 11:38:43,4,13,12,0.24,14.0
2025-01-06 11:40:50,2,18,14,0.28,14.0
2025-01-06 11:45:05,3,14,14,0.28,13.0
2025-01-06 11:48:59,0,12,13,0.26,13.0
2025-01-06 11:50:47,1,13,13,0.26,14.0
2025-01-06 11:53:20,4,18,14,0.28,13.0
2025-01-06 11:57:27,0,11,13,0.26,14.0
2025-01-06 11:58:00,2,15,14,0.28,16.0
2025-01-06 11:59:59,2,19,16,0.32,12.0
2025-01-06 12:02:12,4,4,12,0.24,10.0
2025-01-06 12:04:40,3,7,10,0.2,8.0
2025-01-06 12:07:22,0,5,8,0.16,7.0
2025-01-06 12:09:27,1,4,7,0.14,7.0
2025-01-06 12:12:19,0,6,7,0.14,6.0
2025-01-06 12:13:16,2,3,6,0.12,5.0
2025-01-06 12:17:38,0,3,5,0.1,4.0
2025-01-06 12:18:24,1,2,4,0.08,3.0
2025-01-06 12:19:52,2,2,3,0.06,2.0
2025-01-06 12:21:51,4,1,2,0.04,3.0
2025-01-06 12:25:39,2,4,3,0.06,4.0
2025-01-06 12:26:34,2,6,4,0.08,4.0
2025-01-06 12:27:28,4,3,4,0.08,3.0
2025-01-06 12:32:24,2,1,3,0.06,3.0
2025-01-06 12:35:54,3,2,3,0.06,3.0
2025-01-06 12:37:31,3,3,3,0.06,4.0
2025-01-06 12:38:49,0,7,4,0.08,3.0
2025-01-06 12:42:13,0,1,3,0.06,3.0
2025-01-06 12:43:34,3,2,3,0.06,3.0
2025-01-06 12:45:45,3,3,3,0.06,4.0
2025-01-06 12:49:50,4,7,4,0.08,4.0
2025-01-06 12:53:27,1,5,4,0.08,5.0
2025-01-06 12:54:53,0,7,5,0.1,6.0
2025-01-06 12:56:09,1,7,6,0.12,6.0
2025-01-06 12:59:17,3,5,6,0.12,5.0
2025-01-06 13:02:40,4,2,5,0.1,5.0
2025-01-06 13:07:11,1,5,5,0.1,6.0
2025-01-06 13:11:41,2,7,6,0.12,6.0
2025-01-06 13:12:15,3,5,6,0.12,6.0
2025-01-06 13:14:08,3,6,6,0.12,5.0
2025-01-06 13:18:45,3,3,5,0.1,5.0
2025-01-06 13:20:08,4,5,5,0.1,5.0
2025-01-06 13:23:18,1,4,5,0.1,5.0
2025-01-06 13:27:33,3,5,5,0.1,6.0
2025-01-06 13:28:17,4,7,6,0.12,6.0
2025-01-06 13:32:30,2,5,6,0.12,5.0
2025-01-06 13:34:00,4,4,5,0.1,5.0
2025-01-06 13:36:31,1,6,5,0.1,5.0
2025-01-06 13:37:46,2,4,5,0.1,4.0
2025-01-06 13:39:17,0,3,4,0.08,3.0
2025-01-06 13:41:12,2,1,3,0.06,2.0
2025-01-06 13:45:11,3,1,2,0.04,3.0
2025-01-06 13:46:58,4,4,3,0.06,4.0
2025-01-06 13:50:49,2,7,4,0.08,4.0
2025-01-06 13:55:01,0,3,4,0.08,3.0
2025-01-06 13:59:12,4,0,3,0.06,4.0
2025-01-06 13:59:44,3,5,4,0.08,4.0
2025-01-06 14:00:19,2,3,4,0.08,4.0
2025-01-06 14:02:21,0,5,4,0.08,3.0
2025-01-06 14:02:58,1,2,3,0.06,3.0
2025-01-06 14:07:22,0,3,3,0.06,3.0
2025-01-06 14:09:39,4,2,3,0.06,2.0
2025-01-06 14:12:49,2,1,2,0.04,3.0
2025-01-06 14:16:47,0,4,3,0.06,2.0
2025-01-06 14:21:16,1,0,2,0.04,3.0
2025-01-06 14:22:35,3,4,3,0.06,4.0
2025-01-06 14:23:15,0,6,4,0.08,4.0
2025-01-06 14:26:20,3,5,4,0.08,4.0
2025-01-06 14:27:59,2,3,4,0.08,5.0
2025-01-06 14:31:17,2,7,5,0.1,4.0
2025-01-06 14:32:54,3,0,4,0.08,3.0
2025-01-06 14:37:35,4,2,3,0.06,3.0
2025-01-06 14:38:52,4,4,3,0.06,4.0
2025-01-06 14:42:25,4,7,4,0.08,5.0
2025-01-06 14:46:01,3,7,5,0.1,5.0
2025-01-06 14:48:00,3,4,5,0.1,5.0
2025-01-06 14:50:48,0,6,5,0.1,6.0
2025-01-06 14:52:46,0,7,6,0.12,5.0
2025-01-06 14:53:34,4,4,5,0.1,5.0
2025-01-06 14:56:37,0,4,5,0.1,4.0
2025-01-06 15:01:26,0,2,4,0.08,4.0
2025-01-06 15:03:43,2,4,4,0.08,5.0
2025-01-06 15:05:11,2,7,5,0.1,4.0
2025-01-06 15:07:45,3,1,4,0.08,5.0
2025-01-06 15:10:01,4,6,5,0.1,4.0
2025-01-06 15:14:35,1,3,4,0.08,4.0
2025-01-06 15:19:11,4,3,4,0.08,3.0
2025-01-06 15:19:48,3,1,3,0.06,4.0
2025-01-06 15:22:38,0,7,4,0.08,3.0
2025-01-06 15:23:15,1,2,3,0.06,2.0
2025-01-06 15:25:18,4,0,2,0.04,2.0
2025-01-06 15:26:26,1,2,2,0.04,2.0
2025-01-06 15:28:16,1,2,2,0.04,2.0
2025-01-06 15:31:52,3,1,2,0.04,2.0
2025-01-06 15:33:45,2,2,2,0.04,3.0
2025-01-06 15:35:42,0,5,3,0.06,4.0
2025-01-06 15:40:13,4,7,4,0.08,3.0
2025-01-06 15:42:15,3,0,3,0.06,2.0
2025-01-06 15:44:10,3,1,2,0.04,2.0
2025-01-06 15:45:23,0,3,2,0.04,3.0
2025-01-06 15:48:09,1,6,3,0.06,3.0
2025-01-06 15:49:52,3,4,3,0.06,3.0
2025-01-06 15:50:57,1,4,3,0.06,2.0
2025-01-06 15:53:07,0,1,2,0.04,3.0
2025-01-06 15:56:12,2,6,3,0.06,4.0
2025-01-06 16:00:56,0,6,4,0.08,5.0
2025-01-06 16:04:16,4,6,5,0.1,6.0
2025-01-06 16:08:21,0,7,6,0.12,4.0
2025-01-06 16:11:40,3,1,4,0.08,5.0
2025-01-06 16:16:21,2,7,5,0.1,4.0
2025-01-06 16:17:45,3,1,4,0.08,4.0
2025-01-06 16:19:45,4,4,4,0.08,4.0
2025-01-06 16:21:55,0,4,4,0.08,4.0
2025-01-06 16:24:59,4,4,4,0.08,3.0
2025-01-06 16:27:49,3,0,3,0.06,2.0
2025-01-06 16:31:11,2,1,2,0.04,3.0
2025-01-06 16:31:50,4,5,3,0.06,3.0
2025-01-06 16:36:07,4,4,3,0.06,4.0
2025-01-06 16:41:01,0,7,4,0.08,5.0
2025-01-06 16:45:38,0,7,5,0.1,4.0
2025-01-06 16:50:14,2,0,4,0.08,3.0
2025-01-06 16:53:18,4,1,3,0.06,3.0
2025-01-06 16:54:21,4,3,3,0.06,3.0
2025-01-06 16:56:59,4,4,3,0.06,8.0
2025-01-06 17:00:08,4,19,8,0.16,11.0
2025-01-06 17:02:06,1,19,11,0.22,10.0
2025-01-06 17:04:08,0,9,10,0.2,11.0
2025-01-06 17:08:38,3,12,11,0.22,13.0
2025-01-06 17:11:04,3,18,13,0.26,14.0
2025-01-06 17:13:07,3,18,14,0.28,12.0
2025-01-06 17:16:19,3,8,12,0.24,12.0
2025-01-06 17:18:27,0,13,12,0.24,10.0
2025-01-06 17:20:49,3,6,10,0.2,10.0
2025-01-06 17:22:49,3,11,10,0.2,10.0
2025-01-06 17:26:44,1,11,10,0.2,10.0
2025-01-06 17:27:30,0,9,10,0.2,11.0
2025-01-06 17:30:52,2,12,11,0.22,11.0
2025-01-06 17:33:17,0,11,11,0.22,10.0
2025-01-06 17:36:47,3,7,10,0.2,10.0
2025-01-06 17:38:47,2,11,10,0.2,9.0
2025-01-06 17:40:38,2,6,9,0.18,9.0
2025-01-06 17:43:01,0,10,9,0.18,12.0
2025-01-06 17:47:47,2,18,12,0.24,13.0
2025-01-06 17:49:14,3,17,13,0.26,14.0
2025-01-06 17:52:17,4,17,14,0.28,15.0
2025-01-06 17:54:42,1,17,15,0.3,12.0
2025-01-06 17:59:37,0,6,12,0.24,12.0
2025-01-06 18:03:29,2,13,12,0.24,14.0
2025-01-06 18:04:39,4,19,14,0.28,14.0
2025-01-06 18:06:53,4,14,14,0.28,12.0
2025-01-06 18:10:35,3,8,12,0.24,12.0
2025-01-06 18:15:01,2,11,12,0.24,13.0
2025-01-06 18:19:11,3,15,13,0.26,14.0
2025-01-06 18:20:48,3,17,14,0.28,12.0
2025-01-06 18:24:34,1,8,12,0.24,12.0
2025-01-06 18:29:19,4,11,12,0.24,13.0
2025-01-06 18:32:07,0,16,13,0.26,13.0
2025-01-06 18:35:05,2,14,13,0.26,14.0
2025-01-06 18:37:13,0,18,14,0.28,15.0
2025-01-06 18:38:58,3,18,15,0.3,13.0
2025-01-06 18:41:16,3,8,13,0.26,11.0
2025-01-06 18:44:53,4,6,11,0.22,13.0
2025-01-06 18:48:41,0,17,13,0.26,11.0
2025-01-06 18:51:44,3,7,11,0.22,12.0
2025-01-06 18:52:53,1,15,12,0.24,14.0
2025-01-06 18:55:35,0,19,14,0.28,12.0
2025-01-06 18:58:16,4,8,12,0.24,13.0
2025-01-06 19:00:09,3,14,13,0.26,12.0
2025-01-06 19:04:40,2,10,12,0.24,10.0
2025-01-06 19:07:05,2,6,10,0.2,12.0
2025-01-06 19:09:23,0,17,12,0.24,13.0
2025-01-06 19:13:33,4,17,13,0.26,12.0
2025-01-06 19:14:43,2,10,12,0.24,13.0
2025-01-06 19:17:39,4,16,13,0.26,11.0
2025-01-06 19:20:00,4,7,11,0.22,11.0
2025-01-06 19:22:12,0,12,11,0.22,11.0
2025-01-06 19:23:27,3,12,11,0.22,11.0
2025-01-06 19:28:27,4,10,11,0.22,11.0
2025-01-06 19:32:11,3,11,11,0.22,13.0
2025-01-06 19:33:20,3,19,13,0.26,13.0
2025-01-06 19:36:58,0,12,13,0.26,12.0
2025-01-06 19:40:11,2,9,12,0.24,14.0
2025-01-06 19:41:04,3,18,14,0.28,12.0
2025-01-06 19:41:57,3,6,12,0.24,14.0
2025-01-06 19:42:30,1,18,14,0.28,15.0
2025-01-06 19:46:00,2,17,15,0.3,16.0
2025-01-06 19:50:37,0,18,16,0.32,15.0
2025-01-06 19:53:02,4,12,15,0.3,14.0
2025-01-06 19:54:40,1,11,14,0.28,12.0
2025-01-06 19:59:23,1,6,12,0.24,12.0
2025-01-06 20:02:53,1,12,12,0.24,11.0
2025-01-06 20:06:11,3,8,11,0.22,12.0
2025-01-06 20:10:49,2,16,12,0.24,14.0
2025-01-06 20:14:26,2,19,14,0.28,14.0
2025-01-06 20:15:49,3,14,14,0.28,12.0
2025-01-06 20:18:36,0,9,12,0.24,13.0
2025-01-06 20:21:53,2,16,13,0.26,11.0
2025-01-06 20:24:05,1,7,11,0.22,11.0
2025-01-06 20:25:59,4,11,11,0.22,12.0
2025-01-06 20:30:00,3,15,12,0.24,13.0
2025-01-06 20:30:32,2,14,13,0.26,12.0
2025-01-06 20:34:00,1,10,12,0.24,12.0
2025-01-06 20:35:07,4,12,12,0.24,10.0
2025-01-06 20:39:35,0,6,10,0.2,12.0
2025-01-06 20:42:53,4,18,12,0.24,12.0
2025-01-06 20:43:52,4,11,12,0.24,13.0
2025-01-06 20:47:31,3,16,13,0.26,11.0
2025-01-06 20:48:25,1,7,11,0.22,12.0
2025-01-06 20:50:46,1,13,12,0.24,11.0
2025-01-06 20:54:41,4,10,11,0.22,11.0
2025-01-06 20:58:15,4,11,11,0.22,11.0
2025-01-06 20:59:31,2,11,11,0.22,12.0
2025-01-06 21:03:48,2,16,12,0.24,11.0
2025-01-06 21:04:56,0,8,11,0.22,10.0
2025-01-06 21:05:41,2,8,10,0.2,12.0
2025-01-06 21:06:32,1,16,12,0.24,12.0
2025-01-06 21:10:34,1,12,12,0.24,13.0
2025-01-06 21:13:32,3,15,13,0.26,11.0
2025-01-06 21:18:02,4,6,11,0.22,13.0
2025-01-06 21:19:30,2,19,13,0.26,11.0
2025-01-06 21:23:21,0,7,11,0.22,10.0
2025-01-06 21:24:22,3,8,10,0.2,12.0
2025-01-06 21:27:33,2,18,12,0.24,14.0
2025-01-06 21:32:17,2,18,14,0.28,12.0
2025-01-06 21:37:00,0,9,12,0.24,11.0
2025-01-06 21:37:38,4,10,11,0.22,12.0
2025-01-06 21:40:26,4,14,12,0.24,12.0
2025-01-06 21:41:05,1,13,12,0.24,12.0
2025-01-06 21:45:08,0,12,12,0.24,13.0
2025-01-06 21:46:25,2,17,13,0.26,13.0
2025-01-06 21:48:45,2,13,13,0.26,13.0
2025-01-06 21:51:47,1,14,13,0.26,12.0
2025-01-06 21:54:19,3,11,12,0.24,11.0
2025-01-06 21:56:30,2,8,11,0.22,9.0
2025-01-06 22:01:00,1,5,9,0.18,8.0
2025-01-06 22:04:40,0,4,8,0.16,6.0
2025-01-06 22:08:46,1,1,6,0.12,4.0
2025-01-06 22:10:06,1,1,4,0.08,4.0
2025-01-06 22:11:56,3,4,4,0.08,5.0
2025-01-06 22:13:53,1,6,5,0.1,5.0
2025-01-06 22:17:36,1,6,5,0.1,4.0
2025-01-06 22:19:49,2,0,4,0.08,4.0
2025-01-06 22:24:49,1,4,4,0.08,5.0
2025-01-06 22:26:54,3,7,5,0.1,4.0
2025-01-06 22:30:41,3,3,4,0.08,5.0
2025-01-06 22:31:11,0,7,5,0.1,4.0
2025-01-06 22:34:27,0,3,4,0.08,4.0
2025-01-06 22:37:02,3,4,4,0.08,3.0
2025-01-06 22:38:52,1,2,3,0.06,3.0
2025-01-06 22:43:32,2,4,3,0.06,3.0
2025-01-06 22:46:50,3,4,3,0.06,3.0
2025-01-06 22:48:32,4,4,3,0.06,3.0
2025-01-06 22:51:22,0,4,3,0.06,4.0
2025-01-06 22:53:01,2,7,4,0.08,5.0
2025-01-06 22:57:52,3,6,5,0.1,4.0
2025-01-06 23:02:26,3,1,4,0.08,4.0
2025-01-06 23:02:58,0,3,4,0.08,3.0
2025-01-06 23:04:30,4,0,3,0.06,4.0
2025-01-06 23:05:48,3,7,4,0.08,3.0
2025-01-06 23:07:33,0,2,3,0.06,4.0
2025-01-06 23:10:57,0,5,4,0.08,3.0
2025-01-06 23:13:15,0,2,3,0.06,4.0
2025-01-06 23:16:47,2,6,4,0.08,5.0
2025-01-06 23:20:28,1,7,5,0.1,4.0
2025-01-06 23:22:02,1,2,4,0.08,4.0
2025-01-06 23:27:02,4,5,4,0.08,4.0
2025-01-06 23:29:11,0,4,4,0.08,3.0
2025-01-06 23:30:12,0,2,3,0.06,3.0
2025-01-06 23:32:49,0,2,3,0.06,3.0
2025-01-06 23:34:01,4,4,3,0.06,2.0
2025-01-06 23:35:48,2,0,2,0.04,2.0
2025-01-06 23:40:47,2,3,2,0.04,1.0
2025-01-06 23:43:58,2,0,1,0.02,3.0
2025-01-06 23:47:36,1,7,3,0.06,3.0
2025-01-06 23:52:12,4,2,3,0.06,4.0
2025-01-06 23:56:17,4,6,4,0.08,3.0
2025-01-06 23:59:34,2,1,3,0.06,4.0
2025-01-07 00:03:16,3,5,4,0.08,3.0
2025-01-07 00:03:58,4,2,3,0.06,4.0
2025-01-07 00:08:27,4,6,4,0.08,4.0
2025-01-07 00:11:23,0,5,4,0.08,4.0
2025-01-07 00:15:16,0,4,4,0.08,4.0
2025-01-07 00:17:05,4,4,4,0.08,5.0
2025-01-07 00:18:17,3,6,5,0.1,4.0
2025-01-07 00:20:15,0,0,4,0.08,4.0
2025-01-07 00:23:12,0,4,4,0.08,4.0
2025-01-07 00:25:16,4,4,4,0.08,4.0
2025-01-07 00:28:16,2,5,4,0.08,3.0
2025-01-07 00:28:47,1,0,3,0.06,4.0
2025-01-07 00:29:38,0,5,4,0.08,5.0
2025-01-07 00:30:14,0,6,5,0.1,4.0
2025-01-07 00:34:09,1,3,4,0.08,3.0
2025-01-07 00:36:32,3,1,3,0.06,3.0
2025-01-07 00:38:24,0,3,3,0.06,3.0
2025-01-07 00:41:52,3,2,3,0.06,2.0
2025-01-07 00:45:51,1,1,2,0.04,1.0
2025-01-07 00:48:24,2,0,1,0.02,2.0
2025-01-07 00:50:46,3,4,2,0.04,2.0
2025-01-07 00:51:27,0,3,2,0.04,3.0
2025-01-07 00:54:02,2,5,3,0.06,2.0
2025-01-07 00:55:24,1,1,2,0.04,3.0
2025-01-07 00:58:13,1,4,3,0.06,4.0
2025-01-07 01:00:19,3,5,4,0.08,4.0
2025-01-07 01:00:53,2,4,4,0.08,4.0
2025-01-07 01:02:19,2,4,4,0.08,4.0
2025-01-07 01:03:57,1,5,4,0.08,3.0
2025-01-07 01:06:24,4,0,3,0.06,3.0
2025-01-07 01:07:52,3,4,3,0.06,4.0
2025-01-07 01:08:54,3,7,4,0.08,4.0
2025-01-07 01:10:13,2,5,4,0.08,5.0
2025-01-07 01:11:01,0,7,5,0.1,5.0
2025-01-07 01:15:04,3,6,5,0.1,4.0
2025-01-07 01:18:50,1,3,4,0.08,3.0
2025-01-07 01:20:06,3,1,3,0.06,3.0
2025-01-07 01:23:22,0,2,3,0.06,3.0
2025-01-07 01:26:12,2,3,3,0.06,3.0
2025-01-07 01:28:05,3,2,3,0.06,4.0
2025-01-07 01:31:36,2,7,4,0.08,4.0
2025-01-07 01:33:24,2,4,4,0.08,4.0
2025-01-07 01:37:28,2,3,4,0.08,5.0
2025-01-07 01:38:11,3,7,5,0.1,4.0
2025-01-07 01:42:15,3,1,4,0.08,3.0
2025-01-07 01:44:52,3,2,3,0.06,2.0
2025-01-07 01:49:29,3,0,2,0.04,2.0
2025-01-07 01:50:27,0,3,2,0.04,1.0
2025-01-07 01:54:18,0,0,1,0.02,2.0
2025-01-07 01:55:44,4,5,2,0.04,3.0
2025-01-07 01:59:51,3,5,3,0.06,4.0
2025-01-07 02:01:22,0,5,4,0.08,3.0
2025-01-07 02:04:28,1,0,3,0.06,4.0
2025-01-07 02:08:19,4,5,4,0.08,5.0
2025-01-07 02:09:05,3,7,5,0.1,5.0
2025-01-07 02:09:40,2,6,5,0.1,5.0
2025-01-07 02:11:07,4,4,5,0.1,4.0
2025-01-07 02:14:25,3,1,4,0.08,4.0
2025-01-07 02:16:16,0,3,4,0.08,3.0
2025-01-07 02:20:24,4,0,3,0.06,2.0
2025-01-07 02:23:50,3,1,2,0.04,2.0
2025-01-07 02:27:43,2,1,2,0.04,3.0
2025-01-07 02:29:23,3,6,3,0.06,2.0
2025-01-07 02:34:18,4,0,2,0.04,2.0
2025-01-07 02:36:25,0,1,2,0.04,3.0
2025-01-07 02:40:22,0,4,3,0.06,3.0
2025-01-07 02:40:53,1,3,3,0.06,3.0
2025-01-07 02:43:26,0,2,3,0.06,4.0
2025-01-07 02:45:09,1,5,4,0.08,4.0
2025-01-07 02:48:24,0,3,4,0.08,4.0
2025-01-07 02:49:15,2,3,4,0.08,5.0
2025-01-07 02:52:18,2,6,5,0.1,5.0
2025-01-07 02:56:26,4,6,5,0.1,5.0
2025-01-07 02:59:32,4,4,5,0.1,4.0
2025-01-07 03:03:51,4,3,4,0.08,3.0
2025-01-07 03:04:40,3,1,3,0.06,3.0
2025-01-07 03:05:50,4,3,3,0.06,4.0
2025-01-07 03:08:47,4,6,4,0.08,4.0
2025-01-07 03:11:04,2,3,4,0.08,5.0
2025-01-07 03:12:57,2,6,5,0.1,5.0
2025-01-07 03:15:40,2,4,5,0.1,4.0
2025-01-07 03:19:36,1,1,4,0.08,3.0
2025-01-07 03:24:31,3,1,3,0.06,3.0
2025-01-07 03:26:13,3,3,3,0.06,3.0
2025-01-07 03:27:30,3,3,3,0.06,3.0
2025-01-07 03:31:52,2,4,3,0.06,3.0
2025-01-07 03:34:01,2,4,3,0.06,3.0
2025-01-07 03:35:29,1,4,3,0.06,2.0
2025-01-07 03:40:16,3,0,2,0.04,1.0
2025-01-07 03:41:50,0,0,1,0.02,1.0
2025-01-07 03:43:42,0,1,1,0.02,1.0
2025-01-07 03:46:45,1,0,1,0.02,3.0
2025-01-07 03:51:40,2,7,3,0.06,3.0
2025-01-07 03:53:28,0,4,3,0.06,4.0
2025-01-07 03:56:27,3,7,4,0.08,3.0
2025-01-07 03:57:44,0,1,3,0.06,4.0
2025-01-07 04:02:21,2,5,4,0.08,5.0
2025-01-07 04:04:28,2,7,5,0.1,5.0
2025-01-07 04:05:22,3,5,5,0.1,4.0
2025-01-07 04:06:59,3,0,4,0.08,3.0
2025-01-07 04:07:35,2,2,3,0.06,3.0
2025-01-07 04:10:21,2,4,3,0.06,2.0
2025-01-07 04:13:34,4,1,2,0.04,2.0
2025-01-07 04:15:26,2,3,2,0.04,3.0
2025-01-07 04:18:13,1,5,3,0.06,3.0
2025-01-07 04:19:55,1,4,3,0.06,3.0
2025-01-07 04:24:21,4,4,3,0.06,3.0
2025-01-07 04:25:36,3,4,3,0.06,3.0
2025-01-07 04:27:51,4,4,3,0.06,4.0
2025-01-07 04:32:42,1,7,4,0.08,4.0
2025-01-07 04:36:07,3,4,4,0.08,5.0
2025-01-07 04:39:22,1,6,5,0.1,5.0
2025-01-07 04:42:16,4,6,5,0.1,4.0
2025-01-07 04:43:39,3,1,4,0.08,3.0
2025-01-07 04:47:06,3,1,3,0.06,4.0
2025-01-07 04:51:39,2,7,4,0.08,4.0
2025-01-07 04:54:15,3,4,4,0.08,4.0
2025-01-07 04:59:15,3,4,4,0.08,3.0
2025-01-07 05:01:56,0,0,3,0.06,2.0
2025-01-07 05:03:58,3,0,2,0.04,3.0
2025-01-07 05:05:40,4,5,3,0.06,2.0
2025-01-07 05:10:17,4,0,2,0.04,2.0
2025-01-07 05:11:29,4,3,2,0.04,3.0
2025-01-07 05:12:39,0,4,3,0.06,4.0
2025-01-07 05:15:58,1,6,4,0.08,3.0
2025-01-07 05:19:59,3,2,3,0.06,3.0
2025-01-07 05:23:16,3,3,3,0.06,3.0
2025-01-07 05:24:24,1,2,3,0.06,4.0
2025-01-07 05:28:58,4,5,4,0.08,4.0
2025-01-07 05:31:58,3,5,4,0.08,4.0
2025-01-07 05:34:18,0,4,4,0.08,4.0
2025-01-07 05:35:34,0,5,4,0.08,3.0
2025-01-07 05:37:06,3,0,3,0.06,3.0
2025-01-07 05:41:20,3,2,3,0.06,2.0
2025-01-07 05:42:58,0,0,2,0.04,2.0
2025-01-07 05:46:50,2,3,2,0.04,2.0
2025-01-07 05:48:20,4,2,2,0.04,2.0
2025-01-07 05:51:30,0,1,2,0.04,4.0
2025-01-07 05:52:15,2,7,4,0.08,4.0
2025-01-07 05:54:18,0,5,4,0.08,3.0
2025-01-07 05:57:05,0,1,3,0.06,4.0
2025-01-07 05:58:12,2,6,4,0.08,4.0
2025-01-07 06:00:48,3,4,4,0.08,5.0
2025-01-07 06:04:01,3,7,5,0.1,4.0
2025-01-07 06:05:47,2,2,4,0.08,5.0
2025-01-07 06:09:10,1,7,5,0.1,6.0
2025-01-07 06:11:10,0,7,6,0.12,4.0
2025-01-07 06:15:37,3,1,4,0.08,3.0
2025-01-07 06:20:30,1,0,3,0.06,3.0
2025-01-07 06:23:58,0,3,3,0.06,3.0
2025-01-07 06:27:56,4,4,3,0.06,4.0
2025-01-07 06:29:38,1,6,4,0.08,5.0
2025-01-07 06:31:54,2,6,5,0.1,4.0
2025-01-07 06:35:25,1,0,4,0.08,3.0
2025-01-07 06:36:31,2,2,3,0.06,2.0
2025-01-07 06:39:17,0,0,2,0.04,2.0
2025-01-07 06:40:42,3,2,2,0.04,3.0
2025-01-07 06:44:18,1,5,3,0.06,2.0
2025-01-07 06:49:05,2,0,2,0.04,4.0
2025-01-07 06:50:32,3,7,4,0.08,4.0
2025-01-07 06:53:04,2,4,4,0.08,5.0
2025-01-07 06:56:41,3,6,5,0.1,5.0
2025-01-07 07:01:00,3,4,5,0.1,4.0
2025-01-07 07:04:17,2,0,4,0.08,5.0
2025-01-07 07:06:40,4,6,5,0.1,4.0
2025-01-07 07:11:21,4,3,4,0.08,5.0
2025-01-07 07:13:37,1,7,5,0.1,5.0
2025-01-07 07:14:43,2,6,5,0.1,4.0
2025-01-07 07:16:44,4,0,4,0.08,4.0
2025-01-07 07:17:31,3,5,4,0.08,4.0
2025-01-07 07:19:03,4,5,4,0.08,5.0
2025-01-07 07:22:02,3,6,5,0.1,5.0
2025-01-07 07:24:50,0,4,5,0.1,4.0
2025-01-07 07:28:25,2,0,4,0.08,3.0
2025-01-07 07:31:59,4,0,3,0.06,4.0
2025-01-07 07:35:53,4,6,4,0.08,3.0
2025-01-07 07:40:42,1,0,3,0.06,3.0
2025-01-07 07:44:45,2,4,3,0.06,2.0
2025-01-07 07:49:30,0,1,2,0.04,3.0
2025-01-07 07:52:14,3,6,3,0.06,3.0
2025-01-07 07:53:44,3,4,3,0.06,4.0
2025-01-07 07:55:41,2,5,4,0.08,3.0
2025-01-07 07:59:37,3,1,3,0.06,6.0
2025-01-07 08:02:15,2,13,6,0.12,9.0
2025-01-07 08:02:47,3,17,9,0.18,11.0
2025-01-07 08:07:18,4,16,11,0.22,13.0
2025-01-07 08:09:48,2,17,13,0.26,14.0
2025-01-07 08:11:59,4,17,14,0.28,13.0
2025-01-07 08:13:06,2,12,13,0.26,14.0
2025-01-07 08:15:48,0,17,14,0.28,15.0
2025-01-07 08:19:39,3,18,15,0.3,13.0
2025-01-07 08:20:29,2,7,13,0.26,14.0
2025-01-07 08:25:00,4,17,14,0.28,13.0
2025-01-07 08:27:18,4,12,13,0.26,14.0
2025-01-07 08:29:11,1,15,14,0.28,16.0
2025-01-07 08:31:03,3,19,16,0.32,13.0
2025-01-07 08:32:41,4,6,13,0.26,13.0
2025-01-07 08:35:19,0,13,13,0.26,13.0
2025-01-07 08:39:04,0,12,13,0.26,14.0
2025-01-07 08:41:53,2,17,14,0.28,12.0
2025-01-07 08:46:16,2,8,12,0.24,10.0
2025-01-07 08:47:08,4,7,10,0.2,9.0
2025-01-07 08:50:10,4,7,9,0.18,12.0
2025-01-07 08:51:40,4,19,12,0.24,11.0
2025-01-07 08:53:01,3,10,11,0.22,12.0
2025-01-07 08:56:03,1,16,12,0.24,12.0
2025-01-07 09:00:29,1,11,12,0.24,11.0
2025-01-07 09:01:30,4,9,11,0.22,13.0
2025-01-07 09:02:54,2,19,13,0.26,13.0
2025-01-07 09:03:59,0,12,13,0.26,13.0
2025-01-07 09:06:18,3,14,13,0.26,12.0
2025-01-07 09:09:44,0,8,12,0.24,13.0
2025-01-07 09:11:50,1,14,13,0.26,13.0
2025-01-07 09:15:52,2,12,13,0.26,13.0
2025-01-07 09:18:38,1,14,13,0.26,12.0
2025-01-07 09:19:13,4,8,12,0.24,14.0
2025-01-07 09:21:31,2,19,14,0.28,12.0
2025-01-07 09:22:35,1,9,12,0.24,14.0
2025-01-07 09:23:43,1,18,14,0.28,14.0
2025-01-07 09:26:42,1,13,14,0.28,14.0
2025-01-07 09:29:09,2,14,14,0.28,14.0
2025-01-07 09:33:59,1,15,14,0.28,12.0
2025-01-07 09:35:55,3,9,12,0.24,13.0
2025-01-07 09:37:40,1,17,13,0.26,14.0
2025-01-07 09:41:43,2,18,14,0.28,12.0
2025-01-07 09:46:11,0,7,12,0.24,12.0
2025-01-07 09:49:25,4,11,12,0.24,14.0
2025-01-07 09:51:21,2,18,14,0.28,15.0
2025-01-07 09:54:11,2,18,15,0.3,14.0
2025-01-07 09:57:20,2,10,14,0.28,15.0
2025-01-07 09:58:35,3,17,15,0.3,16.0
2025-01-07 10:00:56,4,18,16,0.32,14.0
2025-01-07 10:02:10,2,8,14,0.28,16.0
2025-01-07 10:06:46,1,19,16,0.32,14.0
2025-01-07 10:08:59,1,9,14,0.28,12.0
2025-01-07 10:10:53,0,7,12,0.24,13.0
2025-01-07 10:13:36,0,16,13,0.26,11.0
2025-01-07 10:15:53,1,6,11,0.22,10.0
2025-01-07 10:16:40,2,6,10,0.2,9.0
2025-01-07 10:18:43,2,7,9,0.18,12.0
2025-01-07 10:21:42,4,19,12,0.24,13.0
2025-01-07 10:26:17,1,14,13,0.26,14.0
2025-01-07 10:30:15,2,17,14,0.28,16.0
2025-01-07 10:32:50,0,19,16,0.32,16.0
2025-01-07 10:37:14,2,16,16,0.32,17.0
2025-01-07 10:39:45,2,18,17,0.34,15.0
2025-01-07 10:42:32,4,12,15,0.3,16.0
2025-01-07 10:44:56,4,18,16,0.32,13.0
2025-01-07 10:48:07,2,6,13,0.26,12.0
2025-01-07 10:51:57,4,8,12,0.24,11.0
2025-01-07 10:56:20,2,8,11,0.22,11.0
2025-01-07 10:57:17,3,10,11,0.22,10.0
2025-01-07 10:57:57,4,9,10,0.2,11.0
2025-01-07 11:01:52,0,12,11,0.22,11.0
2025-01-07 11:05:08,2,12,11,0.22,10.0
2025-01-07 11:09:44,3,8,10,0.2,12.0
2025-01-07 11:11:00,0,18,12,0.24,14.0
2025-01-07 11:15:35,3,18,14,0.28,15.0
2025-01-07 11:18:11,2,17,15,0.3,13.0
2025-01-07 11:21:07,0,7,13,0.26,11.0
2025-01-07 11:23:34,1,6,11,0.22,13.0
2025-01-07 11:26:35,3,19,13,0.26,12.0
2025-01-07 11:28:16,0,10,12,0.24,13.0
2025-01-07 11:31:02,2,15,13,0.26,14.0
2025-01-07 11:34:26,3,16,14,0.28,14.0
2025-01-07 11:35:14,4,14,14,0.28,14.0
2025-01-07 11:38:58,2,14,14,0.28,12.0
2025-01-07 11:42:22,2,6,12,0.24,13.0
2025-01-07 11:45:12,1,15,13,0.26,14.0
2025-01-07 11:49:47,4,16,14,0.28,14.0
2025-01-07 11:51:49,4,13,14,0.28,12.0
2025-01-07 11:56:17,2,6,12,0.24,9.0
2025-01-07 12:00:11,4,3,9,0.18,8.0
2025-01-07 12:01:28,4,6,8,0.16,7.0
2025-01-07 12:06:02,1,5,7,0.14,6.0
2025-01-07 12:08:39,4,4,6,0.12,6.0
2025-01-07 12:09:25,4,6,6,0.12,6.0
2025-01-07 12:11:05,2,5,6,0.12,5.0
2025-01-07 12:16:03,1,2,5,0.1,4.0
2025-01-07 12:16:39,4,0,4,0.08,3.0
2025-01-07 12:18:51,2,0,3,0.06,3.0
2025-01-07 12:22:33,0,4,3,0.06,4.0
2025-01-07 12:27:03,0,5,4,0.08,5.0
2025-01-07 12:28:34,3,6,5,0.1,4.0
2025-01-07 12:29:20,1,2,4,0.08,3.0
2025-01-07 12:32:40,3,1,3,0.06,2.0
2025-01-07 12:33:34,3,0,2,0.04,2.0
2025-01-07 12:38:14,2,3,2,0.04,3.0
2025-01-07 12:42:56,4,5,3,0.06,2.0
2025-01-07 12:46:52,1,0,2,0.04,2.0
2025-01-07 12:47:50,3,1,2,0.04,3.0
2025-01-07 12:50:16,3,6,3,0.06,3.0
2025-01-07 12:53:09,0,3,3,0.06,3.0
2025-01-07 12:54:03,3,3,3,0.06,3.0
2025-01-07 12:57:08,0,4,3,0.06,3.0
2025-01-07 12:58:50,2,2,3,0.06,4.0
2025-01-07 13:01:19,4,5,4,0.08,3.0
2025-01-07 13:03:21,2,1,3,0.06,2.0
2025-01-07 13:05:16,1,0,2,0.04,4.0
2025-01-07 13:07:43,3,7,4,0.08,3.0
2025-01-07 13:12:05,1,0,3,0.06,3.0
2025-01-07 13:15:53,3,2,3,0.06,3.0
2025-01-07 13:19:48,0,3,3,0.06,4.0
2025-01-07 13:22:44,3,5,4,0.08,3.0
2025-01-07 13:27:44,4,1,3,0.06,3.0
2025-01-07 13:30:32,0,2,3,0.06,4.0
2025-01-07 13:34:02,4,5,4,0.08,5.0
2025-01-07 13:35:01,4,7,5,0.1,4.0
2025-01-07 13:36:27,1,0,4,0.08,4.0
2025-01-07 13:40:48,2,5,4,0.08,3.0
2025-01-07 13:43:43,4,0,3,0.06,3.0
2025-01-07 13:45:00,0,4,3,0.06,4.0
2025-01-07 13:48:43,4,5,4,0.08,3.0
2025-01-07 13:52:56,0,0,3,0.06,3.0
2025-01-07 13:55:41,0,2,3,0.06,4.0
2025-01-07 13:56:32,4,6,4,0.08,5.0
2025-01-07 13:57:07,3,7,5,0.1,4.0
2025-01-07 14:01:00,4,2,4,0.08,4.0
2025-01-07 14:05:28,2,4,4,0.08,5.0
2025-01-07 14:09:02,2,7,5,0.1,6.0
2025-01-07 14:13:11,4,7,6,0.12,6.0
2025-01-07 14:15:36,3,6,6,0.12,6.0
2025-01-07 14:16:54,1,6,6,0.12,6.0
2025-01-07 14:20:16,4,6,6,0.12,5.0
2025-01-07 14:22:07,0,2,5,0.1,4.0
2025-01-07 14:23:21,2,0,4,0.08,5.0
2025-01-07 14:24:10,2,6,5,0.1,4.0
2025-01-07 14:28:20,2,1,4,0.08,5.0
2025-01-07 14:30:52,0,7,5,0.1,4.0
2025-01-07 14:35:15,2,3,4,0.08,3.0
2025-01-07 14:39:25,3,1,3,0.06,2.0
2025-01-07 14:39:57,3,1,2,0.04,2.0
2025-01-07 14:43:28,0,2,2,0.04,2.0
2025-01-07 14:47:23,4,3,2,0.04,3.0
2025-01-07 14:48:32,1,5,3,0.06,3.0
2025-01-07 14:50:00,1,3,3,0.06,2.0
2025-01-07 14:51:31,1,0,2,0.04,2.0
2025-01-07 14:54:12,4,1,2,0.04,2.0
2025-01-07 14:55:41,3,1,2,0.04,4.0
2025-01-07 14:58:12,1,7,4,0.08,5.0
2025-01-07 15:00:28,2,7,5,0.1,4.0
2025-01-07 15:02:33,2,1,4,0.08,4.0
2025-01-07 15:06:57,1,5,4,0.08,5.0
2025-01-07 15:08:28,1,6,5,0.1,4.0
2025-01-07 15:13:13,2,3,4,0.08,5.0
2025-01-07 15:14:31,2,7,5,0.1,5.0
2025-01-07 15:17:39,1,4,5,0.1,4.0
2025-01-07 15:20:12,3,1,4,0.08,4.0
2025-01-07 15:24:08,4,4,4,0.08,5.0
2025-01-07 15:25:25,3,6,5,0.1,5.0
2025-01-07 15:28:10,2,5,5,0.1,5.0
2025-01-07 15:32:00,0,5,5,0.1,4.0
2025-01-07 15:36:39,2,3,4,0.08,4.0
2025-01-07 15:40:37,4,5,4,0.08,4.0
2025-01-07 15:44:37,0,3,4,0.08,3.0
2025-01-07 15:48:18,3,1,3,0.06,4.0
2025-01-07 15:49:31,0,7,4,0.08,5.0
2025-01-07 15:50:29,0,7,5,0.1,6.0
2025-01-07 15:51:57,3,7,6,0.12,5.0
2025-01-07 15:53:37,3,2,5,0.1,5.0
2025-01-07 15:55:38,4,5,5,0.1,5.0
2025-01-07 16:00:32,0,5,5,0.1,4.0
2025-01-07 16:04:41,1,0,4,0.08,3.0
2025-01-07 16:08:45,1,0,3,0.06,2.0
2025-01-07 16:10:18,0,0,2,0.04,2.0
2025-01-07 16:14:52,3,3,2,0.04,3.0
2025-01-07 16:16:23,2,4,3,0.06,3.0
2025-01-07 16:19:42,0,4,3,0.06,3.0
2025-01-07 16:24:40,3,4,3,0.06,4.0
2025-01-07 16:29:36,0,5,4,0.08,5.0
2025-01-07 16:30:59,0,7,5,0.1,5.0
2025-01-07 16:31:44,1,4,5,0.1,5.0
2025-01-07 16:32:21,2,6,5,0.1,6.0
2025-01-07 16:34:34,4,7,6,0.12,6.0
2025-01-07 16:36:02,4,6,6,0.12,5.0
2025-01-07 16:37:11,0,2,5,0.1,4.0
2025-01-07 16:41:37,1,0,4,0.08,4.0
2025-01-07 16:43:40,2,4,4,0.08,4.0
2025-01-07 16:47:51,3,4,4,0.08,4.0
2025-01-07 16:51:44,4,4,4,0.08,4.0
2025-01-07 16:54:31,3,3,4,0.08,5.0
2025-01-07 16:58:27,2,6,5,0.1,7.0
2025-01-07 17:00:17,0,12,7,0.14,9.0
2025-01-07 17:04:24,3,15,9,0.18,8.0
2025-01-07 17:04:55,2,6,8,0.16,11.0
2025-01-07 17:08:22,4,19,11,0.22,10.0
2025-01-07 17:11:17,2,8,10,0.2,10.0
2025-01-07 17:15:30,1,9,10,0.2,11.0
2025-01-07 17:17:01,3,12,11,0.22,13.0
2025-01-07 17:21:29,3,18,13,0.26,12.0
2025-01-07 17:25:13,3,10,12,0.24,14.0
2025-01-07 17:28:28,1,19,14,0.28,13.0
2025-01-07 17:32:39,0,11,13,0.26,13.0
2025-01-07 17:34:09,1,13,13,0.26,12.0
2025-01-07 17:36:47,2,9,12,0.24,10.0
2025-01-07 17:40:09,2,6,10,0.2,11.0
2025-01-07 17:43:14,1,13,11,0.22,10.0
2025-01-07 17:45:33,3,6,10,0.2,9.0
2025-01-07 17:50:31,3,8,9,0.18,12.0
2025-01-07 17:52:14,0,18,12,0.24,11.0
2025-01-07 17:56:10,1,8,11,0.22,10.0
2025-01-07 18:00:03,1,7,10,0.2,10.0
2025-01-07 18:03:13,1,11,10,0.2,12.0
2025-01-07 18:04:10,4,16,12,0.24,10.0
2025-01-07 18:08:56,1,7,10,0.2,11.0
2025-01-07 18:12:10,1,13,11,0.22,11.0
2025-01-07 18:13:42,0,10,11,0.22,11.0
2025-01-07 18:14:33,1,11,11,0.22,11.0
2025-01-07 18:16:12,1,11,11,0.22,12.0
2025-01-07 18:18:17,0,15,12,0.24,13.0
2025-01-07 18:21:29,0,15,13,0.26,11.0
2025-01-07 18:23:17,3,6,11,0.22,13.0
2025-01-07 18:23:51,1,17,13,0.26,12.0
2025-01-07 18:26:20,3,8,12,0.24,12.0
2025-01-07 18:29:47,3,12,12,0.24,11.0
2025-01-07 18:33:12,4,8,11,0.22,10.0
2025-01-07 18:37:18,4,7,10,0.2,12.0
2025-01-07 18:38:43,0,18,12,0.24,13.0
2025-01-07 18:42:19,1,14,13,0.26,12.0
2025-01-07 18:46:40,0,8,12,0.24,11.0
2025-01-07 18:51:24,1,9,11,0.22,11.0
2025-01-07 18:53:37,4,11,11,0.22,11.0
2025-01-07 18:55:23,1,12,11,0.22,13.0
2025-01-07 18:59:42,0,19,13,0.26,12.0
2025-01-07 19:04:29,2,11,12,0.24,14.0
2025-01-07 19:09:22,4,19,14,0.28,12.0
2025-01-07 19:12:53,1,8,12,0.24,11.0
2025-01-07 19:17:38,2,8,11,0.22,12.0
2025-01-07 19:18:45,4,15,12,0.24,12.0
2025-01-07 19:22:10,2,12,12,0.24,11.0
2025-01-07 19:23:06,1,8,11,0.22,13.0
2025-01-07 19:25:55,2,17,13,0.26,13.0
2025-01-07 19:27:55,4,14,13,0.26,13.0
2025-01-07 19:29:25,2,12,13,0.26,14.0
2025-01-07 19:32:37,0,15,14,0.28,13.0
2025-01-07 19:35:29,1,12,13,0.26,13.0
2025-01-07 19:40:11,2,12,13,0.26,13.0
2025-01-07 19:45:09,4,14,13,0.26,12.0
2025-01-07 19:48:45,4,10,12,0.24,13.0
2025-01-07 19:50:40,1,17,13,0.26,14.0
2025-01-07 19:53:55,0,16,14,0.28,13.0
2025-01-07 19:56:18,1,12,13,0.26,12.0
2025-01-07 19:59:50,3,8,12,0.24,11.0
2025-01-07 20:03:46,1,8,11,0.22,10.0
2025-01-07 20:08:31,0,8,10,0.2,10.0
2025-01-07 20:12:55,0,9,10,0.2,12.0
2025-01-07 20:13:27,3,17,12,0.24,11.0
2025-01-07 20:17:24,0,8,11,0.22,10.0
2025-01-07 20:21:10,3,9,10,0.2,12.0
2025-01-07 20:23:44,1,16,12,0.24,13.0
2025-01-07 20:26:31,4,15,13,0.26,14.0
2025-01-07 20:27:25,3,18,14,0.28,13.0
2025-01-07 20:29:02,1,11,13,0.26,12.0
2025-01-07 20:30:32,0,9,12,0.24,12.0
2025-01-07 20:31:30,1,12,12,0.24,10.0
2025-01-07 20:32:18,1,7,10,0.2,10.0
2025-01-07 20:35:38,2,10,10,0.2,11.0
2025-01-07 20:37:21,2,13,11,0.22,12.0
2025-01-07 20:38:51,4,13,12,0.24,12.0
2025-01-07 20:41:53,4,13,12,0.24,14.0
2025-01-07 20:43:10,2,18,14,0.28,12.0
2025-01-07 20:47:10,4,9,12,0.24,13.0
2025-01-07 20:49:58,3,17,13,0.26,11.0
2025-01-07 20:52:17,2,6,11,0.22,12.0
2025-01-07 20:55:49,3,13,12,0.24,12.0
2025-01-07 20:56:46,2,12,12,0.24,11.0
2025-01-07 21:00:32,0,8,11,0.22,11.0
2025-01-07 21:04:12,2,11,11,0.22,10.0
2025-01-07 21:05:32,1,9,10,0.2,12.0
2025-01-07 21:08:30,3,17,12,0.24,13.0
2025-01-07 21:13:27,3,16,13,0.26,13.0
2025-01-07 21:14:46,1,12,13,0.26,14.0
2025-01-07 21:19:21,4,16,14,0.28,15.0
2025-01-07 21:21:43,3,17,15,0.3,15.0
2025-01-07 21:25:02,4,14,15,0.3,16.0
2025-01-07 21:28:17,1,18,16,0.32,15.0
2025-01-07 21:29:00,4,12,15,0.3,14.0
2025-01-07 21:32:52,0,12,14,0.28,14.0
2025-01-07 21:36:30,1,13,14,0.28,13.0
2025-01-07 21:39:34,1,10,13,0.26,14.0
2025-01-07 21:40:58,4,18,14,0.28,13.0
2025-01-07 21:44:29,4,12,13,0.26,14.0
2025-01-07 21:48:28,4,17,14,0.28,12.0
2025-01-07 21:50:12,2,9,12,0.24,14.0
2025-01-07 21:52:54,0,19,14,0.28,14.0
2025-01-07 21:54:22,1,15,14,0.28,12.0
2025-01-07 21:57:53,4,8,12,0.24,10.0
2025-01-07 21:59:26,2,6,10,0.2,8.0
2025-01-07 22:04:15,1,2,8,0.16,6.0
2025-01-07 22:07:57,3,3,6,0.12,5.0
2025-01-07 22:10:49,4,4,5,0.1,5.0
2025-01-07 22:13:02,2,6,5,0.1,5.0
2025-01-07 22:17:05,3,4,5,0.1,6.0
2025-01-07 22:21:36,0,7,6,0.12,4.0
2025-01-07 22:25:34,3,1,4,0.08,5.0
2025-01-07 22:27:36,4,6,5,0.1,4.0
2025-01-07 22:30:27,1,1,4,0.08,3.0
2025-01-07 22:32:48,4,2,3,0.06,3.0
2025-01-07 22:34:16,1,2,3,0.06,3.0
2025-01-07 22:35:28,4,2,3,0.06,3.0
2025-01-07 22:39:24,0,3,3,0.06,4.0
2025-01-07 22:44:21,3,5,4,0.08,5.0
2025-01-07 22:46:48,1,7,5,0.1,6.0
2025-01-07 22:47:37,3,7,6,0.12,5.0
2025-01-07 22:51:48,4,2,5,0.1,4.0
2025-01-07 22:55:03,3,3,4,0.08,4.0
2025-01-07 22:57:43,2,4,4,0.08,3.0
2025-01-07 23:00:48,3,0,3,0.06,4.0
2025-01-07 23:04:21,1,5,4,0.08,5.0
2025-01-07 23:06:20,2,6,5,0.1,6.0
2025-01-07 23:08:23,2,7,6,0.12,5.0
2025-01-07 23:09:05,4,3,5,0.1,5.0
2025-01-07 23:13:24,3,6,5,0.1,4.0
2025-01-07 23:14:19,4,3,4,0.08,3.0
2025-01-07 23:16:03,4,1,3,0.06,3.0
2025-01-07 23:19:02,0,3,3,0.06,3.0
2025-01-07 23:21:59,1,4,3,0.06,3.0
2025-01-07 23:22:36,4,4,3,0.06,3.0
2025-01-07 23:23:34,2,2,3,0.06,3.0
2025-01-07 23:27:32,3,3,3,0.06,4.0
2025-01-07 23:30:09,4,6,4,0.08,3.0
2025-01-07 23:32:34,3,0,3,0.06,3.0
2025-01-07 23:35:27,4,4,3,0.06,4.0
2025-01-07 23:39:51,4,5,4,0.08,4.0
2025-01-07 23:40:27,4,5,4,0.08,5.0
2025-01-07 23:41:41,4,6,5,0.1,4.0
2025-01-07 23:46:09,1,2,4,0.08,4.0
2025-01-07 23:49:13,1,5,4,0.08,4.0
2025-01-07 23:52:43,3,4,4,0.08,3.0
2025-01-07 23:56:47,4,0,3,0.06,2.0
2025-01-07 23:58:44,2,0,2,0.04,2.0
2025-01-08 00:03:29,2,1,2,0.04,2.0
2025-01-08 00:05:11,3,3,2,0.04,3.0
2025-01-08 00:08:39,4,5,3,0.06,4.0
2025-01-08 00:12:40,3,7,4,0.08,4.0
2025-01-08 00:17:03,2,3,4,0.08,3.0
2025-01-08 00:21:31,1,0,3,0.06,3.0
2025-01-08 00:25:43,3,3,3,0.06,3.0
2025-01-08 00:28:11,1,2,3,0.06,4.0
2025-01-08 00:33:04,2,7,4,0.08,5.0
2025-01-08 00:37:00,0,7,5,0.1,4.0
2025-01-08 00:39:04,1,2,4,0.08,5.0
2025-01-08 00:43:15,1,6,5,0.1,4.0
2025-01-08 00:47:35,0,3,4,0.08,4.0
2025-01-08 00:50:03,3,4,4,0.08,5.0
2025-01-08 00:55:00,2,6,5,0.1,6.0
2025-01-08 00:56:33,2,7,6,0.12,4.0
2025-01-08 00:57:13,1,1,4,0.08,4.0
2025-01-08 00:59:20,1,5,4,0.08,4.0
2025-01-08 01:01:00,4,4,4,0.08,4.0
2025-01-08 01:02:27,4,3,4,0.08,4.0
2025-01-08 01:07:07,1,5,4,0.08,4.0
2025-01-08 01:08:26,3,5,4,0.08,4.0
2025-01-08 01:12:31,0,3,4,0.08,4.0
2025-01-08 01:13:52,2,4,4,0.08,3.0
2025-01-08 01:18:52,0,2,3,0.06,2.0
2025-01-08 01:20:45,0,1,2,0.04,2.0
2025-01-08 01:23:20,4,1,2,0.04,3.0
2025-01-08 01:25:01,3,4,3,0.06,3.0
2025-01-08 01:29:26,3,3,3,0.06,4.0
2025-01-08 01:30:51,3,7,4,0.08,3.0
2025-01-08 01:33:10,3,2,3,0.06,4.0
2025-01-08 01:36:51,3,7,4,0.08,4.0
2025-01-08 01:38:53,1,3,4,0.08,4.0
2025-01-08 01:40:18,3,5,4,0.08,5.0
2025-01-08 01:41:47,0,7,5,0.1,4.0
2025-01-08 01:44:34,3,3,4,0.08,3.0
2025-01-08 01:45:42,3,2,3,0.06,4.0
2025-01-08 01:46:39,1,5,4,0.08,4.0
2025-01-08 01:47:57,3,4,4,0.08,5.0
2025-01-08 01:50:31,3,6,5,0.1,4.0
2025-01-08 01:51:13,2,3,4,0.08,5.0
2025-01-08 01:52:18,4,6,5,0.1,4.0
2025-01-08 01:54:28,2,2,4,0.08,3.0
2025-01-08 01:56:23,1,2,3,0.06,3.0
2025-01-08 01:56:56,1,4,3,0.06,2.0
2025-01-08 02:01:08,4,1,2,0.04,2.0
2025-01-08 02:04:23,4,1,2,0.04,3.0
2025-01-08 02:07:02,3,5,3,0.06,3.0
2025-01-08 02:08:02,1,2,3,0.06,3.0
2025-01-08 02:08:42,0,4,3,0.06,2.0
2025-01-08 02:10:47,1,1,2,0.04,3.0
2025-01-08 02:14:26,4,6,3,0.06,2.0
2025-01-08 02:18:07,0,0,2,0.04,2.0
2025-01-08 02:23:02,1,3,2,0.04,3.0
2025-01-08 02:25:39,2,6,3,0.06,4.0
2025-01-08 02:30:06,1,5,4,0.08,3.0
2025-01-08 02:32:27,2,2,3,0.06,4.0
2025-01-08 02:35:21,4,7,4,0.08,3.0
2025-01-08 02:36:55,4,1,3,0.06,3.0
2025-01-08 02:41:31,2,3,3,0.06,2.0
2025-01-08 02:45:43,2,0,2,0.04,2.0
2025-01-08 02:47:58,2,3,2,0.04,3.0
2025-01-08 02:51:28,1,4,3,0.06,2.0
2025-01-08 02:55:01,4,0,2,0.04,3.0
2025-01-08 02:59:16,1,5,3,0.06,2.0
2025-01-08 03:04:10,3,0,2,0.04,2.0
2025-01-08 03:06:08,0,2,2,0.04,3.0
2025-01-08 03:09:33,3,6,3,0.06,2.0
2025-01-08 03:10:20,0,1,2,0.04,2.0
2025-01-08 03:12:35,1,3,2,0.04,3.0
2025-01-08 03:17:35,4,6,3,0.06,3.0
2025-01-08 03:20:51,3,2,3,0.06,4.0
2025-01-08 03:21:33,4,6,4,0.08,4.0
2025-01-08 03:22:34,1,5,4,0.08,5.0
2025-01-08 03:23:43,0,6,5,0.1,5.0
2025-01-08 03:26:40,2,6,5,0.1,4.0
2025-01-08 03:30:47,3,1,4,0.08,5.0
2025-01-08 03:34:55,2,6,5,0.1,5.0
2025-01-08 03:36:46,4,6,5,0.1,4.0
2025-01-08 03:40:43,4,2,4,0.08,3.0
2025-01-08 03:44:33,0,1,3,0.06,4.0
2025-01-08 03:45:40,2,5,4,0.08,3.0
2025-01-08 03:49:40,0,0,3,0.06,4.0
2025-01-08 03:54:18,2,5,4,0.08,5.0
2025-01-08 03:58:34,2,6,5,0.1,4.0
2025-01-08 03:59:51,3,0,4,0.08,4.0
2025-01-08 04:00:38,2,3,4,0.08,5.0
2025-01-08 04:04:23,0,7,5,0.1,4.0
2025-01-08 04:07:59,1,0,4,0.08,3.0
2025-01-08 04:12:12,3,0,3,0.06,2.0
2025-01-08 04:16:30,3,1,2,0.04,3.0
2025-01-08 04:18:16,4,5,3,0.06,3.0
2025-01-08 04:21:53,4,2,3,0.06,3.0
2025-01-08 04:26:52,3,2,3,0.06,3.0
2025-01-08 04:28:56,4,3,3,0.06,4.0
2025-01-08 04:31:37,2,7,4,0.08,3.0
2025-01-08 04:32:45,1,2,3,0.06,2.0
2025-01-08 04:34:26,1,0,2,0.04,2.0
2025-01-08 04:37:35,4,3,2,0.04,4.0
2025-01-08 04:41:11,2,7,4,0.08,3.0
2025-01-08 04:44:51,4,1,3,0.06,4.0
2025-01-08 04:47:20,4,6,4,0.08,4.0
2025-01-08 04:51:29,0,5,4,0.08,5.0
2025-01-08 04:52:51,2,7,5,0.1,5.0
2025-01-08 04:57:02,2,4,5,0.1,5.0
2025-01-08 04:59:42,1,5,5,0.1,5.0
2025-01-08 05:04:08,4,6,5,0.1,5.0
2025-01-08 05:08:43,4,6,5,0.1,5.0
2025-01-08 05:12:58,1,6,5,0.1,5.0
2025-01-08 05:16:55,2,6,5,0.1,4.0
2025-01-08 05:19:00,4,2,4,0.08,4.0
2025-01-08 05:22:49,1,5,4,0.08,4.0
2025-01-08 05:27:25,2,3,4,0.08,5.0
2025-01-08 05:29:06,3,6,5,0.1,5.0
2025-01-08 05:32:40,4,6,5,0.1,4.0
2025-01-08 05:33:15,3,3,4,0.08,4.0
2025-01-08 05:37:10,2,5,4,0.08,4.0
2025-01-08 05:38:11,3,4,4,0.08,5.0
2025-01-08 05:40:19,2,6,5,0.1,5.0
2025-01-08 05:45:04,3,6,5,0.1,5.0
2025-01-08 05:48:40,2,6,5,0.1,5.0
2025-01-08 05:50:25,4,5,5,0.1,5.0
2025-01-08 05:53:51,1,6,5,0.1,4.0
2025-01-08 05:58:35,2,2,4,0.08,4.0
2025-01-08 06:02:14,4,3,4,0.08,3.0
2025-01-08 06:04:50,0,0,3,0.06,2.0
2025-01-08 06:09:33,4,1,2,0.04,2.0
2025-01-08 06:13:35,0,2,2,0.04,2.0
2025-01-08 06:18:14,4,1,2,0.04,2.0
2025-01-08 06:20:07,0,1,2,0.04,2.0
2025-01-08 06:20:49,3,3,2,0.04,3.0
2025-01-08 06:22:03,1,4,3,0.06,3.0
2025-01-08 06:24:39,0,2,3,0.06,3.0
2025-01-08 06:27:02,3,3,3,0.06,2.0
2025-01-08 06:30:56,3,1,2,0.04,3.0
2025-01-08 06:32:23,1,6,3,0.06,2.0
2025-01-08 06:36:31,1,0,2,0.04,2.0
2025-01-08 06:38:49,1,3,2,0.04,2.0
2025-01-08 06:42:12,4,3,2,0.04,2.0
2025-01-08 06:47:05,3,3,2,0.04,2.0
2025-01-08 06:49:25,4,3,2,0.04,3.0
2025-01-08 06:53:01,2,5,3,0.06,3.0
2025-01-08 06:57:59,2,3,3,0.06,2.0
2025-01-08 07:02:17,1,0,2,0.04,2.0
2025-01-08 07:05:22,0,2,2,0.04,3.0
2025-01-08 07:09:00,1,5,3,0.06,3.0
2025-01-08 07:09:31,3,3,3,0.06,4.0
2025-01-08 07:14:06,3,6,4,0.08,4.0
2025-01-08 07:18:05,4,4,4,0.08,4.0
2025-01-08 07:18:47,4,4,4,0.08,3.0
2025-01-08 07:20:52,0,0,3,0.06,3.0
2025-01-08 07:25:02,1,3,3,0.06,3.0
2025-01-08 07:29:29,1,4,3,0.06,4.0
2025-01-08 07:31:32,0,6,4,0.08,4.0
2025-01-08 07:36:30,0,4,4,0.08,3.0
2025-01-08 07:39:50,2,0,3,0.06,4.0
2025-01-08 07:41:53,0,5,4,0.08,4.0
2025-01-08 07:44:51,0,3,4,0.08,4.0
2025-01-08 07:47:12,3,4,4,0.08,3.0
2025-01-08 07:48:36,3,0,3,0.06,2.0
2025-01-08 07:51:01,3,0,2,0.04,2.0
2025-01-08 07:53:53,2,1,2,0.04,2.0
2025-01-08 07:57:43,4,3,2,0.04,4.0
2025-01-08 08:01:12,2,8,4,0.08,7.0
2025-01-08 08:05:03,3,14,7,0.14,8.0
2025-01-08 08:06:25,2,11,8,0.16,9.0
2025-01-08 08:09:54,4,10,9,0.18,9.0
2025-01-08 08:12:40,0,10,9,0.18,8.0
2025-01-08 08:16:11,3,7,8,0.16,10.0
2025-01-08 08:16:41,3,16,10,0.2,10.0
2025-01-08 08:17:54,2,11,10,0.2,11.0
2025-01-08 08:22:10,0,12,11,0.22,12.0
2025-01-08 08:24:17,3,13,12,0.24,10.0
2025-01-08 08:28:14,0,6,10,0.2,10.0
2025-01-08 08:33:08,3,9,10,0.2,11.0
2025-01-08 08:38:08,2,12,11,0.22,13.0
2025-01-08 08:40:57,4,19,13,0.26,13.0
2025-01-08 08:45:23,1,14,13,0.26,14.0
2025-01-08 08:47:04,2,16,14,0.28,13.0
2025-01-08 08:50:08,4,10,13,0.26,13.0
2025-01-08 08:53:47,0,12,13,0.26,14.0
2025-01-08 08:58:44,2,16,14,0.28,14.0
2025-01-08 09:01:00,0,15,14,0.28,12.0
2025-01-08 09:05:21,4,6,12,0.24,14.0
2025-01-08 09:06:32,0,19,14,0.28,13.0
2025-01-08 09:10:11,1,12,13,0.26,13.0
2025-01-08 09:12:59,0,12,13,0.26,12.0
2025-01-08 09:15:11,3,11,12,0.24,12.0
2025-01-08 09:18:31,3,12,12,0.24,10.0
2025-01-08 09:22:41,4,7,10,0.2,12.0
2025-01-08 09:26:43,0,16,12,0.24,14.0
2025-01-08 09:28:08,4,19,14,0.28,16.0
2025-01-08 09:30:19,4,19,16,0.32,13.0
2025-01-08 09:34:00,2,6,13,0.26,13.0
2025-01-08 09:37:49,2,14,13,0.26,15.0
2025-01-08 09:42:11,1,19,15,0.3,15.0
2025-01-08 09:46:27,4,16,15,0.3,15.0
2025-01-08 09:49:15,3,15,15,0.3,15.0
2025-01-08 09:52:13,2,15,15,0.3,15.0
2025-01-08 09:54:37,1,15,15,0.3,16.0
2025-01-08 09:56:09,3,19,16,0.32,14.0
2025-01-08 09:58:22,4,8,14,0.28,12.0
2025-01-08 10:01:27,0,7,12,0.24,14.0
2025-01-08 10:02:02,1,18,14,0.28,13.0
2025-01-08 10:04:58,0,10,13,0.26,14.0
2025-01-08 10:08:31,4,18,14,0.28,12.0
2025-01-08 10:09:28,0,6,12,0.24,13.0
2025-01-08 10:10:35,3,14,13,0.26,15.0
2025-01-08 10:13:03,0,19,15,0.3,14.0
2025-01-08 10:17:36,4,12,14,0.28,12.0
2025-01-08 10:19:13,1,6,12,0.24,10.0
2025-01-08 10:23:16,0,6,10,0.2,13.0
2025-01-08 10:27:23,2,19,13,0.26,14.0
2025-01-08 10:30:49,4,18,14,0.28,14.0
2025-01-08 10:34:02,1,13,14,0.28,14.0
2025-01-08 10:35:29,3,13,14,0.28,15.0
2025-01-08 10:40:27,1,16,15,0.3,15.0
2025-01-08 10:41:54,4,15,15,0.3,15.0
2025-01-08 10:44:08,4,16,15,0.3,13.0
2025-01-08 10:48:25,4,9,13,0.26,11.0
2025-01-08 10:53:01,4,6,11,0.22,11.0
2025-01-08 10:56:38,0,12,11,0.22,10.0
2025-01-08 10:58:30,3,7,10,0.2,13.0
2025-01-08 11:02:05,0,19,13,0.26,14.0
2025-01-08 11:06:46,4,17,14,0.28,16.0
2025-01-08 11:11:13,4,19,16,0.32,15.0
2025-01-08 11:14:46,1,12,15,0.3,14.0
2025-01-08 11:18:45,4,12,14,0.28,14.0
2025-01-08 11:20:51,1,14,14,0.28,12.0
2025-01-08 11:24:48,1,9,12,0.24,12.0
2025-01-08 11:27:34,3,13,12,0.24,13.0
2025-01-08 11:31:07,0,16,13,0.26,13.0
2025-01-08 11:32:52,3,14,13,0.26,14.0
2025-01-08 11:35:43,4,18,14,0.28,15.0
2025-01-08 11:40:09,3,16,15,0.3,13.0
2025-01-08 11:41:03,3,8,13,0.26,14.0
2025-01-08 11:42:39,3,16,14,0.28,12.0
2025-01-08 11:47:18,2,6,12,0.24,13.0
2025-01-08 11:49:45,3,16,13,0.26,11.0
2025-01-08 11:51:27,1,7,11,0.22,12.0
2025-01-08 11:52:06,4,14,12,0.24,11.0
2025-01-08 11:56:06,0,10,11,0.22,13.0
2025-01-08 11:59:07,3,18,13,0.26,11.0
2025-01-08 11:59:41,0,7,11,0.22,10.0
2025-01-08 12:03:25,3,7,10,0.2,8.0
2025-01-08 12:05:47,0,5,8,0.16,6.0
2025-01-08 12:10:47,4,1,6,0.12,5.0
2025-01-08 12:13:59,1,3,5,0.1,4.0
2025-01-08 12:16:13,2,0,4,0.08,4.0
2025-01-08 12:19:43,0,3,4,0.08,5.0
2025-01-08 12:20:56,0,7,5,0.1,5.0
2025-01-08 12:24:20,1,6,5,0.1,6.0
2025-01-08 12:27:31,0,7,6,0.12,5.0
2025-01-08 12:30:20,3,3,5,0.1,5.0
2025-01-08 12:33:01,0,6,5,0.1,4.0
2025-01-08 12:34:57,3,1,4,0.08,3.0
2025-01-08 12:38:22,4,2,3,0.06,2.0
2025-01-08 12:41:54,1,1,2,0.04,3.0
2025-01-08 12:44:32,4,4,3,0.06,3.0
2025-01-08 12:49:07,0,3,3,0.06,2.0
2025-01-08 12:51:05,2,0,2,0.04,3.0
2025-01-08 12:52:40,0,5,3,0.06,4.0
2025-01-08 12:55:47,2,7,4,0.08,3.0
2025-01-08 12:58:45,1,2,3,0.06,2.0
2025-01-08 13:01:10,3,1,2,0.04,4.0
2025-01-08 13:05:13,4,7,4,0.08,4.0
2025-01-08 13:09:55,2,4,4,0.08,4.0
2025-01-08 13:12:47,4,5,4,0.08,3.0
2025-01-08 13:17:26,4,2,3,0.06,3.0
2025-01-08 13:18:20,1,3,3,0.06,2.0
2025-01-08 13:19:59,2,1,2,0.04,3.0
2025-01-08 13:22:21,4,5,3,0.06,2.0
2025-01-08 13:24:42,3,0,2,0.04,3.0
2025-01-08 13:26:42,0,4,3,0.06,3.0
2025-01-08 13:27:29,3,3,3,0.06,2.0
2025-01-08 13:30:27,2,1,2,0.04,3.0
2025-01-08 13:34:43,3,4,3,0.06,3.0
2025-01-08 13:38:46,3,4,3,0.06,4.0
2025-01-08 13:41:46,1,5,4,0.08,3.0
2025-01-08 13:45:27,0,2,3,0.06,2.0
2025-01-08 13:46:36,1,0,2,0.04,2.0
2025-01-08 13:51:07,1,3,2,0.04,2.0
2025-01-08 13:53:54,0,2,2,0.04,3.0
2025-01-08 13:57:23,0,4,3,0.06,4.0
2025-01-08 14:01:12,2,6,4,0.08,4.0
2025-01-08 14:05:04,1,3,4,0.08,3.0
2025-01-08 14:06:34,0,0,3,0.06,4.0
2025-01-08 14:10:15,4,6,4,0.08,3.0
2025-01-08 14:10:49,4,1,3,0.06,3.0
2025-01-08 14:15:15,3,4,3,0.06,2.0
2025-01-08 14:18:45,1,0,2,0.04,4.0
2025-01-08 14:19:51,3,7,4,0.08,4.0
2025-01-08 14:21:16,3,5,4,0.08,5.0
2025-01-08 14:25:42,3,7,5,0.1,6.0
2025-01-08 14:29:28,2,7,6,0.12,5.0
2025-01-08 14:31:10,3,2,5,0.1,4.0
2025-01-08 14:32:38,1,2,4,0.08,3.0
2025-01-08 14:37:07,1,0,3,0.06,2.0
2025-01-08 14:37:38,2,0,2,0.04,3.0
2025-01-08 14:41:15,1,5,3,0.06,3.0
2025-01-08 14:42:14,3,4,3,0.06,4.0
2025-01-08 14:47:10,0,6,4,0.08,3.0
2025-01-08 14:49:27,4,0,3,0.06,3.0
2025-01-08 14:51:26,3,4,3,0.06,3.0
2025-01-08 14:55:20,1,2,3,0.06,4.0
2025-01-08 14:59:29,1,7,4,0.08,3.0
2025-01-08 15:01:32,2,1,3,0.06,4.0
2025-01-08 15:03:44,3,6,4,0.08,3.0
2025-01-08 15:07:56,0,1,3,0.06,2.0
2025-01-08 15:11:31,0,0,2,0.04,3.0
2025-01-08 15:15:04,4,4,3,0.06,3.0
2025-01-08 15:18:15,1,2,3,0.06,3.0
2025-01-08 15:22:51,0,4,3,0.06,3.0
2025-01-08 15:23:51,0,4,3,0.06,2.0
2025-01-08 15:25:12,2,1,2,0.04,2.0
2025-01-08 15:26:57,3,3,2,0.04,3.0
2025-01-08 15:28:06,0,6,3,0.06,3.0
2025-01-08 15:30:16,4,4,3,0.06,2.0
2025-01-08 15:32:36,1,0,2,0.04,3.0
2025-01-08 15:37:14,0,6,3,0.06,4.0
2025-01-08 15:40:54,1,7,4,0.08,3.0
2025-01-08 15:44:25,2,2,3,0.06,4.0
2025-01-08 15:48:23,0,6,4,0.08,3.0
2025-01-08 15:49:14,4,2,3,0.06,2.0
2025-01-08 15:52:29,3,1,2,0.04,4.0
2025-01-08 15:54:37,3,7,4,0.08,3.0
2025-01-08 15:58:34,1,2,3,0.06,3.0
2025-01-08 15:59:11,3,4,3,0.06,3.0
2025-01-08 16:02:50,4,4,3,0.06,3.0
2025-01-08 16:06:14,3,3,3,0.06,4.0
2025-01-08 16:07:00,2,7,4,0.08,5.0
2025-01-08 16:08:59,1,7,5,0.1,4.0
2025-01-08 16:11:49,1,0,4,0.08,5.0
2025-01-08 16:14:43,0,7,5,0.1,6.0
2025-01-08 16:17:58,3,7,6,0.12,5.0
2025-01-08 16:19:45,1,4,5,0.1,6.0
2025-01-08 16:24:36,4,7,6,0.12,4.0
2025-01-08 16:27:48,1,1,4,0.08,4.0
2025-01-08 16:28:31,2,4,4,0.08,5.0
2025-01-08 16:32:59,3,6,5,0.1,4.0
2025-01-08 16:34:40,2,2,4,0.08,3.0
2025-01-08 16:37:32,3,1,3,0.06,4.0
2025-01-08 16:42:30,1,6,4,0.08,5.0
2025-01-08 16:47:00,0,7,5,0.1,4.0
2025-01-08 16:51:34,4,1,4,0.08,5.0
2025-01-08 16:54:46,1,7,5,0.1,4.0
2025-01-08 16:56:15,1,0,4,0.08,5.0
2025-01-08 16:56:50,0,7,5,0.1,6.0
2025-01-08 17:00:36,1,9,6,0.12,8.0
2025-01-08 17:02:03,0,12,8,0.16,9.0
2025-01-08 17:06:09,3,11,9,0.18,9.0
2025-01-08 17:07:04,2,10,9,0.18,8.0
2025-01-08 17:07:38,4,6,8,0.16,8.0
2025-01-08 17:08:27,4,9,8,0.16,10.0
2025-01-08 17:12:14,2,15,10,0.2,11.0
2025-01-08 17:13:42,3,14,11,0.22,10.0
2025-01-08 17:18:13,3,8,10,0.2,12.0
2025-01-08 17:21:08,3,18,12,0.24,12.0
2025-01-08 17:25:46,3,13,12,0.24,11.0
2025-01-08 17:26:29,4,10,11,0.22,12.0
2025-01-08 17:27:11,0,16,12,0.24,11.0
2025-01-08 17:28:24,2,10,11,0.22,13.0
2025-01-08 17:29:12,3,17,13,0.26,15.0
2025-01-08 17:30:44,1,19,15,0.3,16.0
2025-01-08 17:35:12,2,18,16,0.32,17.0
2025-01-08 17:37:21,2,19,17,0.34,16.0
2025-01-08 17:40:33,2,14,16,0.32,14.0
2025-01-08 17:43:04,2,10,14,0.28,14.0
2025-01-08 17:44:17,3,15,14,0.28,15.0
2025-01-08 17:47:11,2,17,15,0.3,13.0
2025-01-08 17:48:30,2,8,13,0.26,14.0
2025-01-08 17:50:04,1,16,14,0.28,15.0
2025-01-08 17:53:17,1,18,15,0.3,14.0
2025-01-08 17:56:07,1,12,14,0.28,12.0
2025-01-08 17:58:44,3,7,12,0.24,12.0
2025-01-08 18:03:12,1,12,12,0.24,13.0
2025-01-08 18:06:48,1,16,13,0.26,12.0
2025-01-08 18:10:45,4,8,12,0.24,11.0
2025-01-08 18:14:54,4,9,11,0.22,12.0
2025-01-08 18:18:33,4,13,12,0.24,13.0
2025-01-08 18:22:59,2,17,13,0.26,12.0
2025-01-08 18:26:42,2,11,12,0.24,13.0
2025-01-08 18:31:30,3,16,13,0.26,11.0
2025-01-08 18:36:05,0,7,11,0.22,10.0
2025-01-08 18:38:50,1,7,10,0.2,10.0
2025-01-08 18:43:50,0,10,10,0.2,9.0
2025-01-08 18:47:10,1,8,9,0.18,9.0
2025-01-08 18:50:18,1,9,9,0.18,11.0
2025-01-08 18:54:08,1,16,11,0.22,11.0
2025-01-08 18:55:22,4,11,11,0.22,11.0
2025-01-08 19:00:15,1,10,11,0.22,13.0
2025-01-08 19:01:55,3,18,13,0.26,11.0
2025-01-08 19:04:07,1,6,11,0.22,10.0
2025-01-08 19:06:41,3,9,10,0.2,10.0
2025-01-08 19:11:00,2,9,10,0.2,12.0
2025-01-08 19:13:55,1,15,12,0.24,10.0
2025-01-08 19:17:41,0,7,10,0.2,12.0
2025-01-08 19:21:51,1,17,12,0.24,12.0
2025-01-08 19:23:20,4,13,12,0.24,11.0
2025-01-08 19:25:27,0,8,11,0.22,12.0
2025-01-08 19:28:47,2,13,12,0.24,12.0
2025-01-08 19:32:09,3,13,12,0.24,12.0
2025-01-08 19:35:09,4,11,12,0.24,13.0
2025-01-08 19:37:40,1,17,13,0.26,13.0
2025-01-08 19:39:57,2,13,13,0.26,15.0
2025-01-08 19:40:30,4,19,15,0.3,14.0
2025-01-08 19:42:32,2,13,14,0.28,14.0
2025-01-08 19:43:07,4,14,14,0.28,14.0
2025-01-08 19:45:22,4,14,14,0.28,12.0
2025-01-08 19:48:17,2,7,12,0.24,13.0
2025-01-08 19:53:17,3,16,13,0.26,14.0
2025-01-08 19:55:22,4,18,14,0.28,12.0
2025-01-08 19:59:40,4,6,12,0.24,13.0
2025-01-08 20:03:31,4,16,13,0.26,12.0
2025-01-08 20:07:32,3,9,12,0.24,13.0
2025-01-08 20:08:07,2,16,13,0.26,13.0
2025-01-08 20:10:28,2,13,13,0.26,14.0
2025-01-08 20:12:43,4,18,14,0.28,12.0
2025-01-08 20:15:31,0,7,12,0.24,11.0
2025-01-08 20:17:36,1,10,11,0.22,12.0
2025-01-08 20:21:39,3,15,12,0.24,11.0
2025-01-08 20:22:30,1,10,11,0.22,13.0
2025-01-08 20:26:12,0,17,13,0.26,12.0
2025-01-08 20:29:11,0,9,12,0.24,12.0
2025-01-08 20:33:47,2,13,12,0.24,11.0
2025-01-08 20:38:43,3,8,11,0.22,12.0
2025-01-08 20:43:23,4,16,12,0.24,13.0
2025-01-08 20:43:55,1,17,13,0.26,12.0
2025-01-08 20:45:40,3,10,12,0.24,12.0
2025-01-08 20:47:36,0,12,12,0.24,12.0
2025-01-08 20:52:35,2,12,12,0.24,13.0
2025-01-08 20:56:49,2,16,13,0.26,14.0
2025-01-08 20:57:36,4,17,14,0.28,14.0
2025-01-08 20:59:58,2,14,14,0.28,15.0
2025-01-08 21:04:38,1,18,15,0.3,16.0
2025-01-08 21:09:00,1,19,16,0.32,13.0
2025-01-08 21:12:51,2,6,13,0.26,13.0
2025-01-08 21:14:43,1,13,13,0.26,15.0
2025-01-08 21:17:17,4,19,15,0.3,14.0
2025-01-08 21:20:41,4,13,14,0.28,12.0
2025-01-08 21:22:19,2,7,12,0.24,14.0
2025-01-08 21:23:35,0,19,14,0.28,15.0
2025-01-08 21:28:20,3,16,15,0.3,13.0
2025-01-08 21:32:24,3,7,13,0.26,13.0
2025-01-08 21:33:23,1,13,13,0.26,11.0
2025-01-08 21:37:49,2,6,11,0.22,13.0
2025-01-08 21:42:26,2,19,13,0.26,14.0
2025-01-08 21:43:20,4,15,14,0.28,15.0
2025-01-08 21:45:03,2,17,15,0.3,13.0
2025-01-08 21:48:58,1,8,13,0.26,14.0
2025-01-08 21:51:01,3,18,14,0.28,15.0
2025-01-08 21:53:37,4,18,15,0.3,14.0
2025-01-08 21:54:31,1,12,14,0.28,13.0
2025-01-08 21:56:56,3,10,13,0.26,12.0
2025-01-08 21:58:13,0,11,12,0.24,10.0
2025-01-08 22:02:28,0,5,10,0.2,8.0
2025-01-08 22:07:23,1,3,8,0.16,6.0
2025-01-08 22:09:31,1,2,6,0.12,5.0
2025-01-08 22:10:11,4,3,5,0.1,5.0
2025-01-08 22:12:05,0,5,5,0.1,5.0
2025-01-08 22:16:08,1,4,5,0.1,6.0
2025-01-08 22:19:30,3,7,6,0.12,4.0
2025-01-08 22:23:28,3,0,4,0.08,5.0
2025-01-08 22:25:01,0,7,5,0.1,4.0
2025-01-08 22:29:48,0,0,4,0.08,5.0
2025-01-08 22:32:18,1,7,5,0.1,5.0
2025-01-08 22:33:41,3,5,5,0.1,4.0
2025-01-08 22:38:11,2,2,4,0.08,5.0
2025-01-08 22:42:43,2,6,5,0.1,4.0
2025-01-08 22:43:30,4,3,4,0.08,5.0
2025-01-08 22:47:06,3,6,5,0.1,4.0
2025-01-08 22:49:59,4,0,4,0.08,3.0
2025-01-08 22:54:50,0,0,3,0.06,3.0
2025-01-08 22:59:18,2,3,3,0.06,3.0
2025-01-08 23:01:03,1,4,3,0.06,4.0
2025-01-08 23:04:40,2,5,4,0.08,4.0
2025-01-08 23:09:15,1,5,4,0.08,5.0
2025-01-08 23:11:54,3,6,5,0.1,5.0
2025-01-08 23:13:42,4,5,5,0.1,4.0
2025-01-08 23:15:23,1,3,4,0.08,3.0
2025-01-08 23:20:15,3,0,3,0.06,4.0
2025-01-08 23:23:55,4,5,4,0.08,4.0
2025-01-08 23:25:27,3,5,4,0.08,3.0
2025-01-08 23:26:08,3,2,3,0.06,2.0
2025-01-08 23:28:58,3,1,2,0.04,3.0
2025-01-08 23:33:41,4,6,3,0.06,3.0
2025-01-08 23:34:53,3,3,3,0.06,3.0
2025-01-08 23:35:39,3,4,3,0.06,4.0
2025-01-08 23:37:11,4,6,4,0.08,5.0
2025-01-08 23:41:53,1,6,5,0.1,5.0
2025-01-08 23:42:30,1,4,5,0.1,4.0
2025-01-08 23:44:29,4,1,4,0.08,4.0
2025-01-08 23:48:26,2,3,4,0.08,4.0
2025-01-08 23:50:53,4,5,4,0.08,4.0
2025-01-08 23:54:17,1,3,4,0.08,3.0
2025-01-08 23:56:02,2,0,3,0.06,4.0
2025-01-08 23:58:12,3,7,4,0.08,5.0
2025-01-09 00:01:12,2,6,5,0.1,5.0
2025-01-09 00:06:11,0,6,5,0.1,4.0
2025-01-09 00:07:51,0,0,4,0.08,4.0
2025-01-09 00:11:20,4,5,4,0.08,5.0
2025-01-09 00:13:53,2,7,5,0.1,5.0
2025-01-09 00:17:37,0,4,5,0.1,4.0
2025-01-09 00:21:54,0,3,4,0.08,4.0
2025-01-09 00:24:09,0,4,4,0.08,5.0
2025-01-09 00:24:59,0,6,5,0.1,5.0
2025-01-09 00:26:32,4,4,5,0.1,5.0
2025-01-09 00:29:46,3,6,5,0.1,5.0
2025-01-09 00:30:42,3,4,5,0.1,4.0
2025-01-09 00:33:39,1,1,4,0.08,4.0
2025-01-09 00:36:52,0,4,4,0.08,3.0
2025-01-09 00:41:05,0,2,3,0.06,3.0
2025-01-09 00:44:00,3,4,3,0.06,4.0
2025-01-09 00:44:59,0,6,4,0.08,3.0
2025-01-09 00:46:13,4,1,3,0.06,4.0
2025-01-09 00:47:16,0,7,4,0.08,4.0
2025-01-09 00:50:06,0,5,4,0.08,4.0
2025-01-09 00:54:16,3,3,4,0.08,4.0
2025-01-09 00:55:07,2,3,4,0.08,4.0
2025-01-09 00:58:36,4,5,4,0.08,4.0
2025-01-09 01:02:56,1,4,4,0.08,3.0
2025-01-09 01:04:03,4,1,3,0.06,2.0
2025-01-09 01:05:42,4,0,2,0.04,3.0
2025-01-09 01:08:07,2,6,3,0.06,2.0
2025-01-09 01:12:35,1,1,2,0.04,3.0
2025-01-09 01:15:32,1,6,3,0.06,3.0
2025-01-09 01:16:10,1,4,3,0.06,4.0
2025-01-09 01:17:29,1,6,4,0.08,5.0
2025-01-09 01:18:03,4,6,5,0.1,4.0
2025-01-09 01:20:38,1,0,4,0.08,3.0
2025-01-09 01:22:22,1,1,3,0.06,4.0
2025-01-09 01:25:36,2,6,4,0.08,4.0
2025-01-09 01:27:22,1,4,4,0.08,3.0
2025-01-09 01:30:08,0,2,3,0.06,2.0
2025-01-09 01:32:23,2,0,2,0.04,1.0
2025-01-09 01:34:27,3,0,1,0.02,2.0
2025-01-09 01:37:11,0,5,2,0.04,4.0
2025-01-09 01:38:48,3,7,4,0.08,5.0
2025-01-09 01:41:44,2,7,5,0.1,5.0
2025-01-09 01:44:52,3,6,5,0.1,4.0
2025-01-09 01:48:04,1,0,4,0.08,4.0
2025-01-09 01:51:42,0,3,4,0.08,4.0
2025-01-09 01:53:46,1,5,4,0.08,3.0
2025-01-09 01:57:16,2,2,3,0.06,3.0
2025-01-09 02:00:52,2,4,3,0.06,3.0
2025-01-09 02:03:39,2,4,3,0.06,3.0
2025-01-09 02:06:18,2,2,3,0.06,3.0
2025-01-09 02:10:01,4,4,3,0.06,4.0
2025-01-09 02:12:54,3,7,4,0.08,3.0
2025-01-09 02:13:39,0,0,3,0.06,4.0
2025-01-09 02:18:13,0,5,4,0.08,3.0
2025-01-09 02:20:29,0,2,3,0.06,3.0
2025-01-09 02:22:26,3,4,3,0.06,2.0
2025-01-09 02:25:04,3,1,2,0.04,1.0
2025-01-09 02:25:37,0,0,1,0.02,2.0
2025-01-09 02:27:41,3,4,2,0.04,3.0
2025-01-09 02:31:39,4,6,3,0.06,4.0
2025-01-09 02:35:53,4,7,4,0.08,3.0
2025-01-09 02:37:09,4,1,3,0.06,4.0
2025-01-09 02:40:39,4,6,4,0.08,3.0
2025-01-09 02:42:54,2,1,3,0.06,4.0
2025-01-09 02:46:42,2,6,4,0.08,5.0
2025-01-09 02:48:57,1,6,5,0.1,5.0
2025-01-09 02:53:46,4,5,5,0.1,5.0
2025-01-09 02:56:03,0,5,5,0.1,5.0
2025-01-09 02:56:51,3,6,5,0.1,4.0
2025-01-09 03:00:11,0,0,4,0.08,4.0
2025-01-09 03:03:55,3,4,4,0.08,4.0
2025-01-09 03:04:36,3,5,4,0.08,4.0
2025-01-09 03:08:20,2,5,4,0.08,3.0
2025-01-09 03:11:51,4,1,3,0.06,4.0
2025-01-09 03:14:44,3,5,4,0.08,4.0
2025-01-09 03:18:15,2,4,4,0.08,3.0
2025-01-09 03:19:14,3,0,3,0.06,4.0
2025-01-09 03:21:07,2,6,4,0.08,4.0
2025-01-09 03:24:22,2,4,4,0.08,5.0
2025-01-09 03:26:27,2,7,5,0.1,5.0
2025-01-09 03:31:22,2,6,5,0.1,4.0
2025-01-09 03:35:36,2,2,4,0.08,3.0
2025-01-09 03:36:47,1,2,3,0.06,3.0
2025-01-09 03:41:22,0,4,3,0.06,3.0
2025-01-09 03:45:19,3,4,3,0.06,3.0
2025-01-09 03:49:45,4,3,3,0.06,3.0
2025-01-09 03:50:36,1,2,3,0.06,2.0
2025-01-09 03:54:10,2,0,2,0.04,3.0
2025-01-09 03:58:41,4,4,3,0.06,2.0
2025-01-09 03:59:51,1,1,2,0.04,3.0
2025-01-09 04:03:02,4,6,3,0.06,4.0
2025-01-09 04:06:11,2,6,4,0.08,5.0
2025-01-09 04:08:09,2,6,5,0.1,4.0
2025-01-09 04:08:50,0,2,4,0.08,3.0
2025-01-09 04:10:32,2,0,3,0.06,3.0
2025-01-09 04:12:17,1,4,3,0.06,4.0
2025-01-09 04:16:07,3,6,4,0.08,3.0
2025-01-09 04:16:46,1,1,3,0.06,3.0
2025-01-09 04:21:01,2,3,3,0.06,2.0
2025-01-09 04:24:26,3,1,2,0.04,3.0
2025-01-09 04:25:34,4,6,3,0.06,3.0
2025-01-09 04:27:03,4,4,3,0.06,3.0
2025-01-09 04:28:38,1,2,3,0.06,4.0
2025-01-09 04:31:11,1,7,4,0.08,3.0
2025-01-09 04:34:24,4,0,3,0.06,3.0
2025-01-09 04:37:32,3,2,3,0.06,3.0
2025-01-09 04:38:58,1,2,3,0.06,4.0
2025-01-09 04:40:45,4,6,4,0.08,3.0
2025-01-09 04:44:28,2,0,3,0.06,2.0
2025-01-09 04:45:12,1,0,2,0.04,2.0
2025-01-09 04:45:53,2,3,2,0.04,3.0
2025-01-09 04:48:03,1,5,3,0.06,3.0
2025-01-09 04:51:08,2,4,3,0.06,4.0
2025-01-09 04:53:42,0,7,4,0.08,5.0
2025-01-09 04:56:01,2,6,5,0.1,4.0
2025-01-09 04:58:56,1,1,4,0.08,5.0
2025-01-09 05:03:01,0,6,5,0.1,5.0
2025-01-09 05:06:12,1,5,5,0.1,4.0
2025-01-09 05:08:49,0,2,4,0.08,3.0
2025-01-09 05:11:48,1,1,3,0.06,3.0
2025-01-09 05:12:53,1,2,3,0.06,4.0
2025-01-09 05:16:15,2,6,4,0.08,4.0
2025-01-09 05:17:06,2,4,4,0.08,4.0
2025-01-09 05:21:01,1,3,4,0.08,4.0
2025-01-09 05:23:37,0,4,4,0.08,4.0
2025-01-09 05:27:43,0,3,4,0.08,5.0
2025-01-09 05:29:48,3,6,5,0.1,6.0
2025-01-09 05:33:01,4,7,6,0.12,6.0
2025-01-09 05:35:58,4,5,6,0.12,5.0
2025-01-09 05:36:45,3,4,5,0.1,4.0
2025-01-09 05:40:29,0,2,4,0.08,3.0
2025-01-09 05:43:29,2,2,3,0.06,2.0
2025-01-09 05:46:01,0,1,2,0.04,2.0
2025-01-09 05:49:37,1,3,2,0.04,2.0
2025-01-09 05:52:35,4,1,2,0.04,2.0
2025-01-09 05:54:48,2,3,2,0.04,4.0
2025-01-09 05:59:20,2,7,4,0.08,5.0
2025-01-09 06:03:40,2,7,5,0.1,5.0
2025-01-09 06:07:35,2,4,5,0.1,4.0
2025-01-09 06:11:22,2,0,4,0.08,3.0
2025-01-09 06:13:18,0,2,3,0.06,3.0
2025-01-09 06:16:09,1,4,3,0.06,3.0
2025-01-09 06:19:57,4,3,3,0.06,4.0
2025-01-09 06:21:12,2,7,4,0.08,3.0
2025-01-09 06:21:56,3,1,3,0.06,3.0
2025-01-09 06:23:09,3,3,3,0.06,4.0
2025-01-09 06:26:27,0,7,4,0.08,3.0
2025-01-09 06:27:40,1,0,3,0.06,3.0
2025-01-09 06:29:47,1,2,3,0.06,3.0
2025-01-09 06:34:37,4,2,3,0.06,4.0
2025-01-09 06:36:55,3,7,4,0.08,4.0
2025-01-09 06:39:08,0,3,4,0.08,5.0
2025-01-09 06:43:53,4,7,5,0.1,5.0
2025-01-09 06:47:48,4,5,5,0.1,4.0
2025-01-09 06:49:00,4,2,4,0.08,5.0
2025-01-09 06:53:34,0,6,5,0.1,4.0
2025-01-09 06:55:26,1,2,4,0.08,3.0
2025-01-09 06:57:45,1,2,3,0.06,4.0
2025-01-09 07:01:24,2,5,4,0.08,4.0
2025-01-09 07:06:04,1,3,4,0.08,3.0
2025-01-09 07:10:05,1,0,3,0.06,4.0
2025-01-09 07:12:47,1,7,4,0.08,3.0
2025-01-09 07:16:37,3,2,3,0.06,4.0
2025-01-09 07:18:41,2,5,4,0.08,3.0
2025-01-09 07:22:49,3,2,3,0.06,4.0
2025-01-09 07:24:47,2,7,4,0.08,5.0
2025-01-09 07:26:28,3,7,5,0.1,4.0
2025-01-09 07:31:04,3,0,4,0.08,4.0
2025-01-09 07:33:42,3,4,4,0.08,4.0
2025-01-09 07:37:43,4,3,4,0.08,4.0
2025-01-09 07:39:48,1,3,4,0.08,5.0
2025-01-09 07:41:32,2,7,5,0.1,4.0
2025-01-09 07:42:55,0,2,4,0.08,3.0
2025-01-09 07:44:18,4,0,3,0.06,2.0
2025-01-09 07:48:25,0,1,2,0.04,2.0
2025-01-09 07:49:10,0,2,2,0.04,1.0
2025-01-09 07:51:18,3,0,1,0.02,1.0
2025-01-09 07:52:07,4,0,1,0.02,3.0
2025-01-09 07:53:22,2,7,3,0.06,3.0
2025-01-09 07:57:04,4,4,3,0.06,4.0
2025-01-09 07:58:31,1,5,4,0.08,6.0
2025-01-09 08:00:51,3,11,6,0.12,7.0
2025-01-09 08:03:29,1,10,7,0.14,7.0
2025-01-09 08:07:12,2,8,7,0.14,9.0
2025-01-09 08:07:49,4,15,9,0.18,10.0
2025-01-09 08:08:47,4,13,10,0.2,12.0
2025-01-09 08:11:08,3,17,12,0.24,14.0
2025-01-09 08:14:18,2,19,14,0.28,15.0
2025-01-09 08:16:58,1,17,15,0.3,13.0
2025-01-09 08:20:35,4,8,13,0.26,14.0
2025-01-09 08:23:47,0,16,14,0.28,12.0
2025-01-09 08:27:33,3,8,12,0.24,13.0
2025-01-09 08:31:26,4,15,13,0.26,14.0
2025-01-09 08:35:27,3,18,14,0.28,12.0
2025-01-09 08:37:45,3,9,12,0.24,10.0
2025-01-09 08:39:27,1,6,10,0.2,11.0
2025-01-09 08:42:43,3,14,11,0.22,12.0
2025-01-09 08:47:32,3,15,12,0.24,10.0
2025-01-09 08:52:04,4,7,10,0.2,11.0
2025-01-09 08:54:15,3,14,11,0.22,10.0
2025-01-09 08:57:37,2,9,10,0.2,10.0
2025-01-09 09:00:57,4,11,10,0.2,12.0
2025-01-09 09:03:47,0,17,12,0.24,14.0
2025-01-09 09:07:24,3,18,14,0.28,12.0
2025-01-09 09:09:19,2,6,12,0.24,13.0
2025-01-09 09:10:40,0,16,13,0.26,12.0
2025-01-09 09:13:00,0,10,12,0.24,12.0
2025-01-09 09:14:12,0,11,12,0.24,11.0
2025-01-09 09:18:12,2,8,11,0.22,12.0
2025-01-09 09:22:01,3,16,12,0.24,12.0
2025-01-09 09:26:30,3,11,12,0.24,12.0
2025-01-09 09:28:54,1,11,12,0.24,11.0
2025-01-09 09:29:49,4,9,11,0.22,13.0
2025-01-09 09:31:35,2,18,13,0.26,12.0
2025-01-09 09:34:21,0,11,12,0.24,13.0
2025-01-09 09:35:10,0,16,13,0.26,12.0
2025-01-09 09:39:10,2,11,12,0.24,11.0
2025-01-09 09:43:39,4,8,11,0.22,10.0
2025-01-09 09:44:47,1,6,10,0.2,9.0
2025-01-09 09:49:44,2,7,9,0.18,12.0
2025-01-09 09:53:40,2,19,12,0.24,12.0
2025-01-09 09:58:36,4,12,12,0.24,12.0
2025-01-09 10:01:39,0,13,12,0.24,12.0
2025-01-09 10:02:50,2,12,12,0.24,12.0
2025-01-09 10:03:30,1,11,12,0.24,10.0
2025-01-09 10:05:37,2,6,10,0.2,11.0
2025-01-09 10:09:56,4,14,11,0.22,11.0
2025-01-09 10:14:05,1,12,11,0.22,13.0
2025-01-09 10:15:39,0,19,13,0.26,11.0
2025-01-09 10:20:00,2,7,11,0.22,13.0
2025-01-09 10:21:21,3,19,13,0.26,13.0
2025-01-09 10:26:13,1,14,13,0.26,13.0
2025-01-09 10:31:09,2,14,13,0.26,14.0
2025-01-09 10:34:12,1,16,14,0.28,15.0
2025-01-09 10:37:01,0,18,15,0.3,15.0
2025-01-09 10:38:21,2,14,15,0.3,15.0
2025-01-09 10:40:47,1,14,15,0.3,16.0
2025-01-09 10:42:02,2,17,16,0.32,17.0
2025-01-09 10:43:59,3,19,17,0.34,16.0
2025-01-09 10:47:56,0,13,16,0.32,17.0
2025-01-09 10:52:54,1,18,17,0.34,15.0
2025-01-09 10:54:52,0,11,15,0.3,13.0
2025-01-09 10:57:19,0,7,13,0.26,12.0
2025-01-09 10:58:42,0,11,12,0.24,13.0
2025-01-09 11:01:07,2,14,13,0.26,12.0
2025-01-09 11:03:34,4,9,12,0.24,12.0
2025-01-09 11:08:23,3,12,12,0.24,13.0
2025-01-09 11:10:07,1,17,13,0.26,14.0
2025-01-09 11:10:43,2,16,14,0.28,12.0
2025-01-09 11:13:14,3,6,12,0.24,14.0
2025-01-09 11:13:54,1,18,14,0.28,12.0
2025-01-09 11:17:58,0,8,12,0.24,11.0
2025-01-09 11:18:55,3,10,11,0.22,12.0
2025-01-09 11:23:19,4,13,12,0.24,11.0
2025-01-09 11:24:14,1,8,11,0.22,12.0
2025-01-09 11:25:37,3,13,12,0.24,10.0
2025-01-09 11:26:35,4,7,10,0.2,11.0
2025-01-09 11:29:48,4,13,11,0.22,10.0
2025-01-09 11:34:47,3,6,10,0.2,12.0
2025-01-09 11:35:51,2,18,12,0.24,14.0
2025-01-09 11:39:48,2,19,14,0.28,12.0
2025-01-09 11:44:15,2,7,12,0.24,12.0
2025-01-09 11:46:17,4,13,12,0.24,11.0
2025-01-09 11:49:39,3,8,11,0.22,12.0
2025-01-09 11:51:27,3,15,12,0.24,14.0
2025-01-09 11:53:46,4,18,14,0.28,15.0
2025-01-09 11:57:52,0,16,15,0.3,12.0
2025-01-09 12:00:07,0,5,12,0.24,10.0
2025-01-09 12:01:23,4,4,10,0.2,9.0
2025-01-09 12:04:53,1,6,9,0.18,8.0
2025-01-09 12:06:26,4,5,8,0.16,8.0
2025-01-09 12:11:01,4,7,8,0.16,7.0
2025-01-09 12:15:34,1,6,7,0.14,7.0
2025-01-09 12:17:30,3,6,7,0.14,6.0
2025-01-09 12:21:36,1,3,6,0.12,4.0
2025-01-09 12:22:12,3,1,4,0.08,4.0
2025-01-09 12:26:11,3,3,4,0.08,4.0
2025-01-09 12:29:29,2,3,4,0.08,5.0
2025-01-09 12:32:16,1,6,5,0.1,4.0
2025-01-09 12:36:35,2,0,4,0.08,3.0
2025-01-09 12:39:45,0,0,3,0.06,3.0
2025-01-09 12:40:15,1,4,3,0.06,4.0
2025-01-09 12:44:40,2,5,4,0.08,5.0
2025-01-09 12:48:17,1,6,5,0.1,4.0
2025-01-09 12:48:50,1,3,4,0.08,3.0
2025-01-09 12:51:31,3,0,3,0.06,2.0
2025-01-09 12:55:38,1,1,2,0.04,3.0
2025-01-09 13:00:27,0,5,3,0.06,4.0
2025-01-09 13:00:57,3,6,4,0.08,3.0
2025-01-09 13:02:37,1,0,3,0.06,4.0
2025-01-09 13:06:04,2,6,4,0.08,3.0
2025-01-09 13:09:42,4,2,3,0.06,4.0
2025-01-09 13:10:19,2,7,4,0.08,4.0
2025-01-09 13:15:01,3,5,4,0.08,4.0
2025-01-09 13:19:34,3,4,4,0.08,5.0
2025-01-09 13:22:06,2,6,5,0.1,5.0
2025-01-09 13:23:07,2,6,5,0.1,4.0
2025-01-09 13:26:02,3,1,4,0.08,3.0
2025-01-09 13:29:07,1,0,3,0.06,3.0
2025-01-09 13:29:52,4,3,3,0.06,4.0
2025-01-09 13:31:08,3,6,4,0.08,4.0
2025-01-09 13:35:48,4,4,4,0.08,5.0
2025-01-09 13:39:24,2,6,5,0.1,4.0
2025-01-09 13:40:24,3,0,4,0.08,3.0
2025-01-09 13:45:13,4,0,3,0.06,3.0
2025-01-09 13:45:59,0,2,3,0.06,2.0
2025-01-09 13:47:07,4,1,2,0.04,2.0
2025-01-09 13:48:15,0,1,2,0.04,1.0
2025-01-09 13:50:56,0,0,1,0.02,2.0
2025-01-09 13:51:55,3,5,2,0.04,3.0
2025-01-09 13:55:02,4,4,3,0.06,4.0
2025-01-09 13:58:54,4,6,4,0.08,4.0
2025-01-09 14:00:29,0,3,4,0.08,3.0
2025-01-09 14:02:46,1,0,3,0.06,3.0
2025-01-09 14:07:43,2,3,3,0.06,3.0
2025-01-09 14:11:54,1,3,3,0.06,2.0
2025-01-09 14:12:41,1,1,2,0.04,1.0
2025-01-09 14:14:40,2,0,1,0.02,1.0
2025-01-09 14:18:10,4,1,1,0.02,1.0
2025-01-09 14:22:54,2,0,1,0.02,2.0
2025-01-09 14:27:36,2,4,2,0.04,3.0
2025-01-09 14:32:22,2,5,3,0.06,3.0
2025-01-09 14:34:18,3,4,3,0.06,3.0
2025-01-09 14:36:17,3,2,3,0.06,3.0
2025-01-09 14:40:43,4,2,3,0.06,3.0
2025-01-09 14:42:22,1,2,3,0.06,4.0
2025-01-09 14:43:35,1,5,4,0.08,5.0
2025-01-09 14:47:24,2,7,5,0.1,5.0
2025-01-09 14:50:25,4,4,5,0.1,4.0
2025-01-09 14:52:20,4,0,4,0.08,4.0
2025-01-09 14:53:08,2,3,4,0.08,3.0
2025-01-09 14:55:18,4,1,3,0.06,2.0
2025-01-09 14:57:22,0,1,2,0.04,2.0
2025-01-09 15:02:05,4,2,2,0.04,3.0
2025-01-09 15:03:04,1,6,3,0.06,4.0
2025-01-09 15:07:42,4,6,4,0.08,3.0
2025-01-09 15:08:44,1,0,3,0.06,2.0
2025-01-09 15:13:02,2,1,2,0.04,3.0
2025-01-09 15:13:43,2,6,3,0.06,2.0
2025-01-09 15:16:10,2,1,2,0.04,4.0
2025-01-09 15:19:14,1,7,4,0.08,4.0
2025-01-09 15:23:49,3,5,4,0.08,4.0
2025-01-09 15:28:25,3,4,4,0.08,4.0
2025-01-09 15:29:23,4,3,4,0.08,3.0
2025-01-09 15:32:33,1,1,3,0.06,3.0
2025-01-09 15:36:57,0,2,3,0.06,2.0
2025-01-09 15:40:36,4,1,2,0.04,1.0
2025-01-09 15:43:02,4,0,1,0.02,2.0
2025-01-09 15:48:02,4,4,2,0.04,3.0
2025-01-09 15:52:49,0,6,3,0.06,3.0
2025-01-09 15:56:18,4,3,3,0.06,4.0
2025-01-09 15:59:39,2,7,4,0.08,3.0
2025-01-09 16:04:27,1,1,3,0.06,2.0
2025-01-09 16:07:11,0,1,2,0.04,2.0
2025-01-09 16:10:31,2,2,2,0.04,3.0
2025-01-09 16:14:30,2,5,3,0.06,3.0
2025-01-09 16:18:55,2,2,3,0.06,4.0
2025-01-09 16:22:30,3,5,4,0.08,3.0
2025-01-09 16:24:34,2,2,3,0.06,2.0
2025-01-09 16:25:14,0,0,2,0.04,3.0
2025-01-09 16:26:51,2,6,3,0.06,3.0
2025-01-09 16:30:50,2,3,3,0.06,4.0
2025-01-09 16:34:35,2,6,4,0.08,3.0
2025-01-09 16:36:42,4,2,3,0.06,3.0
2025-01-09 16:38:44,1,3,3,0.06,4.0
2025-01-09 16:39:35,2,6,4,0.08,5.0
2025-01-09 16:42:56,1,6,5,0.1,4.0
2025-01-09 16:45:39,2,3,4,0.08,5.0
2025-01-09 16:46:33,1,7,5,0.1,5.0
2025-01-09 16:50:07,1,6,5,0.1,4.0
2025-01-09 16:52:01,2,3,4,0.08,4.0
2025-01-09 16:53:25,3,4,4,0.08,5.0
2025-01-09 16:58:05,4,7,5,0.1,6.0
2025-01-09 17:00:58,1,8,6,0.12,7.0
2025-01-09 17:04:14,3,11,7,0.14,10.0
2025-01-09 17:08:27,3,17,10,0.2,9.0
2025-01-09 17:12:36,2,6,9,0.18,10.0
2025-01-09 17:16:04,3,14,10,0.2,12.0
2025-01-09 17:18:32,4,17,12,0.24,10.0
2025-01-09 17:23:26,1,6,10,0.2,13.0
2025-01-09 17:26:25,2,19,13,0.26,14.0
2025-01-09 17:30:29,1,15,14,0.28,15.0
2025-01-09 17:34:15,3,16,15,0.3,14.0
2025-01-09 17:35:26,4,11,14,0.28,12.0
2025-01-09 17:36:48,3,9,12,0.24,13.0
2025-01-09 17:41:28,1,14,13,0.26,14.0
2025-01-09 17:46:28,1,15,14,0.28,13.0
2025-01-09 17:49:00,4,10,13,0.26,13.0
2025-01-09 17:53:55,4,12,13,0.26,12.0
2025-01-09 17:54:53,4,8,12,0.24,12.0
2025-01-09 17:55:57,0,13,12,0.24,13.0
2025-01-09 17:56:32,3,14,13,0.26,14.0
2025-01-09 17:58:52,3,17,14,0.28,12.0
2025-01-09 18:00:38,0,9,12,0.24,11.0
2025-01-09 18:03:34,0,9,11,0.22,11.0
2025-01-09 18:05:10,4,10,11,0.22,11.0
2025-01-09 18:05:47,2,11,11,0.22,13.0
2025-01-09 18:08:18,4,17,13,0.26,12.0
2025-01-09 18:11:42,1,10,12,0.24,13.0
2025-01-09 18:15:10,0,15,13,0.26,14.0
2025-01-09 18:17:04,1,16,14,0.28,15.0
2025-01-09 18:18:18,4,16,15,0.3,16.0
2025-01-09 18:21:03,0,19,16,0.32,14.0
2025-01-09 18:21:48,1,8,14,0.28,13.0
2025-01-09 18:25:32,3,10,13,0.26,13.0
2025-01-09 18:26:10,4,12,13,0.26,14.0
2025-01-09 18:26:54,1,15,14,0.28,12.0
2025-01-09 18:29:05,4,9,12,0.24,13.0
2025-01-09 18:33:20,2,16,13,0.26,12.0
2025-01-09 18:35:42,2,10,12,0.24,14.0
2025-01-09 18:36:12,4,19,14,0.28,13.0
2025-01-09 18:41:07,1,10,13,0.26,11.0
2025-01-09 18:45:04,1,6,11,0.22,10.0
2025-01-09 18:47:23,0,8,10,0.2,12.0
2025-01-09 18:51:12,2,18,12,0.24,13.0
2025-01-09 18:51:53,2,17,13,0.26,13.0
2025-01-09 18:55:30,0,14,13,0.26,12.0
2025-01-09 18:58:33,3,10,12,0.24,11.0
2025-01-09 19:01:53,3,10,11,0.22,13.0
2025-01-09 19:04:36,4,17,13,0.26,13.0
2025-01-09 19:05:30,2,12,13,0.26,13.0
2025-01-09 19:06:17,1,13,13,0.26,12.0
2025-01-09 19:09:56,0,9,12,0.24,11.0
2025-01-09 19:12:46,2,10,11,0.22,12.0
2025-01-09 19:13:58,3,13,12,0.24,14.0
2025-01-09 19:16:53,2,19,14,0.28,13.0
2025-01-09 19:18:54,0,10,13,0.26,12.0
2025-01-09 19:22:22,3,9,12,0.24,14.0
2025-01-09 19:23:47,2,19,14,0.28,13.0
2025-01-09 19:26:51,1,10,13,0.26,14.0
2025-01-09 19:30:00,0,17,14,0.28,15.0
2025-01-09 19:32:20,3,17,15,0.3,13.0
2025-01-09 19:35:06,1,7,13,0.26,14.0
2025-01-09 19:39:27,3,18,14,0.28,15.0
2025-01-09 19:43:36,2,17,15,0.3,13.0
2025-01-09 19:45:13,0,8,13,0.26,11.0
2025-01-09 19:49:51,2,6,11,0.22,11.0
2025-01-09 19:50:26,0,11,11,0.22,10.0
2025-01-09 19:52:29,1,9,10,0.2,10.0
2025-01-09 19:57:27,3,11,10,0.2,9.0
2025-01-09 20:01:13,4,8,9,0.18,12.0
2025-01-09 20:02:07,2,18,12,0.24,11.0
2025-01-09 20:05:04,0,9,11,0.22,13.0
2025-01-09 20:07:31,0,19,13,0.26,12.0
2025-01-09 20:09:06,2,10,12,0.24,12.0
2025-01-09 20:12:30,2,12,12,0.24,10.0
2025-01-09 20:14:15,4,7,10,0.2,12.0
2025-01-09 20:16:38,1,16,12,0.24,10.0
2025-01-09 20:18:58,4,6,10,0.2,12.0
2025-01-09 20:23:36,2,18,12,0.24,13.0
2025-01-09 20:27:28,3,16,13,0.26,13.0
2025-01-09 20:30:24,0,12,13,0.26,13.0
2025-01-09 20:31:28,1,14,13,0.26,13.0
2025-01-09 20:32:23,1,13,13,0.26,12.0
2025-01-09 20:36:50,0,9,12,0.24,12.0
2025-01-09 20:37:33,1,12,12,0.24,13.0
2025-01-09 20:38:47,0,14,13,0.26,15.0
2025-01-09 20:42:52,1,19,15,0.3,13.0
2025-01-09 20:47:14,2,8,13,0.26,15.0
2025-01-09 20:50:56,1,19,15,0.3,13.0
2025-01-09 20:52:16,4,9,13,0.26,12.0
2025-01-09 20:56:19,0,11,12,0.24,14.0
2025-01-09 20:59:19,4,19,14,0.28,14.0
2025-01-09 21:01:04,1,13,14,0.28,14.0
2025-01-09 21:05:13,4,14,14,0.28,13.0
2025-01-09 21:08:49,2,12,13,0.26,12.0
2025-01-09 21:09:46,4,9,12,0.24,11.0
2025-01-09 21:13:15,2,9,11,0.22,11.0
2025-01-09 21:17:57,1,10,11,0.22,12.0
2025-01-09 21:20:32,2,14,12,0.24,11.0
2025-01-09 21:23:58,3,9,11,0.22,12.0
2025-01-09 21:25:04,1,16,12,0.24,14.0
2025-01-09 21:27:12,1,19,14,0.28,13.0
2025-01-09 21:29:19,3,11,13,0.26,12.0
2025-01-09 21:31:55,2,11,12,0.24,12.0
2025-01-09 21:35:12,2,12,12,0.24,10.0
2025-01-09 21:37:01,3,6,10,0.2,12.0
2025-01-09 21:39:36,4,15,12,0.24,13.0
2025-01-09 21:42:35,1,15,13,0.26,13.0
2025-01-09 21:43:20,4,12,13,0.26,13.0
2025-01-09 21:44:17,3,12,13,0.26,12.0
2025-01-09 21:47:39,0,11,12,0.24,10.0
2025-01-09 21:48:54,1,7,10,0.2,12.0
2025-01-09 21:53:19,3,17,12,0.24,13.0
2025-01-09 21:57:22,3,16,13,0.26,12.0
2025-01-09 21:59:16,1,9,12,0.24,8.0
2025-01-09 22:03:37,1,0,8,0.16,7.0
2025-01-09 22:05:31,3,6,7,0.14,5.0
2025-01-09 22:07:05,0,2,5,0.1,4.0
2025-01-09 22:09:48,4,2,4,0.08,3.0
2025-01-09 22:12:48,2,2,3,0.06,4.0
2025-01-09 22:15:12,3,5,4,0.08,5.0
2025-01-09 22:16:45,3,7,5,0.1,6.0
2025-01-09 22:19:52,3,7,6,0.12,6.0
2025-01-09 22:21:38,3,7,6,0.12,6.0
2025-01-09 22:24:33,3,7,6,0.12,5.0
2025-01-09 22:28:47,4,2,5,0.1,4.0
2025-01-09 22:30:59,4,3,4,0.08,4.0
2025-01-09 22:32:56,1,4,4,0.08,3.0
2025-01-09 22:36:13,0,1,3,0.06,4.0
2025-01-09 22:39:32,1,6,4,0.08,4.0
2025-01-09 22:42:16,4,3,4,0.08,4.0
2025-01-09 22:43:35,0,5,4,0.08,5.0
2025-01-09 22:46:18,1,7,5,0.1,4.0
2025-01-09 22:49:04,0,2,4,0.08,4.0
2025-01-09 22:53:38,4,3,4,0.08,4.0
2025-01-09 22:55:56,3,3,4,0.08,4.0
2025-01-09 22:56:46,2,5,4,0.08,3.0
2025-01-09 22:58:45,4,2,3,0.06,2.0
2025-01-09 23:01:06,3,1,2,0.04,3.0
2025-01-09 23:02:52,1,5,3,0.06,3.0
2025-01-09 23:06:18,3,4,3,0.06,2.0
2025-01-09 23:09:15,3,1,2,0.04,4.0
2025-01-09 23:11:25,2,7,4,0.08,4.0
2025-01-09 23:16:00,2,5,4,0.08,3.0
2025-01-09 23:18:26,4,0,3,0.06,4.0
2025-01-09 23:20:27,1,5,4,0.08,4.0
2025-01-09 23:21:24,0,3,4,0.08,4.0
2025-01-09 23:22:18,4,4,4,0.08,4.0
2025-01-09 23:23:45,1,4,4,0.08,5.0
2025-01-09 23:26:28,2,7,5,0.1,4.0
2025-01-09 23:31:06,1,0,4,0.08,4.0
2025-01-09 23:32:13,1,3,4,0.08,4.0
2025-01-09 23:33:57,3,3,4,0.08,4.0
2025-01-09 23:36:48,1,4,4,0.08,3.0
2025-01-09 23:40:05,3,2,3,0.06,4.0
2025-01-09 23:44:53,4,6,4,0.08,3.0
2025-01-09 23:49:07,1,2,3,0.06,3.0
2025-01-09 23:52:08,1,2,3,0.06,3.0
2025-01-09 23:52:56,0,3,3,0.06,2.0
2025-01-09 23:55:51,3,0,2,0.04,2.0
2025-01-10 00:00:21,1,2,2,0.04,4.0
2025-01-10 00:04:47,0,7,4,0.08,5.0
2025-01-10 00:05:51,1,7,5,0.1,4.0
2025-01-10 00:09:30,2,3,4,0.08,5.0
2025-01-10 00:10:00,1,6,5,0.1,6.0
2025-01-10 00:13:02,2,7,6,0.12,6.0
2025-01-10 00:15:37,0,6,6,0.12,4.0
2025-01-10 00:19:52,4,1,4,0.08,3.0
2025-01-10 00:24:02,2,0,3,0.06,3.0
2025-01-10 00:28:02,4,3,3,0.06,4.0
2025-01-10 00:28:56,1,5,4,0.08,5.0
2025-01-10 00:29:41,0,7,5,0.1,6.0
2025-01-10 00:33:12,1,7,6,0.12,4.0
2025-01-10 00:35:50,4,1,4,0.08,4.0
2025-01-10 00:37:01,4,4,4,0.08,4.0
2025-01-10 00:41:26,3,4,4,0.08,5.0
2025-01-10 00:42:29,2,7,5,0.1,5.0
2025-01-10 00:43:43,0,4,5,0.1,6.0
2025-01-10 00:46:26,1,7,6,0.12,6.0
2025-01-10 00:47:16,4,5,6,0.12,4.0
2025-01-10 00:49:47,3,0,4,0.08,3.0
2025-01-10 00:51:26,0,0,3,0.06,3.0
2025-01-10 00:52:43,3,3,3,0.06,2.0
2025-01-10 00:53:51,4,1,2,0.04,3.0
2025-01-10 00:54:30,0,5,3,0.06,4.0
2025-01-10 00:55:29,2,7,4,0.08,3.0
2025-01-10 01:00:02,1,2,3,0.06,3.0
2025-01-10 01:01:59,1,2,3,0.06,4.0
2025-01-10 01:06:32,4,7,4,0.08,5.0
2025-01-10 01:07:16,1,6,5,0.1,4.0
2025-01-10 01:07:49,3,3,4,0.08,5.0
2025-01-10 01:11:29,3,6,5,0.1,5.0
2025-01-10 01:14:46,3,5,5,0.1,4.0
2025-01-10 01:15:24,3,3,4,0.08,4.0
2025-01-10 01:17:42,3,3,4,0.08,4.0
2025-01-10 01:20:28,4,3,4,0.08,5.0
2025-01-10 01:23:31,3,7,5,0.1,4.0
2025-01-10 01:27:29,4,1,4,0.08,4.0
2025-01-10 01:30:21,2,5,4,0.08,3.0
2025-01-10 01:32:29,4,0,3,0.06,3.0
2025-01-10 01:34:07,4,3,3,0.06,2.0
2025-01-10 01:38:43,0,0,2,0.04,3.0
2025-01-10 01:43:33,3,5,3,0.06,3.0
2025-01-10 01:45:21,1,3,3,0.06,2.0
2025-01-10 01:48:16,3,0,2,0.04,1.0
2025-01-10 01:50:36,1,0,1,0.02,1.0
2025-01-10 01:55:23,0,2,1,0.02,3.0
2025-01-10 01:57:25,1,7,3,0.06,2.0
2025-01-10 01:58:07,1,1,2,0.04,3.0
2025-01-10 02:02:56,3,4,3,0.06,2.0
2025-01-10 02:05:14,4,0,2,0.04,1.0
2025-01-10 02:08:52,4,0,1,0.02,3.0
2025-01-10 02:10:56,3,7,3,0.06,2.0
2025-01-10 02:13:10,0,1,2,0.04,2.0
2025-01-10 02:13:47,3,1,2,0.04,4.0
2025-01-10 02:15:23,0,7,4,0.08,3.0
2025-01-10 02:19:03,2,2,3,0.06,3.0
2025-01-10 02:23:48,3,2,3,0.06,4.0
2025-01-10 02:24:26,2,7,4,0.08,4.0
2025-01-10 02:26:52,0,5,4,0.08,5.0
2025-01-10 02:31:48,2,6,5,0.1,5.0
2025-01-10 02:33:56,0,6,5,0.1,6.0
2025-01-10 02:37:09,3,7,6,0.12,4.0
2025-01-10 02:39:59,4,1,4,0.08,3.0
2025-01-10 02:44:56,4,2,3,0.06,4.0
2025-01-10 02:46:02,1,7,4,0.08,4.0
2025-01-10 02:47:45,3,3,4,0.08,3.0
2025-01-10 02:49:27,4,1,3,0.06,4.0
2025-01-10 02:53:15,2,5,4,0.08,3.0
2025-01-10 02:55:54,3,0,3,0.06,4.0
2025-01-10 03:00:29,1,7,4,0.08,4.0
2025-01-10 03:01:58,4,5,4,0.08,3.0
2025-01-10 03:04:10,4,2,3,0.06,3.0
2025-01-10 03:07:10,0,2,3,0.06,2.0
2025-01-10 03:10:16,1,0,2,0.04,2.0
2025-01-10 03:14:11,2,1,2,0.04,2.0
2025-01-10 03:17:39,2,2,2,0.04,4.0
2025-01-10 03:21:25,2,7,4,0.08,5.0
2025-01-10 03:25:37,0,6,5,0.1,4.0
2025-01-10 03:27:35,1,1,4,0.08,4.0
2025-01-10 03:32:00,1,3,4,0.08,3.0
2025-01-10 03:35:32,4,1,3,0.06,3.0
2025-01-10 03:39:30,3,4,3,0.06,3.0
2025-01-10 03:42:09,3,2,3,0.06,3.0
2025-01-10 03:45:11,0,3,3,0.06,4.0
2025-01-10 03:45:53,1,5,4,0.08,3.0
2025-01-10 03:48:24,1,0,3,0.06,4.0
2025-01-10 03:52:33,3,6,4,0.08,5.0
2025-01-10 03:54:48,1,7,5,0.1,4.0
2025-01-10 03:56:27,2,2,4,0.08,4.0
2025-01-10 04:00:11,4,3,4,0.08,3.0
2025-01-10 04:03:46,3,2,3,0.06,2.0
2025-01-10 04:05:54,4,0,2,0.04,2.0
2025-01-10 04:07:45,3,2,2,0.04,2.0
2025-01-10 04:09:29,0,3,2,0.04,4.0
2025-01-10 04:13:10,0,7,4,0.08,4.0
2025-01-10 04:17:13,2,4,4,0.08,4.0
2025-01-10 04:20:06,4,3,4,0.08,5.0
2025-01-10 04:24:11,4,6,5,0.1,5.0
2025-01-10 04:24:55,0,6,5,0.1,4.0
2025-01-10 04:29:01,1,3,4,0.08,4.0
2025-01-10 04:30:05,0,5,4,0.08,5.0
2025-01-10 04:33:37,3,6,5,0.1,6.0
2025-01-10 04:38:36,4,7,6,0.12,6.0
2025-01-10 04:40:45,4,5,6,0.12,5.0
2025-01-10 04:41:21,1,2,5,0.1,4.0
2025-01-10 04:42:20,2,0,4,0.08,5.0
2025-01-10 04:45:13,2,7,5,0.1,4.0
2025-01-10 04:47:33,0,1,4,0.08,3.0
2025-01-10 04:51:54,4,0,3,0.06,2.0
2025-01-10 04:55:22,2,0,2,0.04,3.0
2025-01-10 04:57:03,0,4,3,0.06,4.0
2025-01-10 05:01:02,1,6,4,0.08,3.0
2025-01-10 05:05:11,3,2,3,0.06,2.0
2025-01-10 05:07:00,1,1,2,0.04,1.0
2025-01-10 05:08:52,4,0,1,0.02,3.0
2025-01-10 05:10:03,4,7,3,0.06,4.0
2025-01-10 05:13:43,2,6,4,0.08,3.0
2025-01-10 05:17:05,4,0,3,0.06,4.0
2025-01-10 05:17:41,3,6,4,0.08,4.0
2025-01-10 05:20:45,0,5,4,0.08,3.0
2025-01-10 05:21:24,4,0,3,0.06,4.0
2025-01-10 05:22:27,1,7,4,0.08,3.0
2025-01-10 05:23:32,1,0,3,0.06,3.0
2025-01-10 05:24:07,2,2,3,0.06,4.0
2025-01-10 05:28:11,4,7,4,0.08,3.0
2025-01-10 05:30:54,4,2,3,0.06,3.0
2025-01-10 05:33:29,1,4,3,0.06,4.0
2025-01-10 05:36:52,1,5,4,0.08,3.0
2025-01-10 05:39:53,1,2,3,0.06,4.0
2025-01-10 05:40:48,0,7,4,0.08,4.0
2025-01-10 05:43:12,0,3,4,0.08,3.0
2025-01-10 05:44:56,4,0,3,0.06,3.0
2025-01-10 05:48:11,4,3,3,0.06,2.0
2025-01-10 05:51:49,1,1,2,0.04,2.0
2025-01-10 05:53:36,2,3,2,0.04,2.0
2025-01-10 05:55:35,0,1,2,0.04,2.0
2025-01-10 05:59:00,3,3,2,0.04,2.0
2025-01-10 05:59:50,1,1,2,0.04,3.0
2025-01-10 06:01:13,4,4,3,0.06,2.0
2025-01-10 06:04:46,3,0,2,0.04,3.0
2025-01-10 06:08:57,2,6,3,0.06,3.0
2025-01-10 06:12:25,3,2,3,0.06,2.0
2025-01-10 06:14:46,4,0,2,0.04,3.0
2025-01-10 06:18:59,4,4,3,0.06,3.0
2025-01-10 06:23:02,2,2,3,0.06,2.0
2025-01-10 06:24:30,2,0,2,0.04,2.0
2025-01-10 06:26:48,2,1,2,0.04,3.0
2025-01-10 06:29:54,0,4,3,0.06,3.0
2025-01-10 06:33:34,3,3,3,0.06,2.0
2025-01-10 06:37:23,1,0,2,0.04,2.0
2025-01-10 06:41:08,4,3,2,0.04,2.0
2025-01-10 06:42:12,3,3,2,0.04,3.0
2025-01-10 06:46:47,2,4,3,0.06,2.0
2025-01-10 06:51:13,4,1,2,0.04,3.0
2025-01-10 06:53:26,0,4,3,0.06,4.0
2025-01-10 06:54:02,1,7,4,0.08,3.0
2025-01-10 06:54:32,4,2,3,0.06,4.0
2025-01-10 06:58:40,2,6,4,0.08,4.0
2025-01-10 07:02:59,4,5,4,0.08,4.0
2025-01-10 07:06:20,0,4,4,0.08,4.0
2025-01-10 07:08:16,1,3,4,0.08,3.0
2025-01-10 07:09:26,2,0,3,0.06,4.0
2025-01-10 07:11:58,4,5,4,0.08,4.0
2025-01-10 07:15:25,4,5,4,0.08,5.0
2025-01-10 07:16:57,1,6,5,0.1,4.0
2025-01-10 07:20:11,0,0,4,0.08,3.0
2025-01-10 07:23:47,0,2,3,0.06,2.0
2025-01-10 07:27:45,3,0,2,0.04,4.0
2025-01-10 07:32:01,1,7,4,0.08,4.0
2025-01-10 07:33:18,0,5,4,0.08,3.0
2025-01-10 07:37:31,4,2,3,0.06,4.0
2025-01-10 07:38:03,0,6,4,0.08,3.0
2025-01-10 07:41:27,4,0,3,0.06,3.0
2025-01-10 07:43:35,1,3,3,0.06,3.0
2025-01-10 07:46:00,2,3,3,0.06,4.0
2025-01-10 07:50:59,0,5,4,0.08,4.0
2025-01-10 07:55:41,1,3,4,0.08,3.0
2025-01-10 07:57:45,3,2,3,0.06,2.0
2025-01-10 07:58:38,1,0,2,0.04,3.0
2025-01-10 08:01:03,0,6,3,0.06,7.0
2025-01-10 08:04:03,1,16,7,0.14,8.0
2025-01-10 08:05:22,0,10,8,0.16,10.0
2025-01-10 08:09:17,1,13,10,0.2,11.0
2025-01-10 08:11:05,3,14,11,0.22,13.0
2025-01-10 08:12:44,1,17,13,0.26,14.0
2025-01-10 08:13:40,4,16,14,0.28,15.0
2025-01-10 08:18:40,2,17,15,0.3,14.0
2025-01-10 08:19:59,3,10,14,0.28,15.0
2025-01-10 08:24:35,0,18,15,0.3,13.0
2025-01-10 08:29:28,3,7,13,0.26,12.0
2025-01-10 08:31:16,0,9,12,0.24,13.0
2025-01-10 08:34:55,3,17,13,0.26,12.0
2025-01-10 08:36:11,3,11,12,0.24,11.0
2025-01-10 08:39:49,3,9,11,0.22,12.0
2025-01-10 08:44:34,3,16,12,0.24,13.0
2025-01-10 08:48:45,3,14,13,0.26,14.0
2025-01-10 08:53:15,4,18,14,0.28,14.0
2025-01-10 08:58:13,2,14,14,0.28,13.0
2025-01-10 08:58:43,0,12,13,0.26,14.0
2025-01-10 08:59:46,1,16,14,0.28,13.0
2025-01-10 09:01:34,4,10,13,0.26,14.0
2025-01-10 09:05:59,2,18,14,0.28,13.0
2025-01-10 09:08:06,0,11,13,0.26,12.0
2025-01-10 09:09:57,4,8,12,0.24,14.0
2025-01-10 09:13:38,4,18,14,0.28,13.0
2025-01-10 09:18:20,4,11,13,0.26,14.0
2025-01-10 09:19:27,4,15,14,0.28,14.0
2025-01-10 09:20:10,2,13,14,0.28,15.0
2025-01-10 09:24:08,3,18,15,0.3,15.0
2025-01-10 09:26:06,4,15,15,0.3,13.0
2025-01-10 09:27:31,2,9,13,0.26,14.0
2025-01-10 09:29:34,4,15,14,0.28,12.0
2025-01-10 09:31:36,3,8,12,0.24,12.0
2025-01-10 09:33:30,1,11,12,0.24,14.0
2025-01-10 09:38:04,2,18,14,0.28,14.0
2025-01-10 09:38:55,3,15,14,0.28,13.0
2025-01-10 09:41:26,4,12,13,0.26,13.0
2025-01-10 09:44:03,1,12,13,0.26,14.0
2025-01-10 09:46:25,3,17,14,0.28,15.0
2025-01-10 09:49:04,3,16,15,0.3,13.0
2025-01-10 09:51:45,0,9,13,0.26,14.0
2025-01-10 09:53:39,4,17,14,0.28,13.0
2025-01-10 09:55:29,1,12,13,0.26,15.0
2025-01-10 09:57:07,4,19,15,0.3,14.0
2025-01-10 10:00:04,4,11,14,0.28,14.0
2025-01-10 10:00:49,2,13,14,0.28,14.0
2025-01-10 10:03:03,0,14,14,0.28,16.0
2025-01-10 10:06:17,4,19,16,0.32,15.0
2025-01-10 10:10:07,1,12,15,0.3,15.0
2025-01-10 10:13:53,0,14,15,0.3,16.0
2025-01-10 10:17:27,0,18,16,0.32,14.0
2025-01-10 10:22:21,4,8,14,0.28,14.0
2025-01-10 10:24:30,0,14,14,0.28,12.0
2025-01-10 10:28:33,4,6,12,0.24,12.0
2025-01-10 10:31:44,1,13,12,0.24,11.0
2025-01-10 10:34:50,0,9,11,0.22,10.0
2025-01-10 10:39:30,3,9,10,0.2,11.0
2025-01-10 10:41:36,0,14,11,0.22,11.0
2025-01-10 10:42:23,3,11,11,0.22,12.0
2025-01-10 10:44:29,3,15,12,0.24,13.0
2025-01-10 10:44:59,2,15,13,0.26,11.0
2025-01-10 10:49:04,4,7,11,0.22,12.0
2025-01-10 10:51:45,0,13,12,0.24,13.0
2025-01-10 10:56:34,3,16,13,0.26,14.0
2025-01-10 10:59:08,2,15,14,0.28,13.0
2025-01-10 11:00:59,4,12,13,0.26,14.0
2025-01-10 11:04:19,3,15,14,0.28,12.0
2025-01-10 11:05:47,1,9,12,0.24,11.0
2025-01-10 11:06:48,0,10,11,0.22,10.0
2025-01-10 11:09:58,3,6,10,0.2,11.0
2025-01-10 11:12:13,4,12,11,0.22,13.0
2025-01-10 11:14:27,0,17,13,0.26,12.0
2025-01-10 11:18:44,1,9,12,0.24,12.0
2025-01-10 11:22:21,1,12,12,0.24,14.0
2025-01-10 11:24:00,4,19,14,0.28,14.0
2025-01-10 11:25:56,4,14,14,0.28,15.0
2025-01-10 11:27:21,0,18,15,0.3,13.0
2025-01-10 11:29:43,2,8,13,0.26,14.0
2025-01-10 11:30:25,2,17,14,0.28,12.0
2025-01-10 11:31:12,4,7,12,0.24,12.0
2025-01-10 11:34:43,3,12,12,0.24,11.0
2025-01-10 11:37:05,0,10,11,0.22,12.0
2025-01-10 11:41:23,0,16,12,0.24,11.0
2025-01-10 11:44:43,1,9,11,0.22,10.0
2025-01-10 11:48:21,0,8,10,0.2,10.0
2025-01-10 11:50:09,2,11,10,0.2,10.0
2025-01-10 11:53:04,1,10,10,0.2,11.0
2025-01-10 11:56:35,2,12,11,0.22,10.0
2025-01-10 12:01:14,1,6,10,0.2,8.0
2025-01-10 12:04:59,4,5,8,0.16,8.0
2025-01-10 12:06:39,4,7,8,0.16,6.0
2025-01-10 12:11:16,3,0,6,0.12,4.0
2025-01-10 12:14:11,1,0,4,0.08,5.0
2025-01-10 12:16:26,0,7,5,0.1,5.0
2025-01-10 12:21:18,2,5,5,0.1,5.0
2025-01-10 12:22:57,0,5,5,0.1,4.0
2025-01-10 12:26:39,3,3,4,0.08,5.0
2025-01-10 12:28:16,1,7,5,0.1,5.0
2025-01-10 12:29:37,3,4,5,0.1,4.0
2025-01-10 12:30:15,3,1,4,0.08,4.0
2025-01-10 12:34:55,4,3,4,0.08,3.0
2025-01-10 12:38:28,1,2,3,0.06,3.0
2025-01-10 12:41:56,3,3,3,0.06,2.0
2025-01-10 12:45:43,2,0,2,0.04,3.0
2025-01-10 12:48:20,1,4,3,0.06,3.0
2025-01-10 12:49:09,1,3,3,0.06,4.0
2025-01-10 12:50:43,4,7,4,0.08,3.0
2025-01-10 12:54:14,0,2,3,0.06,4.0
2025-01-10 12:58:44,2,7,4,0.08,5.0
2025-01-10 12:59:37,0,7,5,0.1,4.0
2025-01-10 13:01:29,2,1,4,0.08,5.0
2025-01-10 13:05:03,2,7,5,0.1,4.0
2025-01-10 13:07:11,4,2,4,0.08,3.0
2025-01-10 13:08:42,0,1,3,0.06,3.0
2025-01-10 13:09:33,1,2,3,0.06,4.0
2025-01-10 13:13:34,4,6,4,0.08,4.0
2025-01-10 13:16:09,1,4,4,0.08,3.0
2025-01-10 13:17:20,1,0,3,0.06,2.0
2025-01-10 13:19:27,3,1,2,0.04,3.0
2025-01-10 13:20:27,4,6,3,0.06,2.0
2025-01-10 13:23:34,3,0,2,0.04,3.0
2025-01-10 13:25:55,1,5,3,0.06,4.0
2025-01-10 13:30:31,4,5,4,0.08,4.0
2025-01-10 13:33:02,3,3,4,0.08,3.0
2025-01-10 13:36:58,1,0,3,0.06,4.0
2025-01-10 13:39:17,0,7,4,0.08,4.0
2025-01-10 13:40:42,3,3,4,0.08,3.0
2025-01-10 13:42:08,3,0,3,0.06,4.0
2025-01-10 13:44:31,2,6,4,0.08,4.0
2025-01-10 13:48:18,1,4,4,0.08,4.0
2025-01-10 13:51:46,1,4,4,0.08,5.0
2025-01-10 13:55:54,3,6,5,0.1,6.0
2025-01-10 13:56:39,0,7,6,0.12,6.0
2025-01-10 13:58:09,0,7,6,0.12,5.0
2025-01-10 13:59:32,1,3,5,0.1,4.0
2025-01-10 14:02:49,1,3,4,0.08,4.0
2025-01-10 14:03:44,3,3,4,0.08,4.0
2025-01-10 14:05:18,0,3,4,0.08,3.0
2025-01-10 14:07:27,3,1,3,0.06,3.0
2025-01-10 14:09:10,4,4,3,0.06,4.0
2025-01-10 14:12:51,0,6,4,0.08,3.0
2025-01-10 14:16:11,0,2,3,0.06,3.0
2025-01-10 14:19:47,0,2,3,0.06,4.0
2025-01-10 14:20:39,4,6,4,0.08,4.0
2025-01-10 14:24:09,1,3,4,0.08,5.0
2025-01-10 14:26:26,3,6,5,0.1,5.0
2025-01-10 14:29:37,1,4,5,0.1,4.0
2025-01-10 14:33:32,2,2,4,0.08,4.0
2025-01-10 14:35:19,1,4,4,0.08,4.0
2025-01-10 14:36:04,4,3,4,0.08,3.0
2025-01-10 14:38:09,4,2,3,0.06,4.0
2025-01-10 14:41:05,3,7,4,0.08,3.0
2025-01-10 14:41:36,0,0,3,0.06,3.0
2025-01-10 14:42:15,1,3,3,0.06,4.0
2025-01-10 14:44:49,4,7,4,0.08,4.0
2025-01-10 14:46:39,0,3,4,0.08,5.0
2025-01-10 14:49:28,2,7,5,0.1,5.0
2025-01-10 14:52:27,3,5,5,0.1,6.0
2025-01-10 14:55:05,3,7,6,0.12,5.0
2025-01-10 14:59:33,0,3,5,0.1,4.0
2025-01-10 15:01:00,3,0,4,0.08,4.0
2025-01-10 15:04:47,1,3,4,0.08,3.0
2025-01-10 15:08:47,4,2,3,0.06,3.0
2025-01-10 15:10:01,4,4,3,0.06,2.0
2025-01-10 15:12:07,0,0,2,0.04,2.0
2025-01-10 15:12:59,0,1,2,0.04,3.0
2025-01-10 15:14:12,3,5,3,0.06,3.0
2025-01-10 15:15:08,2,2,3,0.06,4.0
2025-01-10 15:17:14,2,5,4,0.08,3.0
2025-01-10 15:18:19,4,2,3,0.06,4.0
2025-01-10 15:20:37,4,6,4,0.08,4.0
2025-01-10 15:22:01,1,3,4,0.08,5.0
2025-01-10 15:25:42,0,6,5,0.1,6.0
2025-01-10 15:29:50,0,7,6,0.12,5.0
2025-01-10 15:33:24,2,4,5,0.1,4.0
2025-01-10 15:35:02,1,3,4,0.08,4.0
2025-01-10 15:37:41,3,4,4,0.08,5.0
2025-01-10 15:39:05,3,7,5,0.1,5.0
2025-01-10 15:41:11,3,4,5,0.1,5.0
2025-01-10 15:43:07,2,6,5,0.1,4.0
2025-01-10 15:45:35,1,3,4,0.08,4.0
2025-01-10 15:49:32,0,3,4,0.08,5.0
2025-01-10 15:52:35,3,6,5,0.1,6.0
2025-01-10 15:53:39,4,7,6,0.12,4.0
2025-01-10 15:55:27,4,0,4,0.08,4.0
2025-01-10 15:57:03,1,5,4,0.08,3.0
2025-01-10 15:58:06,1,2,3,0.06,2.0
2025-01-10 16:00:12,2,0,2,0.04,2.0
2025-01-10 16:03:30,0,3,2,0.04,2.0
2025-01-10 16:06:48,4,2,2,0.04,4.0
2025-01-10 16:09:48,2,7,4,0.08,4.0
2025-01-10 16:11:28,4,4,4,0.08,4.0
2025-01-10 16:12:00,2,5,4,0.08,4.0
2025-01-10 16:13:01,1,5,4,0.08,3.0
2025-01-10 16:14:52,4,1,3,0.06,4.0
2025-01-10 16:16:04,0,5,4,0.08,3.0
2025-01-10 16:18:18,0,2,3,0.06,2.0
2025-01-10 16:18:48,0,1,2,0.04,2.0
2025-01-10 16:20:18,3,3,2,0.04,2.0
2025-01-10 16:25:17,0,1,2,0.04,2.0
2025-01-10 16:28:46,1,2,2,0.04,2.0
2025-01-10 16:32:59,1,3,2,0.04,1.0
2025-01-10 16:33:34,0,0,1,0.02,1.0
2025-01-10 16:35:46,4,0,1,0.02,1.0
2025-01-10 16:36:25,3,0,1,0.02,2.0
2025-01-10 16:38:05,3,6,2,0.04,3.0
2025-01-10 16:40:04,3,4,3,0.06,3.0
2025-01-10 16:44:19,1,3,3,0.06,4.0
2025-01-10 16:47:26,0,6,4,0.08,4.0
2025-01-10 16:51:43,1,5,4,0.08,4.0
2025-01-10 16:54:18,1,5,4,0.08,5.0
2025-01-10 16:58:16,3,6,5,0.1,7.0
2025-01-10 17:00:22,2,13,7,0.14,9.0
2025-01-10 17:02:05,2,14,9,0.18,9.0
2025-01-10 17:04:29,4,9,9,0.18,11.0
2025-01-10 17:08:09,3,15,11,0.22,13.0
2025-01-10 17:11:28,3,19,13,0.26,13.0
2025-01-10 17:15:21,2,13,13,0.26,14.0
2025-01-10 17:16:46,1,18,14,0.28,13.0
2025-01-10 17:20:43,4,11,13,0.26,12.0
2025-01-10 17:21:53,4,10,12,0.24,13.0
2025-01-10 17:22:54,4,14,13,0.26,13.0
2025-01-10 17:23:38,3,12,13,0.26,13.0
2025-01-10 17:25:09,0,14,13,0.26,14.0
2025-01-10 17:28:13,3,18,14,0.28,14.0
2025-01-10 17:32:11,1,13,14,0.28,13.0
2025-01-10 17:35:47,0,10,13,0.26,14.0
2025-01-10 17:38:26,1,15,14,0.28,12.0
2025-01-10 17:41:02,1,6,12,0.24,13.0
2025-01-10 17:43:25,3,17,13,0.26,14.0
2025-01-10 17:47:13,4,18,14,0.28,13.0
2025-01-10 17:47:55,1,12,13,0.26,11.0
2025-01-10 17:52:55,3,6,11,0.22,12.0
2025-01-10 17:54:53,4,16,12,0.24,11.0
2025-01-10 17:58:57,1,9,11,0.22,11.0
2025-01-10 18:02:49,3,12,11,0.22,10.0
2025-01-10 18:04:32,1,9,10,0.2,10.0
2025-01-10 18:05:26,4,10,10,0.2,12.0
2025-01-10 18:07:36,2,16,12,0.24,11.0
2025-01-10 18:11:01,4,10,11,0.22,12.0
2025-01-10 18:13:27,4,13,12,0.24,11.0
2025-01-10 18:16:42,3,10,11,0.22,12.0
2025-01-10 18:17:52,1,16,12,0.24,12.0
2025-01-10 18:20:21,0,13,12,0.24,10.0
2025-01-10 18:22:27,0,7,10,0.2,12.0
2025-01-10 18:25:21,2,17,12,0.24,10.0
2025-01-10 18:29:26,4,6,10,0.2,10.0
2025-01-10 18:33:44,3,11,10,0.2,11.0
2025-01-10 18:36:23,0,13,11,0.22,13.0
2025-01-10 18:39:09,3,18,13,0.26,12.0
2025-01-10 18:41:35,0,11,12,0.24,11.0
2025-01-10 18:43:38,2,10,11,0.22,11.0
2025-01-10 18:46:55,3,12,11,0.22,12.0
2025-01-10 18:50:47,4,14,12,0.24,13.0
2025-01-10 18:53:45,4,16,13,0.26,13.0
2025-01-10 18:57:17,2,12,13,0.26,13.0
2025-01-10 19:00:18,4,14,13,0.26,12.0
2025-01-10 19:02:01,1,10,12,0.24,11.0
2025-01-10 19:03:12,4,9,11,0.22,11.0
2025-01-10 19:07:13,2,12,11,0.22,10.0
2025-01-10 19:09:23,0,9,10,0.2,12.0
2025-01-10 19:10:37,1,17,12,0.24,12.0
2025-01-10 19:12:28,0,13,12,0.24,11.0
2025-01-10 19:13:14,0,10,11,0.22,12.0
2025-01-10 19:14:56,0,13,12,0.24,13.0
2025-01-10 19:15:39,2,15,13,0.26,11.0
2025-01-10 19:18:45,2,6,11,0.22,13.0
2025-01-10 19:22:57,1,17,13,0.26,13.0
2025-01-10 19:25:38,4,13,13,0.26,13.0
2025-01-10 19:26:54,0,13,13,0.26,12.0
2025-01-10 19:29:10,2,11,12,0.24,13.0
2025-01-10 19:31:27,1,14,13,0.26,14.0
2025-01-10 19:36:21,3,18,14,0.28,14.0
2025-01-10 19:40:15,3,13,14,0.28,15.0
2025-01-10 19:42:03,3,16,15,0.3,15.0
2025-01-10 19:45:07,4,16,15,0.3,14.0
2025-01-10 19:50:07,0,12,14,0.28,14.0
2025-01-10 19:54:43,4,15,14,0.28,15.0
2025-01-10 19:55:31,3,18,15,0.3,13.0
2025-01-10 19:56:26,1,9,13,0.26,13.0
2025-01-10 20:00:32,4,14,13,0.26,12.0
2025-01-10 20:03:35,3,11,12,0.24,14.0
2025-01-10 20:06:38,0,18,14,0.28,14.0
2025-01-10 20:10:01,2,13,14,0.28,14.0
2025-01-10 20:12:02,4,14,14,0.28,13.0
2025-01-10 20:15:32,1,10,13,0.26,13.0
2025-01-10 20:18:12,4,13,13,0.26,12.0
2025-01-10 20:19:57,1,9,12,0.24,11.0
2025-01-10 20:23:23,0,10,11,0.22,13.0
2025-01-10 20:26:56,0,18,13,0.26,13.0
2025-01-10 20:29:36,4,14,13,0.26,13.0
2025-01-10 20:30:54,2,14,13,0.26,14.0
2025-01-10 20:32:18,4,15,14,0.28,13.0
2025-01-10 20:35:21,2,12,13,0.26,13.0
2025-01-10 20:39:10,0,13,13,0.26,13.0
2025-01-10 20:41:37,1,14,13,0.26,14.0
2025-01-10 20:46:29,2,16,14,0.28,15.0
2025-01-10 20:47:44,0,18,15,0.3,14.0
2025-01-10 20:51:22,3,12,14,0.28,13.0
2025-01-10 20:54:00,4,10,13,0.26,14.0
2025-01-10 20:55:18,1,18,14,0.28,12.0
2025-01-10 20:56:12,4,7,12,0.24,14.0
2025-01-10 21:01:07,3,19,14,0.28,15.0
2025-01-10 21:03:34,2,16,15,0.3,12.0
2025-01-10 21:06:27,2,6,12,0.24,12.0
2025-01-10 21:10:16,2,12,12,0.24,13.0
2025-01-10 21:13:22,2,17,13,0.26,13.0
2025-01-10 21:16:05,3,12,13,0.26,11.0
2025-01-10 21:19:02,3,7,11,0.22,10.0
2025-01-10 21:20:42,3,7,10,0.2,10.0
2025-01-10 21:25:04,1,10,10,0.2,12.0
2025-01-10 21:28:07,2,15,12,0.24,13.0
2025-01-10 21:30:06,3,15,13,0.26,14.0
2025-01-10 21:33:54,4,18,14,0.28,15.0
2025-01-10 21:37:04,3,16,15,0.3,16.0
2025-01-10 21:37:59,0,17,16,0.32,16.0
2025-01-10 21:40:29,2,15,16,0.32,14.0
2025-01-10 21:44:30,0,10,14,0.28,12.0
2025-01-10 21:46:02,1,9,12,0.24,11.0
2025-01-10 21:47:39,0,10,11,0.22,10.0
2025-01-10 21:52:21,4,9,10,0.2,10.0
2025-01-10 21:52:52,3,10,10,0.2,10.0
2025-01-10 21:55:09,2,9,10,0.2,10.0
2025-01-10 21:56:27,3,10,10,0.2,10.0
2025-01-10 21:59:16,0,11,10,0.2,9.0
2025-01-10 22:03:23,1,6,9,0.18,8.0
2025-01-10 22:04:36,2,6,8,0.16,6.0
2025-01-10 22:09:34,1,3,6,0.12,5.0
2025-01-10 22:11:21,4,2,5,0.1,4.0
2025-01-10 22:15:26,2,1,4,0.08,4.0
2025-01-10 22:17:33,3,3,4,0.08,5.0
2025-01-10 22:21:58,2,6,5,0.1,5.0
2025-01-10 22:24:56,2,4,5,0.1,4.0
2025-01-10 22:26:31,2,0,4,0.08,3.0
2025-01-10 22:30:54,3,2,3,0.06,4.0
2025-01-10 22:32:50,4,6,4,0.08,5.0
2025-01-10 22:34:38,2,6,5,0.1,4.0
2025-01-10 22:38:32,3,1,4,0.08,4.0
2025-01-10 22:43:15,2,3,4,0.08,4.0
2025-01-10 22:45:54,1,5,4,0.08,3.0
2025-01-10 22:47:47,1,2,3,0.06,3.0
2025-01-10 22:51:23,1,3,3,0.06,4.0
2025-01-10 22:52:38,2,6,4,0.08,3.0
2025-01-10 22:56:10,0,0,3,0.06,2.0
2025-01-10 23:01:07,2,1,2,0.04,3.0
2025-01-10 23:03:16,0,4,3,0.06,4.0
2025-01-10 23:05:03,3,7,4,0.08,5.0
2025-01-10 23:08:14,2,6,5,0.1,4.0
2025-01-10 23:09:27,0,2,4,0.08,5.0
2025-01-10 23:13:54,4,6,5,0.1,6.0
2025-01-10 23:16:37,3,7,6,0.12,5.0
2025-01-10 23:20:18,3,4,5,0.1,4.0
2025-01-10 23:21:05,2,0,4,0.08,4.0
2025-01-10 23:21:46,2,3,4,0.08,3.0
2025-01-10 23:25:15,1,1,3,0.06,4.0
2025-01-10 23:27:47,0,7,4,0.08,5.0
2025-01-10 23:32:22,0,7,5,0.1,5.0
2025-01-10 23:36:33,0,5,5,0.1,4.0
2025-01-10 23:37:53,3,1,4,0.08,5.0
2025-01-10 23:39:33,4,6,5,0.1,5.0
2025-01-10 23:40:50,0,6,5,0.1,5.0
2025-01-10 23:41:38,4,6,5,0.1,5.0
2025-01-10 23:46:29,1,4,5,0.1,5.0
2025-01-10 23:48:22,3,5,5,0.1,4.0
2025-01-10 23:51:26,0,1,4,0.08,3.0
2025-01-10 23:52:48,1,1,3,0.06,2.0
2025-01-10 23:55:04,0,1,2,0.04,1.0
2025-01-10 23:57:48,1,0,1,0.02,1.0
2025-01-10 23:59:26,4,1,1,0.02,3.0
2025-01-11 00:00:06,3,7,3,0.06,3.0
2025-01-11 00:02:58,3,4,3,0.06,4.0
2025-01-11 00:06:39,3,7,4,0.08,3.0
2025-01-11 00:08:17,4,1,3,0.06,3.0
2025-01-11 00:09:09,3,3,3,0.06,2.0
2025-01-11 00:12:39,3,0,2,0.04,3.0
2025-01-11 00:13:17,1,6,3,0.06,3.0
2025-01-11 00:18:17,0,2,3,0.06,3.0
2025-01-11 00:20:19,1,2,3,0.06,4.0
2025-01-11 00:21:05,2,6,4,0.08,5.0
2025-01-11 00:24:08,3,7,5,0.1,4.0
2025-01-11 00:27:06,4,2,4,0.08,3.0
2025-01-11 00:32:02,4,1,3,0.06,3.0
2025-01-11 00:34:17,4,2,3,0.06,2.0
2025-01-11 00:35:21,2,0,2,0.04,3.0
2025-01-11 00:37:49,4,5,3,0.06,3.0
2025-01-11 00:38:32,2,3,3,0.06,4.0
2025-01-11 00:39:15,0,6,4,0.08,4.0
2025-01-11 00:44:10,2,3,4,0.08,5.0
2025-01-11 00:46:59,3,6,5,0.1,4.0
2025-01-11 00:49:27,2,2,4,0.08,3.0
2025-01-11 00:53:54,4,1,3,0.06,3.0
2025-01-11 00:54:57,0,2,3,0.06,4.0
2025-01-11 00:58:15,4,5,4,0.08,3.0
2025-01-11 00:58:54,4,1,3,0.06,3.0
2025-01-11 01:01:25,2,4,3,0.06,2.0
2025-01-11 01:04:19,2,0,2,0.04,3.0
2025-01-11 01:08:31,0,6,3,0.06,4.0
2025-01-11 01:13:17,0,6,4,0.08,4.0
2025-01-11 01:18:14,2,3,4,0.08,5.0
2025-01-11 01:18:47,1,7,5,0.1,5.0
2025-01-11 01:21:02,4,5,5,0.1,4.0
2025-01-11 01:22:56,1,3,4,0.08,4.0
2025-01-11 01:26:59,2,5,4,0.08,3.0
2025-01-11 01:29:29,2,0,3,0.06,4.0
2025-01-11 01:32:10,2,5,4,0.08,4.0
2025-01-11 01:35:56,1,3,4,0.08,4.0
2025-01-11 01:36:44,3,5,4,0.08,3.0
2025-01-11 01:39:23,3,1,3,0.06,3.0
2025-01-11 01:40:04,0,4,3,0.06,4.0
2025-01-11 01:41:54,0,7,4,0.08,3.0
2025-01-11 01:46:45,4,0,3,0.06,4.0
2025-01-11 01:49:19,4,5,4,0.08,3.0
2025-01-11 01:54:15,0,0,3,0.06,2.0
2025-01-11 01:57:04,1,1,2,0.04,4.0
2025-01-11 01:57:35,2,7,4,0.08,5.0
2025-01-11 01:58:12,3,7,5,0.1,4.0
2025-01-11 02:02:51,1,1,4,0.08,3.0
2025-01-11 02:05:39,1,1,3,0.06,4.0
2025-01-11 02:08:12,4,7,4,0.08,3.0
2025-01-11 02:12:29,1,2,3,0.06,4.0
2025-01-11 02:13:08,3,5,4,0.08,5.0
2025-01-11 02:17:09,1,6,5,0.1,5.0
2025-01-11 02:19:30,0,4,5,0.1,6.0
2025-01-11 02:20:07,0,7,6,0.12,6.0
2025-01-11 02:24:49,2,6,6,0.12,4.0
2025-01-11 02:25:32,1,0,4,0.08,5.0
2025-01-11 02:30:01,4,6,5,0.1,4.0
2025-01-11 02:34:32,1,2,4,0.08,3.0
2025-01-11 02:37:30,3,0,3,0.06,4.0
2025-01-11 02:41:55,1,7,4,0.08,4.0
2025-01-11 02:45:11,3,3,4,0.08,4.0
2025-01-11 02:46:00,2,5,4,0.08,4.0
2025-01-11 02:50:05,0,4,4,0.08,5.0
2025-01-11 02:52:49,0,7,5,0.1,6.0
2025-01-11 02:55:27,1,7,6,0.12,6.0
2025-01-11 03:00:02,0,6,6,0.12,5.0
2025-01-11 03:03:40,0,2,5,0.1,4.0
2025-01-11 03:04:53,0,1,4,0.08,4.0
2025-01-11 03:06:48,3,4,4,0.08,4.0
2025-01-11 03:08:01,3,3,4,0.08,4.0
2025-01-11 03:10:55,2,4,4,0.08,3.0
2025-01-11 03:12:15,4,1,3,0.06,2.0
2025-01-11 03:16:46,2,1,2,0.04,3.0
2025-01-11 03:18:06,0,4,3,0.06,4.0
2025-01-11 03:23:01,2,6,4,0.08,4.0
2025-01-11 03:25:30,4,3,4,0.08,3.0
2025-01-11 03:29:19,2,2,3,0.06,3.0
2025-01-11 03:33:56,3,4,3,0.06,4.0
2025-01-11 03:35:35,3,5,4,0.08,3.0
2025-01-11 03:37:01,1,2,3,0.06,4.0
2025-01-11 03:38:09,2,5,4,0.08,4.0
2025-01-11 03:38:56,4,4,4,0.08,4.0
2025-01-11 03:43:05,3,4,4,0.08,3.0
2025-01-11 03:47:38,4,0,3,0.06,3.0
2025-01-11 03:49:21,1,4,3,0.06,2.0
2025-01-11 03:51:40,2,1,2,0.04,2.0
2025-01-11 03:55:09,2,2,2,0.04,3.0
2025-01-11 03:56:10,1,4,3,0.06,3.0
2025-01-11 04:00:33,1,2,3,0.06,3.0
2025-01-11 04:01:27,4,4,3,0.06,3.0
2025-01-11 04:05:42,4,2,3,0.06,3.0
2025-01-11 04:07:08,1,4,3,0.06,2.0
2025-01-11 04:10:37,3,0,2,0.04,4.0
2025-01-11 04:14:58,2,7,4,0.08,5.0
2025-01-11 04:16:31,0,6,5,0.1,5.0
2025-01-11 04:20:52,2,5,5,0.1,4.0
2025-01-11 04:24:54,4,0,4,0.08,3.0
2025-01-11 04:29:41,0,2,3,0.06,3.0
2025-01-11 04:30:28,4,3,3,0.06,4.0
2025-01-11 04:33:52,2,7,4,0.08,4.0
2025-01-11 04:38:10,2,5,4,0.08,3.0
2025-01-11 04:42:25,2,0,3,0.06,4.0
2025-01-11 04:44:18,4,6,4,0.08,3.0
2025-01-11 04:48:53,0,1,3,0.06,3.0
2025-01-11 04:51:12,2,3,3,0.06,3.0
2025-01-11 04:55:55,2,4,3,0.06,3.0
2025-01-11 04:57:52,4,3,3,0.06,3.0
2025-01-11 04:59:33,4,3,3,0.06,2.0
2025-01-11 05:00:32,4,1,2,0.04,2.0
2025-01-11 05:03:53,0,3,2,0.04,4.0
2025-01-11 05:07:19,1,7,4,0.08,3.0
2025-01-11 05:10:07,1,2,3,0.06,2.0
2025-01-11 05:13:50,2,1,2,0.04,3.0
2025-01-11 05:17:25,1,4,3,0.06,4.0
2025-01-11 05:21:32,1,7,4,0.08,3.0
2025-01-11 05:24:45,0,0,3,0.06,4.0
2025-01-11 05:27:55,3,5,4,0.08,3.0
2025-01-11 05:28:37,4,2,3,0.06,4.0
2025-01-11 05:30:35,4,7,4,0.08,5.0
2025-01-11 05:31:46,3,7,5,0.1,5.0
2025-01-11 05:35:45,4,4,5,0.1,5.0
2025-01-11 05:40:03,0,6,5,0.1,5.0
2025-01-11 05:44:43,4,6,5,0.1,5.0
2025-01-11 05:48:40,3,4,5,0.1,4.0
2025-01-11 05:51:29,1,3,4,0.08,4.0
2025-01-11 05:52:32,4,4,4,0.08,4.0
2025-01-11 05:53:19,4,5,4,0.08,3.0
2025-01-11 05:54:45,4,0,3,0.06,2.0
2025-01-11 05:57:06,1,0,2,0.04,3.0
2025-01-11 05:57:40,2,5,3,0.06,3.0
2025-01-11 06:01:11,3,4,3,0.06,4.0
2025-01-11 06:01:53,3,5,4,0.08,4.0
2025-01-11 06:06:41,0,4,4,0.08,4.0
2025-01-11 06:08:40,3,3,4,0.08,3.0
2025-01-11 06:10:53,1,1,3,0.06,2.0
2025-01-11 06:14:28,3,1,2,0.04,2.0
2025-01-11 06:19:07,4,3,2,0.04,3.0
2025-01-11 06:23:51,0,4,3,0.06,4.0
2025-01-11 06:25:36,3,7,4,0.08,5.0
2025-01-11 06:27:53,4,6,5,0.1,5.0
2025-01-11 06:30:58,1,4,5,0.1,4.0
2025-01-11 06:32:49,1,1,4,0.08,3.0
2025-01-11 06:34:35,4,2,3,0.06,2.0
2025-01-11 06:39:22,1,1,2,0.04,2.0
2025-01-11 06:41:58,1,3,2,0.04,2.0
2025-01-11 06:43:55,0,3,2,0.04,2.0
2025-01-11 06:47:48,3,1,2,0.04,3.0
2025-01-11 06:48:33,1,5,3,0.06,2.0
2025-01-11 06:51:33,1,0,2,0.04,2.0
2025-01-11 06:56:16,0,3,2,0.04,1.0
2025-01-11 06:59:53,0,0,1,0.02,1.0
2025-01-11 07:00:54,3,2,1,0.02,1.0
2025-01-11 07:05:54,0,2,1,0.02,1.0
2025-01-11 07:06:28,1,2,1,0.02,1.0
2025-01-11 07:09:46,4,2,1,0.02,2.0
2025-01-11 07:13:16,0,5,2,0.04,1.0
2025-01-11 07:16:43,3,0,1,0.02,1.0
2025-01-11 07:19:35,3,1,1,0.02,2.0
2025-01-11 07:24:12,2,5,2,0.04,3.0
2025-01-11 07:26:48,4,4,3,0.06,3.0
2025-01-11 07:31:40,4,4,3,0.06,2.0
2025-01-11 07:32:49,2,1,2,0.04,3.0
2025-01-11 07:37:33,0,4,3,0.06,4.0
2025-01-11 07:40:25,2,5,4,0.08,3.0
2025-01-11 07:44:54,4,1,3,0.06,2.0
2025-01-11 07:49:11,4,1,2,0.04,1.0
2025-01-11 07:52:58,2,0,1,0.02,2.0
2025-01-11 07:54:32,0,6,2,0.04,3.0
2025-01-11 07:55:12,3,4,3,0.06,4.0
2025-01-11 07:57:29,2,7,4,0.08,3.0
2025-01-11 07:58:24,4,1,3,0.06,6.0
2025-01-11 08:01:24,3,14,6,0.12,8.0
2025-01-11 08:05:34,4,12,8,0.16,10.0
2025-01-11 08:10:00,1,13,10,0.2,9.0
2025-01-11 08:14:26,2,6,9,0.18,9.0
2025-01-11 08:18:34,4,9,9,0.18,12.0
2025-01-11 08:21:34,4,18,12,0.24,11.0
2025-01-11 08:24:06,0,10,11,0.22,10.0
2025-01-11 08:26:59,1,8,10,0.2,12.0
2025-01-11 08:30:37,4,17,12,0.24,14.0
2025-01-11 08:35:21,4,19,14,0.28,12.0
2025-01-11 08:36:58,2,8,12,0.24,12.0
2025-01-11 08:39:11,0,13,12,0.24,10.0
2025-01-11 08:42:19,0,6,10,0.2,10.0
2025-01-11 08:44:18,0,9,10,0.2,12.0
2025-01-11 08:49:03,0,18,12,0.24,11.0
2025-01-11 08:53:12,0,9,11,0.22,12.0
2025-01-11 08:53:50,4,14,12,0.24,12.0
2025-01-11 08:54:31,4,11,12,0.24,12.0
2025-01-11 08:59:04,4,12,12,0.24,10.0
2025-01-11 09:02:35,4,6,10,0.2,9.0
2025-01-11 09:04:43,1,8,9,0.18,11.0
2025-01-11 09:08:29,4,15,11,0.22,11.0
2025-01-11 09:12:44,3,11,11,0.22,13.0
2025-01-11 09:14:56,4,18,13,0.26,13.0
2025-01-11 09:17:11,3,14,13,0.26,14.0
2025-01-11 09:18:38,2,18,14,0.28,13.0
2025-01-11 09:20:25,1,11,13,0.26,15.0
2025-01-11 09:22:09,2,19,15,0.3,15.0
2025-01-11 09:23:20,2,16,15,0.3,16.0
2025-01-11 09:26:50,3,17,16,0.32,17.0
2025-01-11 09:27:52,3,19,17,0.34,16.0
2025-01-11 09:29:32,0,15,16,0.32,17.0
2025-01-11 09:30:57,4,19,17,0.34,15.0
2025-01-11 09:33:11,0,10,15,0.3,14.0
2025-01-11 09:37:00,2,10,14,0.28,12.0
2025-01-11 09:39:10,4,7,12,0.24,10.0
2025-01-11 09:43:55,0,7,10,0.2,13.0
2025-01-11 09:45:38,4,19,13,0.26,11.0
2025-01-11 09:48:58,2,7,11,0.22,12.0
2025-01-11 09:51:50,2,13,12,0.24,12.0
2025-01-11 09:55:05,0,11,12,0.24,11.0
2025-01-11 09:59:55,4,9,11,0.22,13.0
2025-01-11 10:04:05,2,19,13,0.26,12.0
2025-01-11 10:05:57,0,8,12,0.24,11.0
2025-01-11 10:09:28,4,8,11,0.22,12.0
2025-01-11 10:10:07,1,14,12,0.24,10.0
2025-01-11 10:10:40,4,6,10,0.2,11.0
2025-01-11 10:14:44,4,12,11,0.22,10.0
2025-01-11 10:16:51,0,7,10,0.2,12.0
2025-01-11 10:19:01,4,18,12,0.24,13.0
2025-01-11 10:19:39,3,15,13,0.26,13.0
2025-01-11 10:21:09,4,14,13,0.26,14.0
2025-01-11 10:24:04,1,16,14,0.28,15.0
2025-01-11 10:25:36,3,17,15,0.3,13.0
2025-01-11 10:28:06,3,7,13,0.26,14.0
2025-01-11 10:32:21,3,18,14,0.28,14.0
2025-01-11 10:34:35,2,14,14,0.28,14.0
2025-01-11 10:39:24,4,13,14,0.28,12.0
2025-01-11 10:44:08,2,7,12,0.24,14.0
2025-01-11 10:48:04,4,19,14,0.28,15.0
2025-01-11 10:49:01,3,16,15,0.3,16.0
2025-01-11 10:52:20,1,19,16,0.32,16.0
2025-01-11 10:54:05,0,15,16,0.32,14.0
2025-01-11 10:56:30,0,9,14,0.28,12.0
2025-01-11 10:58:08,3,6,12,0.24,11.0
2025-01-11 11:02:31,0,10,11,0.22,12.0
2025-01-11 11:03:01,4,16,12,0.24,11.0
2025-01-11 11:06:17,1,9,11,0.22,11.0
2025-01-11 11:10:24,0,10,11,0.22,12.0
2025-01-11 11:15:04,3,16,12,0.24,10.0
2025-01-11 11:18:27,2,7,10,0.2,9.0
2025-01-11 11:21:46,3,7,9,0.18,12.0
2025-01-11 11:26:21,4,19,12,0.24,10.0
2025-01-11 11:28:20,3,6,10,0.2,11.0
2025-01-11 11:29:38,2,13,11,0.22,11.0
2025-01-11 11:32:37,1,10,11,0.22,11.0
2025-01-11 11:35:18,4,10,11,0.22,12.0
2025-01-11 11:36:46,0,16,12,0.24,12.0
2025-01-11 11:40:34,4,13,12,0.24,14.0
2025-01-11 11:44:38,0,18,14,0.28,12.0
2025-01-11 11:45:56,1,6,12,0.24,14.0
2025-01-11 11:50:17,1,19,14,0.28,12.0
2025-01-11 11:54:53,3,6,12,0.24,13.0
2025-01-11 11:59:21,1,14,13,0.26,10.0
2025-01-11 12:02:38,2,2,10,0.2,8.0
2025-01-11 12:03:55,4,5,8,0.16,7.0
2025-01-11 12:05:15,2,6,7,0.14,5.0
2025-01-11 12:07:22,2,1,5,0.1,5.0
2025-01-11 12:11:27,3,6,5,0.1,4.0
2025-01-11 12:14:53,0,0,4,0.08,3.0
2025-01-11 12:16:42,4,1,3,0.06,4.0
2025-01-11 12:20:16,0,6,4,0.08,5.0
2025-01-11 12:21:12,2,7,5,0.1,5.0
2025-01-11 12:24:56,3,6,5,0.1,6.0
2025-01-11 12:28:59,4,7,6,0.12,5.0
2025-01-11 12:31:22,4,4,5,0.1,6.0
2025-01-11 12:35:53,0,7,6,0.12,6.0
2025-01-11 12:38:26,4,5,6,0.12,6.0
2025-01-11 12:40:11,1,7,6,0.12,5.0
2025-01-11 12:43:56,3,2,5,0.1,4.0
2025-01-11 12:45:09,1,2,4,0.08,3.0
2025-01-11 12:48:44,2,1,3,0.06,2.0
2025-01-11 12:53:19,1,0,2,0.04,3.0
2025-01-11 12:55:12,3,4,3,0.06,4.0
2025-01-11 12:59:08,3,7,4,0.08,3.0
2025-01-11 13:02:08,4,1,3,0.06,3.0
2025-01-11 13:05:13,3,2,3,0.06,3.0
2025-01-11 13:05:58,4,4,3,0.06,2.0
2025-01-11 13:09:12,1,0,2,0.04,3.0
2025-01-11 13:12:06,2,4,3,0.06,3.0
2025-01-11 13:13:12,0,3,3,0.06,3.0
2025-01-11 13:14:26,3,2,3,0.06,2.0
2025-01-11 13:18:21,2,1,2,0.04,4.0
2025-01-11 13:19:52,3,7,4,0.08,3.0
2025-01-11 13:20:40,3,0,3,0.06,4.0
2025-01-11 13:21:16,4,7,4,0.08,3.0
2025-01-11 13:25:54,2,0,3,0.06,4.0
2025-01-11 13:28:20,1,7,4,0.08,5.0
2025-01-11 13:29:57,0,6,5,0.1,5.0
2025-01-11 13:31:00,0,6,5,0.1,4.0
2025-01-11 13:34:43,3,0,4,0.08,5.0
2025-01-11 13:36:07,4,7,5,0.1,5.0
2025-01-11 13:41:02,1,5,5,0.1,6.0
2025-01-11 13:42:13,1,7,6,0.12,5.0
2025-01-11 13:46:33,3,4,5,0.1,4.0
2025-01-11 13:47:12,4,3,4,0.08,5.0
2025-01-11 13:49:49,4,6,5,0.1,4.0
2025-01-11 13:53:17,3,2,4,0.08,5.0
2025-01-11 13:56:59,0,6,5,0.1,6.0
2025-01-11 13:59:00,1,7,6,0.12,5.0
2025-01-11 14:03:20,4,3,5,0.1,4.0
2025-01-11 14:05:07,2,0,4,0.08,4.0
2025-01-11 14:07:01,2,5,4,0.08,3.0
2025-01-11 14:08:00,0,0,3,0.06,4.0
2025-01-11 14:12:02,4,6,4,0.08,5.0
2025-01-11 14:13:20,4,6,5,0.1,4.0
2025-01-11 14:18:14,1,1,4,0.08,3.0
2025-01-11 14:21:08,0,2,3,0.06,3.0
2025-01-11 14:22:46,4,2,3,0.06,3.0
2025-01-11 14:24:13,4,3,3,0.06,3.0
2025-01-11 14:27:47,0,3,3,0.06,2.0
2025-01-11 14:29:18,0,0,2,0.04,2.0
2025-01-11 14:32:33,1,1,2,0.04,4.0
2025-01-11 14:35:53,3,7,4,0.08,3.0
2025-01-11 14:37:25,2,2,3,0.06,3.0
2025-01-11 14:40:21,1,3,3,0.06,3.0
2025-01-11 14:43:31,3,4,3,0.06,3.0
2025-01-11 14:46:21,3,2,3,0.06,3.0
2025-01-11 14:48:27,0,3,3,0.06,4.0
2025-01-11 14:52:37,1,7,4,0.08,4.0
2025-01-11 14:53:49,0,5,4,0.08,3.0
2025-01-11 14:56:06,3,1,3,0.06,2.0
2025-01-11 15:01:01,2,1,2,0.04,4.0
2025-01-11 15:03:05,0,7,4,0.08,4.0
2025-01-11 15:07:56,3,5,4,0.08,3.0
2025-01-11 15:09:36,1,2,3,0.06,4.0
2025-01-11 15:13:44,1,6,4,0.08,3.0
2025-01-11 15:14:34,1,2,3,0.06,2.0
2025-01-11 15:16:35,4,0,2,0.04,2.0
2025-01-11 15:19:11,3,1,2,0.04,2.0
2025-01-11 15:21:00,3,1,2,0.04,2.0
2025-01-11 15:25:27,1,1,2,0.04,4.0
2025-01-11 15:28:58,3,7,4,0.08,3.0
2025-01-11 15:29:52,4,0,3,0.06,3.0
2025-01-11 15:32:57,0,4,3,0.06,2.0
2025-01-11 15:33:31,4,1,2,0.04,1.0
2025-01-11 15:36:00,0,0,1,0.02,2.0
2025-01-11 15:36:47,3,4,2,0.04,2.0
2025-01-11 15:40:34,3,2,2,0.04,3.0
2025-01-11 15:42:00,1,6,3,0.06,3.0
2025-01-11 15:44:02,2,3,3,0.06,4.0
2025-01-11 15:44:50,2,6,4,0.08,3.0
2025-01-11 15:48:32,1,0,3,0.06,2.0
2025-01-11 15:52:58,3,0,2,0.04,2.0
2025-01-11 15:57:14,4,3,2,0.04,1.0
2025-01-11 16:01:36,0,0,1,0.02,1.0
2025-01-11 16:02:45,0,0,1,0.02,1.0
2025-01-11 16:05:47,4,2,1,0.02,2.0
2025-01-11 16:08:23,1,6,2,0.04,2.0
2025-01-11 16:12:49,1,1,2,0.04,4.0
2025-01-11 16:14:13,2,7,4,0.08,4.0
2025-01-11 16:17:34,4,4,4,0.08,5.0
2025-01-11 16:19:52,2,7,5,0.1,5.0
2025-01-11 16:23:25,0,5,5,0.1,4.0
2025-01-11 16:27:12,0,3,4,0.08,3.0
2025-01-11 16:29:08,0,1,3,0.06,3.0
2025-01-11 16:32:58,1,2,3,0.06,3.0
2025-01-11 16:36:58,1,3,3,0.06,4.0
2025-01-11 16:39:25,0,6,4,0.08,5.0
2025-01-11 16:43:05,4,6,5,0.1,5.0
2025-01-11 16:44:16,4,4,5,0.1,4.0
2025-01-11 16:45:27,4,1,4,0.08,3.0
2025-01-11 16:46:13,3,2,3,0.06,3.0
2025-01-11 16:51:00,2,4,3,0.06,3.0
2025-01-11 16:52:32,1,2,3,0.06,4.0
2025-01-11 16:54:03,1,5,4,0.08,4.0
2025-01-11 16:56:12,3,3,4,0.08,5.0
2025-01-11 16:57:00,0,7,5,0.1,4.0
2025-01-11 16:57:46,1,3,4,0.08,5.0
2025-01-11 17:02:21,0,8,5,0.1,7.0
2025-01-11 17:07:01,3,12,7,0.14,10.0
2025-01-11 17:08:51,1,16,10,0.2,11.0
2025-01-11 17:09:59,4,13,11,0.22,12.0
2025-01-11 17:11:04,2,14,12,0.24,13.0
2025-01-11 17:14:50,1,15,13,0.26,11.0
2025-01-11 17:17:57,0,6,11,0.22,13.0
2025-01-11 17:21:50,3,17,13,0.26,15.0
2025-01-11 17:25:35,0,19,15,0.3,12.0
2025-01-11 17:29:40,2,6,12,0.24,13.0
2025-01-11 17:33:25,1,17,13,0.26,14.0
2025-01-11 17:36:26,3,17,14,0.28,12.0
2025-01-11 17:37:09,0,6,12,0.24,11.0
2025-01-11 17:40:04,4,9,11,0.22,13.0
2025-01-11 17:41:30,3,18,13,0.26,13.0
2025-01-11 17:45:30,4,12,13,0.26,13.0
2025-01-11 17:50:27,3,13,13,0.26,15.0
2025-01-11 17:54:26,0,19,15,0.3,12.0
2025-01-11 17:55:12,0,6,12,0.24,13.0
2025-01-11 17:59:04,0,15,13,0.26,13.0
2025-01-11 18:01:12,0,12,13,0.26,12.0
2025-01-11 18:05:10,4,9,12,0.24,14.0
2025-01-11 18:07:48,0,18,14,0.28,12.0
2025-01-11 18:12:29,0,6,12,0.24,12.0
2025-01-11 18:17:23,3,11,12,0.24,13.0
2025-01-11 18:22:23,3,17,13,0.26,12.0
2025-01-11 18:26:00,1,10,12,0.24,14.0
2025-01-11 18:30:03,3,18,14,0.28,14.0
2025-01-11 18:34:03,2,13,14,0.28,12.0
2025-01-11 18:35:48,0,7,12,0.24,14.0
2025-01-11 18:38:45,4,19,14,0.28,13.0
2025-01-11 18:42:47,1,11,13,0.26,13.0
2025-01-11 18:45:05,2,13,13,0.26,14.0
2025-01-11 18:47:43,4,15,14,0.28,12.0
2025-01-11 18:48:22,0,9,12,0.24,11.0
2025-01-11 18:49:38,3,9,11,0.22,13.0
2025-01-11 18:51:43,3,18,13,0.26,13.0
2025-01-11 18:53:55,3,13,13,0.26,14.0
2025-01-11 18:56:50,4,18,14,0.28,12.0
2025-01-11 18:57:46,3,8,12,0.24,10.0
2025-01-11 19:01:55,0,7,10,0.2,13.0
2025-01-11 19:02:42,0,19,13,0.26,12.0
2025-01-11 19:05:58,4,10,12,0.24,12.0
2025-01-11 19:07:49,2,13,12,0.24,13.0
2025-01-11 19:09:30,4,17,13,0.26,14.0
2025-01-11 19:14:13,0,18,14,0.28,12.0
2025-01-11 19:17:24,2,9,12,0.24,12.0
2025-01-11 19:18:31,4,12,12,0.24,14.0
2025-01-11 19:22:21,4,18,14,0.28,14.0
2025-01-11 19:26:10,4,14,14,0.28,15.0
2025-01-11 19:30:54,0,18,15,0.3,14.0
2025-01-11 19:34:22,3,10,14,0.28,12.0
2025-01-11 19:35:26,0,9,12,0.24,13.0
2025-01-11 19:37:17,2,17,13,0.26,14.0
2025-01-11 19:41:26,2,18,14,0.28,12.0
2025-01-11 19:44:33,0,9,12,0.24,12.0
2025-01-11 19:45:06,0,11,12,0.24,13.0
2025-01-11 19:48:22,3,16,13,0.26,14.0
2025-01-11 19:52:15,3,18,14,0.28,13.0
2025-01-11 19:55:58,3,11,13,0.26,13.0
2025-01-11 20:00:22,1,14,13,0.26,13.0
2025-01-11 20:04:17,4,13,13,0.26,15.0
2025-01-11 20:07:16,4,19,15,0.3,14.0
2025-01-11 20:10:24,0,11,14,0.28,12.0
2025-01-11 20:13:39,0,9,12,0.24,11.0
2025-01-11 20:15:16,1,9,11,0.22,11.0
2025-01-11 20:17:13,1,11,11,0.22,10.0
2025-01-11 20:21:19,3,8,10,0.2,9.0
2025-01-11 20:21:49,0,6,9,0.18,10.0
2025-01-11 20:24:33,0,11,10,0.2,9.0
2025-01-11 20:28:07,4,8,9,0.18,10.0
2025-01-11 20:30:56,1,14,10,0.2,9.0
2025-01-11 20:33:11,0,6,9,0.18,8.0
2025-01-11 20:35:53,4,6,8,0.16,7.0
2025-01-11 20:38:10,4,6,7,0.14,8.0
2025-01-11 20:41:37,2,10,8,0.16,10.0
2025-01-11 20:44:32,0,15,10,0.2,11.0
2025-01-11 20:46:15,0,14,11,0.22,11.0
2025-01-11 20:48:32,3,10,11,0.22,12.0
2025-01-11 20:51:03,1,13,12,0.24,14.0
2025-01-11 20:51:49,0,19,14,0.28,12.0
2025-01-11 20:55:34,3,9,12,0.24,11.0
2025-01-11 21:00:15,1,9,11,0.22,13.0
2025-01-11 21:02:43,0,17,13,0.26,15.0
2025-01-11 21:05:54,0,19,15,0.3,13.0
2025-01-11 21:09:41,4,8,13,0.26,14.0
2025-01-11 21:10:55,4,17,14,0.28,15.0
2025-01-11 21:14:23,4,18,15,0.3,16.0
2025-01-11 21:15:36,4,18,16,0.32,15.0
2025-01-11 21:20:36,1,14,15,0.3,16.0
2025-01-11 21:22:23,3,17,16,0.32,13.0
2025-01-11 21:25:50,0,6,13,0.26,13.0
2025-01-11 21:26:22,4,12,13,0.26,14.0
2025-01-11 21:30:25,3,15,14,0.28,13.0
2025-01-11 21:32:08,2,11,13,0.26,11.0
2025-01-11 21:33:28,2,6,11,0.22,10.0
2025-01-11 21:35:04,0,9,10,0.2,10.0
2025-01-11 21:37:06,0,9,10,0.2,13.0
2025-01-11 21:40:31,3,19,13,0.26,13.0
2025-01-11 21:43:25,2,12,13,0.26,14.0
2025-01-11 21:44:01,0,15,14,0.28,15.0
2025-01-11 21:48:59,3,16,15,0.3,13.0
2025-01-11 21:49:32,0,8,13,0.26,12.0
2025-01-11 21:52:19,3,8,12,0.24,11.0
2025-01-11 21:56:39,1,10,11,0.22,10.0
2025-01-11 21:58:36,4,7,10,0.2,9.0
2025-01-11 21:59:22,2,6,9,0.18,7.0
2025-01-11 22:00:43,4,2,7,0.14,7.0
2025-01-11 22:03:26,4,6,7,0.14,6.0
2025-01-11 22:07:26,3,3,6,0.12,4.0
2025-01-11 22:11:34,0,1,4,0.08,5.0
2025-01-11 22:15:28,0,7,5,0.1,5.0
2025-01-11 22:19:28,4,6,5,0.1,4.0
2025-01-11 22:20:21,1,1,4,0.08,4.0
2025-01-11 22:20:54,2,3,4,0.08,5.0
2025-01-11 22:23:55,0,6,5,0.1,5.0
2025-01-11 22:28:43,1,6,5,0.1,4.0
2025-01-11 22:32:00,3,3,4,0.08,4.0
2025-01-11 22:35:25,2,3,4,0.08,3.0
2025-01-11 22:36:50,4,1,3,0.06,3.0
2025-01-11 22:39:07,3,4,3,0.06,3.0
2025-01-11 22:41:57,2,3,3,0.06,3.0
2025-01-11 22:45:01,1,3,3,0.06,4.0
2025-01-11 22:49:52,3,7,4,0.08,5.0
2025-01-11 22:54:13,3,7,5,0.1,4.0
2025-01-11 22:58:43,0,1,4,0.08,4.0
2025-01-11 23:03:30,4,5,4,0.08,4.0
2025-01-11 23:08:08,1,3,4,0.08,4.0
2025-01-11 23:09:54,2,4,4,0.08,5.0
2025-01-11 23:13:23,0,6,5,0.1,4.0
2025-01-11 23:14:58,0,3,4,0.08,4.0
2025-01-11 23:18:18,3,3,4,0.08,4.0
2025-01-11 23:19:09,0,3,4,0.08,4.0
2025-01-11 23:21:25,2,5,4,0.08,4.0
2025-01-11 23:25:41,1,5,4,0.08,3.0
2025-01-11 23:29:46,2,1,3,0.06,4.0
2025-01-11 23:31:24,2,6,4,0.08,4.0
2025-01-11 23:33:17,3,3,4,0.08,3.0
2025-01-11 23:35:29,3,1,3,0.06,4.0
2025-01-11 23:36:37,3,6,4,0.08,3.0
2025-01-11 23:37:19,0,2,3,0.06,4.0
2025-01-11 23:40:49,4,7,4,0.08,4.0
2025-01-11 23:45:46,3,4,4,0.08,4.0
2025-01-11 23:46:28,4,3,4,0.08,3.0
2025-01-11 23:48:57,4,2,3,0.06,3.0
2025-01-11 23:50:23,4,4,3,0.06,3.0
2025-01-11 23:51:32,3,3,3,0.06,4.0
2025-01-11 23:54:09,4,5,4,0.08,5.0
2025-01-11 23:57:31,3,7,5,0.1,5.0
2025-01-11 23:58:35,4,5,5,0.1,6.0
2025-01-12 00:03:23,2,7,6,0.12,5.0
2025-01-12 00:03:57,0,3,5,0.1,6.0
2025-01-12 00:08:04,3,7,6,0.12,5.0
2025-01-12 00:08:44,2,2,5,0.1,4.0
2025-01-12 00:11:10,1,3,4,0.08,4.0
2025-01-12 00:14:43,4,5,4,0.08,4.0
2025-01-12 00:17:08,2,4,4,0.08,5.0
2025-01-12 00:20:19,3,7,5,0.1,4.0
2025-01-12 00:21:55,0,1,4,0.08,4.0
2025-01-12 00:25:44,1,4,4,0.08,4.0
2025-01-12 00:26:44,4,5,4,0.08,4.0
2025-01-12 00:28:28,4,3,4,0.08,3.0
2025-01-12 00:32:54,3,0,3,0.06,3.0
2025-01-12 00:34:29,1,2,3,0.06,4.0
2025-01-12 00:36:08,4,7,4,0.08,4.0
2025-01-12 00:36:57,3,3,4,0.08,4.0
2025-01-12 00:41:12,2,4,4,0.08,4.0
2025-01-12 00:45:00,2,4,4,0.08,4.0
2025-01-12 00:46:08,4,5,4,0.08,4.0
2025-01-12 00:49:02,0,3,4,0.08,3.0
2025-01-12 00:50:16,3,0,3,0.06,2.0
2025-01-12 00:52:16,2,0,2,0.04,2.0
2025-01-12 00:56:43,2,3,2,0.04,2.0
2025-01-12 00:58:22,2,3,2,0.04,2.0
2025-01-12 01:01:37,0,2,2,0.04,4.0
2025-01-12 01:04:16,3,7,4,0.08,4.0
2025-01-12 01:08:19,0,4,4,0.08,3.0
2025-01-12 01:10:17,2,2,3,0.06,4.0
2025-01-12 01:14:58,4,6,4,0.08,5.0
2025-01-12 01:16:39,4,6,5,0.1,4.0
2025-01-12 01:19:53,4,2,4,0.08,5.0
2025-01-12 01:21:11,1,7,5,0.1,5.0
2025-01-12 01:22:32,0,6,5,0.1,6.0
2025-01-12 01:24:55,3,7,6,0.12,6.0
2025-01-12 01:29:23,4,6,6,0.12,5.0
2025-01-12 01:32:05,1,4,5,0.1,4.0
2025-01-12 01:35:20,1,3,4,0.08,4.0
2025-01-12 01:39:52,0,3,4,0.08,4.0
2025-01-12 01:42:39,0,4,4,0.08,4.0
2025-01-12 01:44:27,4,3,4,0.08,5.0
2025-01-12 01:47:46,1,6,5,0.1,5.0
2025-01-12 01:50:18,2,6,5,0.1,4.0
2025-01-12 01:53:43,2,1,4,0.08,5.0
2025-01-12 01:55:34,1,7,5,0.1,4.0
2025-01-12 01:57:30,0,3,4,0.08,5.0
2025-01-12 02:01:44,2,7,5,0.1,4.0
2025-01-12 02:02:29,0,3,4,0.08,3.0
2025-01-12 02:05:41,4,0,3,0.06,4.0
2025-01-12 02:07:48,4,6,4,0.08,5.0
2025-01-12 02:10:53,4,6,5,0.1,4.0
2025-01-12 02:11:24,2,2,4,0.08,5.0
2025-01-12 02:14:42,0,6,5,0.1,4.0
2025-01-12 02:16:43,0,2,4,0.08,4.0
2025-01-12 02:20:13,1,3,4,0.08,3.0
2025-01-12 02:24:33,0,0,3,0.06,3.0
2025-01-12 02:27:30,4,3,3,0.06,4.0
2025-01-12 02:31:08,4,5,4,0.08,4.0
2025-01-12 02:33:45,0,4,4,0.08,3.0
2025-01-12 02:34:21,2,0,3,0.06,3.0
2025-01-12 02:35:37,1,2,3,0.06,2.0
2025-01-12 02:36:59,2,1,2,0.04,3.0
2025-01-12 02:40:35,0,6,3,0.06,3.0
2025-01-12 02:41:42,2,3,3,0.06,2.0
2025-01-12 02:45:57,2,0,2,0.04,3.0
2025-01-12 02:47:19,2,4,3,0.06,4.0
2025-01-12 02:51:32,4,6,4,0.08,3.0
2025-01-12 02:54:35,4,0,3,0.06,3.0
2025-01-12 02:55:52,4,2,3,0.06,4.0
2025-01-12 02:58:48,3,5,4,0.08,4.0
2025-01-12 03:00:21,4,4,4,0.08,3.0
2025-01-12 03:03:52,3,1,3,0.06,2.0
2025-01-12 03:06:26,4,0,2,0.04,4.0
2025-01-12 03:09:54,3,7,4,0.08,3.0
2025-01-12 03:11:02,3,0,3,0.06,4.0
2025-01-12 03:15:51,1,5,4,0.08,4.0
2025-01-12 03:16:23,0,5,4,0.08,5.0
2025-01-12 03:17:56,0,7,5,0.1,5.0
2025-01-12 03:18:54,2,4,5,0.1,5.0
2025-01-12 03:19:34,0,5,5,0.1,6.0
2025-01-12 03:21:40,0,7,6,0.12,4.0
2025-01-12 03:25:32,1,1,4,0.08,4.0
2025-01-12 03:26:22,1,5,4,0.08,4.0
2025-01-12 03:27:30,4,5,4,0.08,3.0
2025-01-12 03:31:42,1,0,3,0.06,2.0
2025-01-12 03:33:53,3,1,2,0.04,2.0
2025-01-12 03:35:08,1,3,2,0.04,3.0
2025-01-12 03:36:43,4,6,3,0.06,3.0
2025-01-12 03:38:43,3,2,3,0.06,4.0
2025-01-12 03:41:56,3,5,4,0.08,3.0
2025-01-12 03:44:16,0,0,3,0.06,2.0
2025-01-12 03:46:48,0,1,2,0.04,4.0
2025-01-12 03:50:30,0,7,4,0.08,3.0
2025-01-12 03:52:38,4,2,3,0.06,2.0
2025-01-12 03:55:46,2,1,2,0.04,4.0
2025-01-12 03:57:58,1,7,4,0.08,4.0
2025-01-12 03:59:10,1,4,4,0.08,4.0
2025-01-12 04:01:03,0,5,4,0.08,4.0
2025-01-12 04:04:43,2,4,4,0.08,3.0
2025-01-12 04:06:03,3,2,3,0.06,3.0
2025-01-12 04:10:02,3,2,3,0.06,2.0
2025-01-12 04:12:37,2,0,2,0.04,3.0
2025-01-12 04:14:15,3,4,3,0.06,3.0
2025-01-12 04:19:09,0,2,3,0.06,4.0
2025-01-12 04:23:56,4,6,4,0.08,4.0
2025-01-12 04:27:33,0,4,4,0.08,3.0
2025-01-12 04:31:52,1,2,3,0.06,4.0
2025-01-12 04:35:30,2,7,4,0.08,5.0
2025-01-12 04:36:09,3,6,5,0.1,4.0
2025-01-12 04:38:32,2,3,4,0.08,5.0
2025-01-12 04:40:17,3,7,5,0.1,4.0
2025-01-12 04:43:30,1,1,4,0.08,4.0
2025-01-12 04:45:24,3,4,4,0.08,5.0
2025-01-12 04:46:42,2,6,5,0.1,5.0
2025-01-12 04:50:08,4,5,5,0.1,4.0
2025-01-12 04:54:15,4,1,4,0.08,3.0
2025-01-12 04:57:53,3,0,3,0.06,3.0
2025-01-12 05:02:12,1,2,3,0.06,3.0
2025-01-12 05:06:56,2,4,3,0.06,3.0
2025-01-12 05:11:21,2,3,3,0.06,3.0
2025-01-12 05:12:16,3,3,3,0.06,3.0
2025-01-12 05:13:57,4,3,3,0.06,4.0
2025-01-12 05:18:47,3,6,4,0.08,3.0
2025-01-12 05:23:30,0,2,3,0.06,3.0
2025-01-12 05:28:30,4,2,3,0.06,3.0
2025-01-12 05:31:02,0,3,3,0.06,3.0
2025-01-12 05:33:55,1,4,3,0.06,2.0
2025-01-12 05:38:41,1,1,2,0.04,1.0
2025-01-12 05:41:34,2,0,1,0.02,1.0
2025-01-12 05:46:22,0,0,1,0.02,2.0
2025-01-12 05:47:38,0,6,2,0.04,2.0
2025-01-12 05:48:20,2,1,2,0.04,3.0
2025-01-12 05:52:17,0,5,3,0.06,3.0
2025-01-12 05:56:41,3,2,3,0.06,2.0
2025-01-12 05:59:39,0,0,2,0.04,1.0
2025-01-12 06:02:43,3,0,1,0.02,3.0
2025-01-12 06:05:58,3,7,3,0.06,2.0
2025-01-12 06:07:57,4,1,2,0.04,2.0
2025-01-12 06:11:32,4,2,2,0.04,1.0
2025-01-12 06:14:55,0,0,1,0.02,2.0
2025-01-12 06:19:01,1,5,2,0.04,3.0
2025-01-12 06:23:54,4,6,3,0.06,4.0
2025-01-12 06:26:00,0,6,4,0.08,4.0
2025-01-12 06:28:26,1,4,4,0.08,4.0
2025-01-12 06:32:14,2,4,4,0.08,5.0
2025-01-12 06:33:04,1,6,5,0.1,5.0
2025-01-12 06:36:53,0,4,5,0.1,4.0
2025-01-12 06:41:30,3,3,4,0.08,3.0
2025-01-12 06:46:23,3,1,3,0.06,4.0
2025-01-12 06:47:50,2,7,4,0.08,3.0
2025-01-12 06:48:50,0,1,3,0.06,2.0
2025-01-12 06:53:28,1,0,2,0.04,2.0
2025-01-12 06:55:30,3,3,2,0.04,1.0
2025-01-12 07:00:24,2,0,1,0.02,2.0
2025-01-12 07:05:24,3,5,2,0.04,2.0
2025-01-12 07:07:27,3,2,2,0.04,3.0
2025-01-12 07:10:30,1,5,3,0.06,3.0
2025-01-12 07:12:19,0,4,3,0.06,2.0
2025-01-12 07:14:12,3,1,2,0.04,3.0
2025-01-12 07:15:18,0,5,3,0.06,3.0
2025-01-12 07:19:39,4,4,3,0.06,4.0
2025-01-12 07:21:41,3,5,4,0.08,3.0
2025-01-12 07:23:52,3,0,3,0.06,3.0
2025-01-12 07:27:07,1,4,3,0.06,2.0
2025-01-12 07:30:15,2,1,2,0.04,3.0
2025-01-12 07:30:58,4,4,3,0.06,3.0
2025-01-12 07:35:12,2,3,3,0.06,4.0
2025-01-12 07:36:54,2,7,4,0.08,3.0
2025-01-12 07:41:32,3,0,3,0.06,4.0
2025-01-12 07:43:32,1,5,4,0.08,3.0
2025-01-12 07:47:37,2,0,3,0.06,2.0
2025-01-12 07:49:36,4,1,2,0.04,2.0
2025-01-12 07:50:34,2,3,2,0.04,3.0
2025-01-12 07:54:43,2,4,3,0.06,2.0
2025-01-12 07:58:47,0,1,2,0.04,6.0
2025-01-12 08:02:57,3,15,6,0.12,8.0
2025-01-12 08:04:08,3,12,8,0.16,8.0
2025-01-12 08:06:52,1,8,8,0.16,7.0
2025-01-12 08:08:03,3,6,7,0.14,9.0
2025-01-12 08:11:16,4,14,9,0.18,11.0
2025-01-12 08:12:43,0,16,11,0.22,12.0
2025-01-12 08:13:37,4,16,12,0.24,10.0
2025-01-12 08:15:19,0,6,10,0.2,13.0
2025-01-12 08:17:57,4,19,13,0.26,13.0
2025-01-12 08:19:53,1,12,13,0.26,11.0
2025-01-12 08:22:55,0,6,11,0.22,11.0
2025-01-12 08:26:26,3,11,11,0.22,12.0
2025-01-12 08:29:00,0,15,12,0.24,14.0
2025-01-12 08:30:36,2,18,14,0.28,15.0
2025-01-12 08:31:11,1,18,15,0.3,13.0
2025-01-12 08:33:45,3,9,13,0.26,12.0
2025-01-12 08:35:07,4,9,12,0.24,13.0
2025-01-12 08:36:42,2,16,13,0.26,13.0
2025-01-12 08:38:33,0,12,13,0.26,15.0
2025-01-12 08:40:29,2,19,15,0.3,13.0
2025-01-12 08:41:00,0,8,13,0.26,12.0
2025-01-12 08:44:53,4,10,12,0.24,13.0
2025-01-12 08:47:52,4,15,13,0.26,14.0
2025-01-12 08:50:04,3,17,14,0.28,12.0
2025-01-12 08:50:57,2,7,12,0.24,10.0
2025-01-12 08:54:58,0,7,10,0.2,9.0
2025-01-12 08:56:32,1,7,9,0.18,10.0
2025-01-12 09:00:30,3,11,10,0.2,9.0
2025-01-12 09:05:10,0,6,9,0.18,8.0
2025-01-12 09:07:36,0,7,8,0.16,7.0
2025-01-12 09:10:01,4,6,7,0.14,8.0
2025-01-12 09:14:27,0,12,8,0.16,11.0
2025-01-12 09:16:41,2,19,11,0.22,12.0
2025-01-12 09:21:29,3,14,12,0.24,14.0
2025-01-12 09:22:44,3,18,14,0.28,12.0
2025-01-12 09:26:49,2,9,12,0.24,12.0
2025-01-12 09:27:42,4,13,12,0.24,12.0
2025-01-12 09:28:46,1,12,12,0.24,12.0
2025-01-12 09:29:39,0,11,12,0.24,14.0
2025-01-12 09:30:36,2,19,14,0.28,13.0
2025-01-12 09:31:21,2,11,13,0.26,11.0
2025-01-12 09:32:49,2,7,11,0.22,10.0
2025-01-12 09:37:21,1,7,10,0.2,12.0
2025-01-12 09:41:17,2,15,12,0.24,12.0
2025-01-12 09:46:17,1,12,12,0.24,11.0
2025-01-12 09:50:55,4,8,11,0.22,10.0
2025-01-12 09:55:51,2,7,10,0.2,12.0
2025-01-12 09:59:33,2,16,12,0.24,13.0
2025-01-12 10:03:40,0,14,13,0.26,11.0
2025-01-12 10:06:04,4,7,11,0.22,13.0
2025-01-12 10:07:41,1,19,13,0.26,12.0
2025-01-12 10:09:25,3,9,12,0.24,12.0
2025-01-12 10:11:37,4,13,12,0.24,12.0
2025-01-12 10:15:04,4,12,12,0.24,11.0
2025-01-12 10:19:08,0,10,11,0.22,10.0
2025-01-12 10:20:16,3,6,10,0.2,10.0
2025-01-12 10:25:04,2,10,10,0.2,13.0
2025-01-12 10:28:57,3,19,13,0.26,12.0
2025-01-12 10:29:33,2,10,12,0.24,14.0
2025-01-12 10:30:51,1,18,14,0.28,12.0
2025-01-12 10:31:46,1,8,12,0.24,12.0
2025-01-12 10:34:56,0,12,12,0.24,13.0
2025-01-12 10:38:21,4,17,13,0.26,14.0
2025-01-12 10:40:09,4,17,14,0.28,14.0
2025-01-12 10:40:40,2,15,14,0.28,12.0
2025-01-12 10:43:21,4,8,12,0.24,13.0
2025-01-12 10:45:47,4,15,13,0.26,14.0
2025-01-12 10:49:00,4,18,14,0.28,12.0
2025-01-12 10:49:57,4,8,12,0.24,11.0
2025-01-12 10:50:27,0,8,11,0.22,12.0
2025-01-12 10:54:04,0,15,12,0.24,14.0
2025-01-12 10:55:29,2,18,14,0.28,14.0
2025-01-12 10:56:33,3,15,14,0.28,12.0
2025-01-12 10:58:54,1,7,12,0.24,11.0
2025-01-12 10:59:59,0,10,11,0.22,10.0
2025-01-12 11:04:05,3,6,10,0.2,12.0
2025-01-12 11:05:54,1,18,12,0.24,12.0
2025-01-12 11:07:46,0,11,12,0.24,10.0
2025-01-12 11:09:20,2,6,10,0.2,12.0
2025-01-12 11:11:57,4,15,12,0.24,13.0
2025-01-12 11:12:48,4,14,13,0.26,14.0
2025-01-12 11:16:53,1,15,14,0.28,14.0
2025-01-12 11:19:09,3,14,14,0.28,15.0
2025-01-12 11:21:27,4,18,15,0.3,15.0
2025-01-12 11:24:57,1,16,15,0.3,15.0
2025-01-12 11:28:10,0,15,15,0.3,15.0
2025-01-12 11:29:47,0,14,15,0.3,13.0
2025-01-12 11:33:16,3,8,13,0.26,11.0
2025-01-12 11:36:46,0,6,11,0.22,13.0
2025-01-12 11:40:04,0,19,13,0.26,12.0
2025-01-12 11:40:55,4,8,12,0.24,13.0
2025-01-12 11:42:30,4,17,13,0.26,13.0
2025-01-12 11:43:20,1,13,13,0.26,14.0
2025-01-12 11:45:29,0,15,14,0.28,16.0
2025-01-12 11:47:41,4,19,16,0.32,14.0
2025-01-12 11:48:57,3,8,14,0.28,13.0
2025-01-12 11:50:05,4,12,13,0.26,12.0
2025-01-12 11:52:04,4,11,12,0.24,11.0
2025-01-12 11:53:58,4,9,11,0.22,13.0
2025-01-12 11:57:35,3,18,13,0.26,10.0
2025-01-12 12:00:43,3,2,10,0.2,7.0
2025-01-12 12:05:15,0,0,7,0.14,5.0
2025-01-12 12:06:57,0,0,5,0.1,6.0
2025-01-12 12:08:15,1,7,6,0.12,5.0
2025-01-12 12:10:25,1,2,5,0.1,5.0
2025-01-12 12:10:56,4,4,5,0.1,4.0
2025-01-12 12:15:29,0,3,4,0.08,5.0
2025-01-12 12:18:54,3,7,5,0.1,5.0
2025-01-12 12:23:21,0,4,5,0.1,5.0
2025-01-12 12:24:49,2,6,5,0.1,5.0
2025-01-12 12:26:57,3,4,5,0.1,5.0
2025-01-12 12:27:28,3,5,5,0.1,5.0
2025-01-12 12:32:00,1,4,5,0.1,6.0
2025-01-12 12:36:00,2,7,6,0.12,6.0
2025-01-12 12:38:32,4,6,6,0.12,6.0
2025-01-12 12:42:50,4,6,6,0.12,6.0
2025-01-12 12:44:41,3,6,6,0.12,4.0
2025-01-12 12:47:34,0,0,4,0.08,3.0
2025-01-12 12:50:23,3,0,3,0.06,2.0
2025-01-12 12:51:21,4,0,2,0.04,2.0
2025-01-12 12:56:20,1,1,2,0.04,3.0
2025-01-12 13:00:56,1,6,3,0.06,2.0
2025-01-12 13:01:37,1,0,2,0.04,3.0
2025-01-12 13:03:52,0,5,3,0.06,4.0
2025-01-12 13:04:53,4,5,4,0.08,4.0
2025-01-12 13:06:36,4,5,4,0.08,4.0
2025-01-12 13:09:56,3,3,4,0.08,5.0
2025-01-12 13:11:34,2,6,5,0.1,5.0
2025-01-12 13:14:20,0,4,5,0.1,4.0
2025-01-12 13:16:29,4,2,4,0.08,3.0
2025-01-12 13:19:24,4,0,3,0.06,3.0
2025-01-12 13:20:02,0,4,3,0.06,3.0
2025-01-12 13:21:33,4,4,3,0.06,3.0
2025-01-12 13:25:07,3,4,3,0.06,2.0
2025-01-12 13:26:05,4,1,2,0.04,3.0
2025-01-12 13:28:28,0,6,3,0.06,4.0
2025-01-12 13:31:20,4,5,4,0.08,5.0
2025-01-12 13:33:49,3,6,5,0.1,5.0
2025-01-12 13:37:08,3,6,5,0.1,5.0
2025-01-12 13:40:14,4,5,5,0.1,4.0
2025-01-12 13:45:03,1,2,4,0.08,3.0
2025-01-12 13:46:54,0,0,3,0.06,2.0
2025-01-12 13:51:25,0,0,2,0.04,2.0
2025-01-12 13:54:46,1,3,2,0.04,3.0
2025-01-12 13:59:06,4,4,3,0.06,3.0
2025-01-12 14:03:03,4,2,3,0.06,4.0
2025-01-12 14:04:47,1,7,4,0.08,4.0
2025-01-12 14:09:46,3,4,4,0.08,4.0
2025-01-12 14:12:09,4,5,4,0.08,3.0
2025-01-12 14:13:40,0,0,3,0.06,4.0
2025-01-12 14:15:51,0,5,4,0.08,3.0
2025-01-12 14:19:50,3,0,3,0.06,3.0
2025-01-12 14:24:34,3,3,3,0.06,4.0
2025-01-12 14:25:23,4,7,4,0.08,4.0
2025-01-12 14:26:50,0,5,4,0.08,3.0
2025-01-12 14:29:11,2,2,3,0.06,2.0
2025-01-12 14:32:56,1,0,2,0.04,3.0
2025-01-12 14:34:57,4,5,3,0.06,3.0
2025-01-12 14:36:18,3,2,3,0.06,2.0
2025-01-12 14:36:55,3,1,2,0.04,2.0
2025-01-12 14:39:02,1,1,2,0.04,3.0
2025-01-12 14:43:27,3,4,3,0.06,4.0
2025-01-12 14:45:05,3,7,4,0.08,3.0
2025-01-12 14:46:19,0,2,3,0.06,2.0
2025-01-12 14:49:05,2,0,2,0.04,2.0
2025-01-12 14:53:28,2,1,2,0.04,2.0
2025-01-12 14:54:29,3,2,2,0.04,2.0
2025-01-12 14:57:04,1,2,2,0.04,1.0
2025-01-12 14:58:40,4,0,1,0.02,3.0
2025-01-12 14:59:39,2,7,3,0.06,4.0
2025-01-12 15:02:02,2,5,4,0.08,5.0
2025-01-12 15:05:55,3,6,5,0.1,4.0
2025-01-12 15:06:53,2,3,4,0.08,5.0
2025-01-12 15:09:33,2,6,5,0.1,4.0
2025-01-12 15:13:07,0,1,4,0.08,5.0
2025-01-12 15:17:49,0,7,5,0.1,5.0
2025-01-12 15:19:20,4,6,5,0.1,4.0
2025-01-12 15:19:52,4,0,4,0.08,4.0
2025-01-12 15:21:29,4,3,4,0.08,4.0
2025-01-12 15:22:23,0,4,4,0.08,5.0
2025-01-12 15:25:51,2,6,5,0.1,5.0
2025-01-12 15:28:41,3,6,5,0.1,4.0
2025-01-12 15:33:01,4,1,4,0.08,4.0
2025-01-12 15:36:13,4,4,4,0.08,5.0
2025-01-12 15:38:52,2,6,5,0.1,4.0
2025-01-12 15:43:27,0,1,4,0.08,4.0
2025-01-12 15:46:48,2,3,4,0.08,3.0
2025-01-12 15:48:21,3,1,3,0.06,2.0
2025-01-12 15:49:21,3,0,2,0.04,3.0
2025-01-12 15:50:37,4,5,3,0.06,3.0
2025-01-12 15:53:16,2,4,3,0.06,3.0
2025-01-12 15:55:35,4,3,3,0.06,3.0
2025-01-12 15:57:13,2,2,3,0.06,4.0
2025-01-12 15:58:40,2,5,4,0.08,3.0
2025-01-12 16:00:55,4,0,3,0.06,3.0
2025-01-12 16:05:40,1,4,3,0.06,2.0
2025-01-12 16:09:00,4,0,2,0.04,3.0
2025-01-12 16:12:11,4,5,3,0.06,2.0
2025-01-12 16:13:51,3,1,2,0.04,2.0
2025-01-12 16:18:35,0,3,2,0.04,2.0
2025-01-12 16:19:59,1,2,2,0.04,4.0
2025-01-12 16:20:31,1,7,4,0.08,5.0
2025-01-12 16:21:26,4,7,5,0.1,5.0
2025-01-12 16:24:01,4,5,5,0.1,5.0
2025-01-12 16:25:23,1,5,5,0.1,4.0
2025-01-12 16:29:10,3,2,4,0.08,3.0
2025-01-12 16:32:47,3,0,3,0.06,2.0
2025-01-12 16:36:22,2,0,2,0.04,2.0
2025-01-12 16:40:15,2,1,2,0.04,3.0
2025-01-12 16:40:55,1,5,3,0.06,4.0
2025-01-12 16:43:50,4,7,4,0.08,5.0
2025-01-12 16:45:44,0,7,5,0.1,5.0
2025-01-12 16:47:53,1,4,5,0.1,5.0
2025-01-12 16:50:06,0,6,5,0.1,4.0
2025-01-12 16:51:21,4,0,4,0.08,3.0
2025-01-12 16:52:34,1,0,3,0.06,4.0
2025-01-12 16:56:04,1,7,4,0.08,4.0
2025-01-12 16:59:40,2,4,4,0.08,5.0
2025-01-12 17:02:03,1,7,5,0.1,5.0
2025-01-12 17:06:47,0,6,5,0.1,6.0
2025-01-12 17:07:46,4,7,6,0.12,9.0
2025-01-12 17:12:39,0,16,9,0.18,12.0
2025-01-12 17:14:46,0,19,12,0.24,12.0
2025-01-12 17:17:10,2,11,12,0.24,12.0
2025-01-12 17:22:00,0,12,12,0.24,12.0
2025-01-12 17:25:56,4,12,12,0.24,12.0
2025-01-12 17:29:56,0,11,12,0.24,13.0
2025-01-12 17:34:00,1,14,13,0.26,12.0
2025-01-12 17:35:09,4,10,12,0.24,10.0
2025-01-12 17:36:04,3,7,10,0.2,12.0
2025-01-12 17:37:00,4,16,12,0.24,11.0
2025-01-12 17:40:39,2,9,11,0.22,13.0
2025-01-12 17:42:31,0,18,13,0.26,12.0
2025-01-12 17:45:50,2,10,12,0.24,11.0
2025-01-12 17:49:06,0,9,11,0.22,12.0
2025-01-12 17:52:43,2,16,12,0.24,11.0
2025-01-12 17:56:01,1,10,11,0.22,10.0
2025-01-12 18:00:19,0,7,10,0.2,9.0
2025-01-12 18:02:25,3,8,9,0.18,8.0
2025-01-12 18:03:10,0,6,8,0.16,9.0
2025-01-12 18:05:54,3,10,9,0.18,9.0
2025-01-12 18:06:49,2,8,9,0.18,9.0
2025-01-12 18:07:30,0,8,9,0.18,9.0
2025-01-12 18:09:11,0,10,9,0.18,11.0
2025-01-12 18:11:53,1,15,11,0.22,10.0
2025-01-12 18:14:08,4,8,10,0.2,10.0
2025-01-12 18:18:17,2,11,10,0.2,10.0
2025-01-12 18:21:43,2,11,10,0.2,11.0
2025-01-12 18:24:25,2,14,11,0.22,10.0
2025-01-12 18:25:16,4,8,10,0.2,10.0
2025-01-12 18:30:14,4,10,10,0.2,9.0
2025-01-12 18:33:24,4,8,9,0.18,9.0
2025-01-12 18:35:40,3,10,9,0.18,9.0
2025-01-12 18:40:04,1,9,9,0.18,10.0
2025-01-12 18:40:51,0,14,10,0.2,10.0
2025-01-12 18:45:22,1,10,10,0.2,12.0
2025-01-12 18:47:48,3,15,12,0.24,10.0
2025-01-12 18:50:41,2,7,10,0.2,10.0
2025-01-12 18:54:35,4,11,10,0.2,9.0
2025-01-12 18:55:43,0,8,9,0.18,9.0
2025-01-12 18:58:46,2,9,9,0.18,12.0
2025-01-12 19:02:11,2,18,12,0.24,11.0
2025-01-12 19:06:41,1,8,11,0.22,13.0
2025-01-12 19:09:24,0,17,13,0.26,13.0
2025-01-12 19:10:39,4,13,13,0.26,15.0
2025-01-12 19:11:58,4,19,15,0.3,15.0
2025-01-12 19:15:13,4,14,15,0.3,13.0
2025-01-12 19:17:28,2,7,13,0.26,14.0
2025-01-12 19:21:33,1,15,14,0.28,14.0
2025-01-12 19:24:28,0,15,14,0.28,16.0
2025-01-12 19:26:09,3,19,16,0.32,15.0
2025-01-12 19:30:45,0,13,15,0.3,12.0
2025-01-12 19:34:20,1,6,12,0.24,11.0
2025-01-12 19:35:59,0,9,11,0.22,13.0
2025-01-12 19:38:58,1,17,13,0.26,11.0
2025-01-12 19:43:33,3,6,11,0.22,11.0
2025-01-12 19:48:24,0,10,11,0.22,10.0
2025-01-12 19:49:19,0,6,10,0.2,10.0
2025-01-12 19:52:08,2,9,10,0.2,11.0
2025-01-12 19:54:16,0,13,11,0.22,11.0
2025-01-12 19:55:36,4,10,11,0.22,10.0
2025-01-12 19:58:36,2,7,10,0.2,9.0
2025-01-12 20:00:49,3,8,9,0.18,11.0
2025-01-12 20:02:47,3,15,11,0.22,12.0
2025-01-12 20:05:37,2,15,12,0.24,14.0
2025-01-12 20:09:39,3,19,14,0.28,14.0
2025-01-12 20:14:01,2,15,14,0.28,15.0
2025-01-12 20:17:33,0,16,15,0.3,14.0
2025-01-12 20:22:13,3,13,14,0.28,12.0
2025-01-12 20:22:51,2,6,12,0.24,13.0
2025-01-12 20:24:39,3,17,13,0.26,12.0
2025-01-12 20:26:00,4,11,12,0.24,12.0
2025-01-12 20:30:58,1,13,12,0.24,11.0
2025-01-12 20:35:13,4,10,11,0.22,10.0
2025-01-12 20:36:33,1,8,10,0.2,12.0
2025-01-12 20:40:08,4,18,12,0.24,11.0
2025-01-12 20:41:11,2,9,11,0.22,11.0
2025-01-12 20:45:30,1,10,11,0.22,12.0
2025-01-12 20:48:10,0,14,12,0.24,11.0
2025-01-12 20:50:39,0,8,11,0.22,10.0
2025-01-12 20:55:15,3,9,10,0.2,12.0
2025-01-12 20:58:56,2,15,12,0.24,11.0
2025-01-12 21:02:55,0,8,11,0.22,13.0
2025-01-12 21:05:07,4,18,13,0.26,15.0
2025-01-12 21:07:49,4,19,15,0.3,14.0
2025-01-12 21:10:37,1,11,14,0.28,15.0
2025-01-12 21:13:07,0,16,15,0.3,15.0
2025-01-12 21:15:10,3,15,15,0.3,16.0
2025-01-12 21:17:48,3,17,16,0.32,17.0
2025-01-12 21:19:48,2,19,17,0.34,15.0
2025-01-12 21:21:49,4,9,15,0.3,16.0
2025-01-12 21:23:21,3,19,16,0.32,13.0
2025-01-12 21:24:19,3,7,13,0.26,13.0
2025-01-12 21:28:18,4,12,13,0.26,14.0
2025-01-12 21:28:59,0,17,14,0.28,15.0
2025-01-12 21:31:38,2,18,15,0.3,13.0
2025-01-12 21:35:00,1,9,13,0.26,14.0
2025-01-12 21:38:57,1,17,14,0.28,13.0
2025-01-12 21:39:50,0,12,13,0.26,14.0
2025-01-12 21:41:58,4,16,14,0.28,13.0
2025-01-12 21:44:46,2,10,13,0.26,13.0
2025-01-12 21:48:09,0,14,13,0.26,13.0
2025-01-12 21:49:07,3,12,13,0.26,13.0
2025-01-12 21:51:59,3,14,13,0.26,11.0
2025-01-12 21:53:10,2,7,11,0.22,12.0
2025-01-12 21:57:07,1,15,12,0.24,9.0
2025-01-12 22:00:48,1,1,9,0.18,8.0
2025-01-12 22:03:57,0,4,8,0.16,6.0
2025-01-12 22:05:30,2,2,6,0.12,6.0
2025-01-12 22:10:02,1,7,6,0.12,6.0
2025-01-12 22:14:49,2,7,6,0.12,6.0
2025-01-12 22:17:50,3,6,6,0.12,5.0
2025-01-12 22:21:54,1,2,5,0.1,4.0
2025-01-12 22:25:09,0,2,4,0.08,3.0
2025-01-12 22:26:09,4,1,3,0.06,4.0
2025-01-12 22:30:30,0,7,4,0.08,3.0
2025-01-12 22:31:28,4,2,3,0.06,4.0
2025-01-12 22:35:12,0,5,4,0.08,4.0
2025-01-12 22:39:57,3,5,4,0.08,3.0
2025-01-12 22:41:53,4,0,3,0.06,4.0
2025-01-12 22:44:51,3,5,4,0.08,5.0
2025-01-12 22:49:29,2,7,5,0.1,4.0
2025-01-12 22:53:16,2,1,4,0.08,3.0
2025-01-12 22:54:29,1,1,3,0.06,3.0
2025-01-12 22:55:26,3,4,3,0.06,4.0
2025-01-12 22:56:12,3,6,4,0.08,3.0
2025-01-12 22:58:48,2,0,3,0.06,3.0
2025-01-12 23:02:05,2,4,3,0.06,4.0
2025-01-12 23:06:38,0,5,4,0.08,5.0
2025-01-12 23:08:23,0,6,5,0.1,5.0
2025-01-12 23:12:43,0,4,5,0.1,5.0
2025-01-12 23:16:36,0,4,5,0.1,4.0
2025-01-12 23:21:13,4,3,4,0.08,4.0
2025-01-12 23:25:16,3,3,4,0.08,5.0
2025-01-12 23:29:20,4,7,5,0.1,4.0
2025-01-12 23:32:27,1,2,4,0.08,5.0
2025-01-12 23:34:05,0,7,5,0.1,5.0
2025-01-12 23:35:59,0,5,5,0.1,5.0
2025-01-12 23:40:55,2,5,5,0.1,4.0
2025-01-12 23:42:33,2,1,4,0.08,3.0
2025-01-12 23:44:41,4,1,3,0.06,3.0
2025-01-12 23:48:46,3,4,3,0.06,3.0
2025-01-12 23:51:56,4,3,3,0.06,4.0
2025-01-12 23:53:59,3,7,4,0.08,4.0
2025-01-12 23:57:22,4,5,4,0.08,3.0
2025-01-13 00:00:36,0,2,3,0.06,3.0
2025-01-13 00:03:00,4,4,3,0.06,3.0
2025-01-13 00:07:09,3,4,3,0.06,4.0
2025-01-13 00:08:09,3,5,4,0.08,4.0
2025-01-13 00:08:49,3,5,4,0.08,4.0
2025-01-13 00:11:28,2,3,4,0.08,4.0
2025-01-13 00:13:42,2,4,4,0.08,5.0
2025-01-13 00:14:38,3,7,5,0.1,4.0
2025-01-13 00:18:54,4,2,4,0.08,4.0
2025-01-13 00:19:25,3,4,4,0.08,4.0
2025-01-13 00:21:35,2,4,4,0.08,3.0
2025-01-13 00:22:25,4,1,3,0.06,3.0
2025-01-13 00:23:52,2,2,3,0.06,4.0
2025-01-13 00:27:21,2,7,4,0.08,5.0
2025-01-13 00:28:10,4,7,5,0.1,4.0
2025-01-13 00:32:54,3,1,4,0.08,4.0
2025-01-13 00:34:01,4,3,4,0.08,4.0
2025-01-13 00:36:58,0,4,4,0.08,4.0
2025-01-13 00:37:52,1,5,4,0.08,3.0
2025-01-13 00:40:22,2,2,3,0.06,4.0
2025-01-13 00:41:17,3,5,4,0.08,4.0
2025-01-13 00:44:35,4,5,4,0.08,3.0
2025-01-13 00:48:49,3,1,3,0.06,4.0
2025-01-13 00:49:19,1,6,4,0.08,4.0
2025-01-13 00:54:09,2,4,4,0.08,5.0
2025-01-13 00:54:51,0,6,5,0.1,4.0
2025-01-13 00:56:08,2,1,4,0.08,3.0
2025-01-13 00:58:11,1,1,3,0.06,2.0
2025-01-13 01:03:01,4,1,2,0.04,4.0
2025-01-13 01:06:55,3,7,4,0.08,3.0
2025-01-13 01:10:29,4,1,3,0.06,2.0
2025-01-13 01:13:53,3,0,2,0.04,3.0
2025-01-13 01:15:31,0,4,3,0.06,4.0
2025-01-13 01:17:44,3,6,4,0.08,4.0
2025-01-13 01:22:19,0,4,4,0.08,4.0
2025-01-13 01:25:29,0,4,4,0.08,3.0
2025-01-13 01:29:18,1,1,3,0.06,4.0
2025-01-13 01:33:23,3,7,4,0.08,3.0
2025-01-13 01:37:24,1,0,3,0.06,3.0
2025-01-13 01:38:09,2,3,3,0.06,2.0
2025-01-13 01:42:03,1,1,2,0.04,3.0
2025-01-13 01:43:11,4,5,3,0.06,3.0
2025-01-13 01:45:09,0,2,3,0.06,3.0
2025-01-13 01:49:54,2,3,3,0.06,2.0
2025-01-13 01:54:37,1,0,2,0.04,3.0
2025-01-13 01:58:42,3,6,3,0.06,3.0
2025-01-13 02:02:03,2,3,3,0.06,4.0
2025-01-13 02:04:49,4,7,4,0.08,3.0
2025-01-13 02:08:16,2,0,3,0.06,4.0
2025-01-13 02:10:02,4,7,4,0.08,4.0
2025-01-13 02:13:39,4,4,4,0.08,4.0
2025-01-13 02:14:23,0,3,4,0.08,3.0
2025-01-13 02:18:26,2,0,3,0.06,2.0
2025-01-13 02:22:23,2,1,2,0.04,4.0
2025-01-13 02:25:41,0,7,4,0.08,5.0
2025-01-13 02:28:36,3,7,5,0.1,6.0
2025-01-13 02:33:28,2,7,6,0.12,6.0
2025-01-13 02:34:01,1,6,6,0.12,6.0
2025-01-13 02:36:00,2,5,6,0.12,6.0
2025-01-13 02:37:29,4,7,6,0.12,4.0
2025-01-13 02:38:14,4,1,4,0.08,4.0
2025-01-13 02:42:30,0,3,4,0.08,3.0
2025-01-13 02:43:28,2,2,3,0.06,3.0
2025-01-13 02:46:28,4,4,3,0.06,2.0
2025-01-13 02:51:02,2,0,2,0.04,3.0
2025-01-13 02:56:01,0,6,3,0.06,3.0
2025-01-13 02:57:49,4,4,3,0.06,2.0
2025-01-13 03:00:51,4,1,2,0.04,3.0
2025-01-13 03:02:17,0,4,3,0.06,2.0
2025-01-13 03:05:52,1,1,2,0.04,2.0
2025-01-13 03:07:54,3,2,2,0.04,2.0
2025-01-13 03:11:01,2,2,2,0.04,4.0
2025-01-13 03:14:31,2,7,4,0.08,3.0
2025-01-13 03:16:17,0,1,3,0.06,4.0
2025-01-13 03:19:17,4,6,4,0.08,3.0
2025-01-13 03:23:44,4,1,3,0.06,4.0
2025-01-13 03:28:04,4,7,4,0.08,4.0
2025-01-13 03:28:51,2,3,4,0.08,4.0
2025-01-13 03:30:33,2,3,4,0.08,3.0
2025-01-13 03:34:11,4,1,3,0.06,3.0
2025-01-13 03:34:57,1,3,3,0.06,2.0
2025-01-13 03:35:45,2,1,2,0.04,3.0
2025-01-13 03:39:53,2,4,3,0.06,3.0
2025-01-13 03:42:22,1,2,3,0.06,4.0
2025-01-13 03:44:32,2,7,4,0.08,3.0
2025-01-13 03:45:35,4,0,3,0.06,4.0
2025-01-13 03:47:28,2,5,4,0.08,3.0
2025-01-13 03:51:13,3,2,3,0.06,3.0
2025-01-13 03:55:04,4,4,3,0.06,4.0
2025-01-13 03:55:44,2,5,4,0.08,3.0
2025-01-13 03:59:51,3,0,3,0.06,2.0
2025-01-13 04:04:33,2,0,2,0.04,3.0
2025-01-13 04:08:44,4,4,3,0.06,4.0
2025-01-13 04:10:33,0,6,4,0.08,5.0
2025-01-13 04:11:09,1,6,5,0.1,6.0
2025-01-13 04:15:25,2,7,6,0.12,5.0
2025-01-13 04:16:10,1,4,5,0.1,5.0
2025-01-13 04:16:51,4,4,5,0.1,4.0
2025-01-13 04:21:21,0,1,4,0.08,3.0
2025-01-13 04:22:11,1,2,3,0.06,2.0
2025-01-13 04:25:38,4,1,2,0.04,4.0
2025-01-13 04:29:55,1,7,4,0.08,5.0
2025-01-13 04:32:38,2,7,5,0.1,5.0
2025-01-13 04:35:40,0,6,5,0.1,5.0
2025-01-13 04:37:15,0,5,5,0.1,6.0
2025-01-13 04:40:01,0,7,6,0.12,5.0
2025-01-13 04:42:02,4,2,5,0.1,5.0
2025-01-13 04:46:50,2,5,5,0.1,6.0
2025-01-13 04:49:02,1,7,6,0.12,5.0
2025-01-13 04:50:26,3,3,5,0.1,4.0
2025-01-13 04:55:12,0,3,4,0.08,5.0
2025-01-13 04:57:22,2,7,5,0.1,5.0
2025-01-13 05:01:09,2,5,5,0.1,6.0
2025-01-13 05:05:24,0,7,6,0.12,6.0
2025-01-13 05:09:50,1,6,6,0.12,5.0
2025-01-13 05:10:45,3,3,5,0.1,5.0
2025-01-13 05:13:15,0,5,5,0.1,4.0
2025-01-13 05:16:46,4,3,4,0.08,4.0
2025-01-13 05:20:34,2,5,4,0.08,4.0
2025-01-13 05:25:18,3,3,4,0.08,4.0
2025-01-13 05:27:49,1,4,4,0.08,5.0
2025-01-13 05:28:49,1,7,5,0.1,5.0
2025-01-13 05:31:04,4,5,5,0.1,4.0
2025-01-13 05:35:17,0,1,4,0.08,4.0
2025-01-13 05:39:38,2,4,4,0.08,5.0
2025-01-13 05:44:23,2,6,5,0.1,4.0
2025-01-13 05:45:16,3,2,4,0.08,4.0
2025-01-13 05:47:34,4,4,4,0.08,5.0
2025-01-13 05:51:14,1,7,5,0.1,5.0
2025-01-13 05:52:08,4,4,5,0.1,5.0
2025-01-13 05:55:44,1,6,5,0.1,5.0
2025-01-13 05:58:09,4,4,5,0.1,6.0
2025-01-13 05:59:15,0,7,6,0.12,6.0
2025-01-13 06:02:01,1,5,6,0.12,4.0
2025-01-13 06:06:17,3,0,4,0.08,3.0
2025-01-13 06:09:48,4,1,3,0.06,4.0
2025-01-13 06:11:43,4,6,4,0.08,3.0
2025-01-13 06:13:05,0,0,3,0.06,3.0
2025-01-13 06:17:29,3,3,3,0.06,4.0
2025-01-13 06:22:25,4,5,4,0.08,5.0
2025-01-13 06:24:34,2,6,5,0.1,5.0
2025-01-13 06:26:30,3,6,5,0.1,5.0
2025-01-13 06:27:14,3,4,5,0.1,6.0
2025-01-13 06:29:24,1,7,6,0.12,6.0
2025-01-13 06:32:38,0,7,6,0.12,5.0
2025-01-13 06:33:36,3,4,5,0.1,4.0
2025-01-13 06:35:59,2,0,4,0.08,4.0
2025-01-13 06:38:15,4,3,4,0.08,3.0
2025-01-13 06:40:54,0,1,3,0.06,4.0
2025-01-13 06:42:47,0,7,4,0.08,3.0
2025-01-13 06:47:47,4,1,3,0.06,4.0
2025-01-13 06:52:20,2,5,4,0.08,4.0
2025-01-13 06:56:23,1,5,4,0.08,3.0
2025-01-13 06:59:38,4,2,3,0.06,3.0
2025-01-13 07:01:06,3,3,3,0.06,4.0
2025-01-13 07:03:05,4,7,4,0.08,3.0
2025-01-13 07:06:48,1,2,3,0.06,4.0
2025-01-13 07:09:20,4,5,4,0.08,5.0
2025-01-13 07:12:05,4,6,5,0.1,4.0
2025-01-13 07:14:53,1,3,4,0.08,4.0
2025-01-13 07:19:11,2,3,4,0.08,3.0
2025-01-13 07:20:30,0,2,3,0.06,3.0
2025-01-13 07:22:57,1,4,3,0.06,2.0
2025-01-13 07:26:48,3,1,2,0.04,3.0
2025-01-13 07:30:28,3,5,3,0.06,4.0
2025-01-13 07:33:58,1,6,4,0.08,5.0
2025-01-13 07:35:45,3,7,5,0.1,6.0
2025-01-13 07:37:29,0,7,6,0.12,5.0
2025-01-13 07:38:19,0,4,5,0.1,5.0
2025-01-13 07:41:39,2,5,5,0.1,4.0
2025-01-13 07:42:23,0,1,4,0.08,3.0
2025-01-13 07:46:23,3,0,3,0.06,3.0
2025-01-13 07:47:40,3,3,3,0.06,4.0
2025-01-13 07:49:35,2,5,4,0.08,3.0
2025-01-13 07:52:33,4,0,3,0.06,4.0
2025-01-13 07:56:10,3,7,4,0.08,3.0
2025-01-13 07:59:10,2,2,3,0.06,5.0
2025-01-13 08:02:00,1,9,5,0.1,8.0
2025-01-13 08:03:38,3,14,8,0.16,11.0
2025-01-13 08:08:27,0,18,11,0.22,10.0
2025-01-13 08:09:05,4,8,10,0.2,9.0
2025-01-13 08:11:35,4,6,9,0.18,9.0
2025-01-13 08:13:45,3,8,9,0.18,9.0
2025-01-13 08:16:43,3,10,9,0.18,10.0
2025-01-13 08:19:38,2,12,10,0.2,11.0
2025-01-13 08:24:10,2,12,11,0.22,12.0
2025-01-13 08:28:40,4,13,12,0.24,14.0
2025-01-13 08:29:52,2,18,14,0.28,13.0
2025-01-13 08:31:56,4,10,13,0.26,14.0
2025-01-13 08:36:11,4,18,14,0.28,12.0
2025-01-13 08:36:46,2,6,12,0.24,11.0
2025-01-13 08:40:49,1,8,11,0.22,13.0
2025-01-13 08:44:44,1,17,13,0.26,12.0
2025-01-13 08:46:20,4,10,12,0.24,12.0
2025-01-13 08:48:29,0,13,12,0.24,13.0
2025-01-13 08:49:10,0,14,13,0.26,11.0
2025-01-13 08:53:36,0,6,11,0.22,10.0
2025-01-13 08:58:23,0,6,10,0.2,9.0
2025-01-13 09:01:07,0,6,9,0.18,11.0
2025-01-13 09:05:18,0,16,11,0.22,10.0
2025-01-13 09:08:23,0,9,10,0.2,13.0
2025-01-13 09:11:14,4,19,13,0.26,15.0
2025-01-13 09:14:21,4,19,15,0.3,15.0
2025-01-13 09:19:12,0,14,15,0.3,14.0
2025-01-13 09:23:30,3,10,14,0.28,14.0
2025-01-13 09:26:47,2,15,14,0.28,13.0
2025-01-13 09:28:03,0,10,13,0.26,12.0
2025-01-13 09:31:55,0,8,12,0.24,10.0
2025-01-13 09:35:58,1,7,10,0.2,10.0
2025-01-13 09:40:33,2,10,10,0.2,10.0
2025-01-13 09:41:26,2,11,10,0.2,11.0
2025-01-13 09:42:39,1,13,11,0.22,12.0
2025-01-13 09:45:44,4,14,12,0.24,11.0
2025-01-13 09:49:32,1,9,11,0.22,11.0
2025-01-13 09:52:43,1,11,11,0.22,11.0
2025-01-13 09:57:06,0,10,11,0.22,10.0
2025-01-13 10:00:18,1,8,10,0.2,10.0
2025-01-13 10:02:43,4,10,10,0.2,12.0
2025-01-13 10:04:45,2,18,12,0.24,10.0
2025-01-13 10:05:56,4,7,10,0.2,12.0
2025-01-13 10:09:55,0,16,12,0.24,13.0
2025-01-13 10:13:50,1,17,13,0.26,14.0
2025-01-13 10:17:59,3,16,14,0.28,15.0
2025-01-13 10:20:44,2,17,15,0.3,14.0
2025-01-13 10:22:59,2,13,14,0.28,15.0
2025-01-13 10:25:26,4,16,15,0.3,12.0
2025-01-13 10:29:52,4,6,12,0.24,12.0
2025-01-13 10:32:01,3,13,12,0.24,13.0
2025-01-13 10:36:51,3,17,13,0.26,14.0
2025-01-13 10:39:03,1,16,14,0.28,15.0
2025-01-13 10:40:35,1,18,15,0.3,14.0
2025-01-13 10:43:59,0,12,14,0.28,12.0
2025-01-13 10:48:14,4,6,12,0.24,11.0
2025-01-13 10:48:50,0,9,11,0.22,10.0
2025-01-13 10:51:26,1,7,10,0.2,10.0
2025-01-13 10:53:27,2,11,10,0.2,10.0
2025-01-13 10:57:06,2,9,10,0.2,12.0
2025-01-13 10:58:28,0,18,12,0.24,14.0
2025-01-13 11:02:59,2,19,14,0.28,15.0
2025-01-13 11:05:40,4,16,15,0.3,13.0
2025-01-13 11:08:01,1,7,13,0.26,13.0
2025-01-13 11:08:37,4,12,13,0.26,13.0
2025-01-13 11:12:56,1,13,13,0.26,14.0
2025-01-13 11:16:01,1,18,14,0.28,14.0
2025-01-13 11:19:47,4,13,14,0.28,14.0
2025-01-13 11:23:59,2,15,14,0.28,12.0
2025-01-13 11:28:38,1,8,12,0.24,12.0
2025-01-13 11:30:30,4,11,12,0.24,11.0
2025-01-13 11:34:59,0,8,11,0.22,11.0
2025-01-13 11:39:51,1,12,11,0.22,10.0
2025-01-13 11:43:29,0,6,10,0.2,11.0
2025-01-13 11:44:56,3,12,11,0.22,10.0
2025-01-13 11:45:34,0,6,10,0.2,10.0
2025-01-13 11:47:58,3,11,10,0.2,12.0
2025-01-13 11:51:57,3,17,12,0.24,14.0
2025-01-13 11:53:07,3,18,14,0.28,16.0
2025-01-13 11:56:29,4,19,16,0.32,12.0
2025-01-13 12:00:52,4,1,12,0.24,9.0
2025-01-13 12:02:39,3,1,9,0.18,7.0
2025-01-13 12:04:56,1,3,7,0.14,5.0
2025-01-13 12:06:04,4,2,5,0.1,5.0
2025-01-13 12:08:32,0,5,5,0.1,4.0
2025-01-13 12:09:28,4,3,4,0.08,4.0
2025-01-13 12:11:41,4,5,4,0.08,4.0
2025-01-13 12:13:24,3,5,4,0.08,4.0
2025-01-13 12:17:04,1,5,4,0.08,4.0
2025-01-13 12:20:00,4,3,4,0.08,5.0
2025-01-13 12:24:44,2,6,5,0.1,5.0
2025-01-13 12:28:46,1,5,5,0.1,4.0
2025-01-13 12:31:18,0,3,4,0.08,5.0
2025-01-13 12:35:13,3,6,5,0.1,6.0
2025-01-13 12:39:42,4,7,6,0.12,5.0
2025-01-13 12:40:33,0,4,5,0.1,4.0
2025-01-13 12:45:21,4,1,4,0.08,3.0
2025-01-13 12:47:35,1,1,3,0.06,3.0
2025-01-13 12:52:22,1,3,3,0.06,4.0
2025-01-13 12:56:15,4,5,4,0.08,4.0
2025-01-13 13:01:06,2,4,4,0.08,5.0
2025-01-13 13:03:22,1,6,5,0.1,4.0
2025-01-13 13:08:02,3,2,4,0.08,3.0
2025-01-13 13:12:12,1,2,3,0.06,4.0
2025-01-13 13:16:23,4,7,4,0.08,5.0
2025-01-13 13:21:10,3,7,5,0.1,4.0
2025-01-13 13:25:00,3,1,4,0.08,3.0
2025-01-13 13:29:47,1,0,3,0.06,2.0
2025-01-13 13:34:01,2,0,2,0.04,2.0
2025-01-13 13:37:52,0,1,2,0.04,3.0
2025-01-13 13:42:07,4,5,3,0.06,3.0
2025-01-13 13:46:32,1,2,3,0.06,2.0
2025-01-13 13:50:04,4,1,2,0.04,3.0
2025-01-13 13:53:53,0,4,3,0.06,2.0
2025-01-13 13:58:28,0,0,2,0.04,3.0
2025-01-13 14:00:48,3,6,3,0.06,3.0
2025-01-13 14:01:23,1,2,3,0.06,3.0
2025-01-13 14:05:48,4,2,3,0.06,4.0
2025-01-13 14:08:24,2,7,4,0.08,3.0
2025-01-13 14:10:37,0,2,3,0.06,3.0
2025-01-13 14:15:03,2,4,3,0.06,2.0
2025-01-13 14:18:07,0,1,2,0.04,3.0
2025-01-13 14:22:53,2,6,3,0.06,3.0
2025-01-13 14:27:17,1,4,3,0.06,4.0
2025-01-13 14:28:26,4,5,4,0.08,4.0
2025-01-13 14:32:12,4,4,4,0.08,4.0
2025-01-13 14:37:05,3,5,4,0.08,3.0
2025-01-13 14:38:31,4,1,3,0.06,3.0
2025-01-13 14:40:38,0,3,3,0.06,3.0
2025-01-13 14:43:24,0,3,3,0.06,4.0
2025-01-13 14:45:20,3,5,4,0.08,4.0
2025-01-13 14:49:51,4,5,4,0.08,4.0
2025-01-13 14:53:39,3,3,4,0.08,4.0
2025-01-13 14:55:32,0,4,4,0.08,4.0
2025-01-13 15:00:03,1,4,4,0.08,5.0
2025-01-13 15:04:44,3,6,5,0.1,4.0
2025-01-13 15:08:23,4,1,4,0.08,5.0
2025-01-13 15:11:24,4,6,5,0.1,4.0
2025-01-13 15:14:12,1,2,4,0.08,5.0
2025-01-13 15:17:37,2,6,5,0.1,4.0
2025-01-13 15:18:14,2,1,4,0.08,3.0
2025-01-13 15:22:38,1,2,3,0.06,3.0
2025-01-13 15:25:50,0,4,3,0.06,3.0
2025-01-13 15:27:08,0,4,3,0.06,2.0
2025-01-13 15:28:15,3,1,2,0.04,3.0
2025-01-13 15:31:00,2,4,3,0.06,3.0
2025-01-13 15:35:08,1,4,3,0.06,4.0
2025-01-13 15:36:11,3,7,4,0.08,4.0
2025-01-13 15:37:59,4,3,4,0.08,4.0
2025-01-13 15:42:24,4,4,4,0.08,3.0
2025-01-13 15:45:34,0,1,3,0.06,4.0
2025-01-13 15:48:58,0,5,4,0.08,5.0
2025-01-13 15:53:08,2,7,5,0.1,5.0
2025-01-13 15:53:46,1,6,5,0.1,5.0
2025-01-13 15:56:08,3,5,5,0.1,5.0
2025-01-13 16:00:02,2,5,5,0.1,4.0
2025-01-13 16:03:37,3,3,4,0.08,4.0
2025-01-13 16:07:23,3,4,4,0.08,4.0
2025-01-13 16:12:18,3,5,4,0.08,3.0
2025-01-13 16:17:09,4,1,3,0.06,3.0
2025-01-13 16:21:46,2,4,3,0.06,3.0
2025-01-13 16:24:10,0,4,3,0.06,2.0
2025-01-13 16:26:40,2,1,2,0.04,1.0
2025-01-13 16:29:30,3,0,1,0.02,2.0
2025-01-13 16:31:04,0,6,2,0.04,2.0
2025-01-13 16:35:32,4,2,2,0.04,2.0
2025-01-13 16:36:11,2,1,2,0.04,1.0
2025-01-13 16:40:33,0,0,1,0.02,3.0
2025-01-13 16:44:17,2,7,3,0.06,4.0
2025-01-13 16:44:58,2,6,4,0.08,4.0
2025-01-13 16:48:24,2,5,4,0.08,4.0
2025-01-13 16:51:50,2,4,4,0.08,4.0
2025-01-13 16:55:56,1,3,4,0.08,3.0
2025-01-13 16:56:36,3,1,3,0.06,2.0
2025-01-13 16:59:03,0,0,2,0.04,3.0
2025-01-13 17:02:16,0,6,3,0.06,5.0
2025-01-13 17:03:24,3,10,5,0.1,8.0
2025-01-13 17:04:46,3,15,8,0.16,8.0
2025-01-13 17:08:53,0,7,8,0.16,9.0
2025-01-13 17:12:48,2,10,9,0.18,9.0
2025-01-13 17:14:13,0,8,9,0.18,10.0
2025-01-13 17:16:40,3,14,10,0.2,12.0
2025-01-13 17:21:22,4,18,12,0.24,12.0
2025-01-13 17:26:19,3,13,12,0.24,11.0
2025-01-13 17:29:48,4,10,11,0.22,11.0
2025-01-13 17:34:12,2,12,11,0.22,11.0
2025-01-13 17:37:57,0,10,11,0.22,12.0
2025-01-13 17:39:46,0,16,12,0.24,13.0
2025-01-13 17:42:30,3,14,13,0.26,12.0
2025-01-13 17:43:21,4,11,12,0.24,14.0
2025-01-13 17:47:35,4,18,14,0.28,13.0
2025-01-13 17:49:02,2,10,13,0.26,14.0
2025-01-13 17:51:04,0,15,14,0.28,13.0
2025-01-13 17:54:45,1,11,13,0.26,13.0
2025-01-13 17:56:57,1,13,13,0.26,13.0
2025-01-13 17:57:33,1,13,13,0.26,12.0
2025-01-13 18:00:10,1,8,12,0.24,12.0
2025-01-13 18:01:34,2,13,12,0.24,13.0
2025-01-13 18:05:54,3,17,13,0.26,15.0
2025-01-13 18:07:25,3,19,15,0.3,13.0
2025-01-13 18:11:54,2,8,13,0.26,13.0
2025-01-13 18:13:53,1,14,13,0.26,14.0
2025-01-13 18:18:14,4,18,14,0.28,12.0
2025-01-13 18:22:36,4,7,12,0.24,14.0
2025-01-13 18:25:37,4,18,14,0.28,16.0
2025-01-13 18:28:31,2,19,16,0.32,16.0
2025-01-13 18:31:10,2,16,16,0.32,16.0
2025-01-13 18:34:00,3,15,16,0.32,17.0
2025-01-13 18:36:02,4,19,17,0.34,16.0
2025-01-13 18:38:25,0,13,16,0.32,16.0
2025-01-13 18:41:17,0,16,16,0.32,14.0
2025-01-13 18:45:29,3,10,14,0.28,12.0
2025-01-13 18:49:50,4,6,12,0.24,14.0
2025-01-13 18:50:52,2,18,14,0.28,15.0
2025-01-13 18:54:11,4,17,15,0.3,16.0
2025-01-13 18:57:00,2,17,16,0.32,15.0
2025-01-13 19:00:50,0,13,15,0.3,14.0
2025-01-13 19:01:42,1,11,14,0.28,14.0
2025-01-13 19:05:55,1,15,14,0.28,13.0
2025-01-13 19:10:54,3,11,13,0.26,13.0
2025-01-13 19:13:56,1,13,13,0.26,13.0
2025-01-13 19:15:50,4,14,13,0.26,14.0
2025-01-13 19:18:08,0,17,14,0.28,16.0
2025-01-13 19:19:08,3,19,16,0.32,14.0
2025-01-13 19:23:26,3,9,14,0.28,15.0
2025-01-13 19:27:55,4,16,15,0.3,14.0
2025-01-13 19:30:45,1,13,14,0.28,15.0
2025-01-13 19:33:50,4,16,15,0.3,16.0
2025-01-13 19:35:58,1,19,16,0.32,16.0
2025-01-13 19:37:14,2,16,16,0.32,15.0
2025-01-13 19:38:50,0,13,15,0.3,14.0
2025-01-13 19:40:21,2,12,14,0.28,12.0
2025-01-13 19:42:39,2,9,12,0.24,13.0
2025-01-13 19:45:55,4,17,13,0.26,14.0
2025-01-13 19:47:01,3,18,14,0.28,12.0
2025-01-13 19:49:29,0,6,12,0.24,14.0
2025-01-13 19:51:24,2,18,14,0.28,13.0
2025-01-13 19:52:45,4,12,13,0.26,12.0
2025-01-13 19:54:45,3,10,12,0.24,13.0
2025-01-13 19:58:38,3,14,13,0.26,14.0
2025-01-13 20:03:05,1,18,14,0.28,12.0
2025-01-13 20:06:09,4,8,12,0.24,12.0
2025-01-13 20:10:38,3,13,12,0.24,13.0
2025-01-13 20:13:23,1,15,13,0.26,12.0
2025-01-13 20:14:56,0,10,12,0.24,10.0
2025-01-13 20:17:28,2,7,10,0.2,11.0
2025-01-13 20:22:11,3,13,11,0.22,10.0
2025-01-13 20:24:34,3,9,10,0.2,11.0
2025-01-13 20:25:23,4,12,11,0.22,10.0
2025-01-13 20:26:08,3,9,10,0.2,9.0
2025-01-13 20:29:02,0,8,9,0.18,12.0
2025-01-13 20:32:59,4,19,12,0.24,11.0
2025-01-13 20:33:47,3,10,11,0.22,10.0
2025-01-13 20:37:02,1,8,10,0.2,11.0
2025-01-13 20:38:09,3,12,11,0.22,11.0
2025-01-13 20:41:39,3,12,11,0.22,13.0
2025-01-13 20:43:53,4,18,13,0.26,12.0
2025-01-13 20:46:02,4,9,12,0.24,13.0
2025-01-13 20:48:01,1,16,13,0.26,11.0
2025-01-13 20:49:49,1,7,11,0.22,11.0
2025-01-13 20:51:31,3,12,11,0.22,13.0
2025-01-13 20:54:56,3,19,13,0.26,12.0
2025-01-13 20:57:01,2,9,12,0.24,10.0
2025-01-13 20:59:13,4,7,10,0.2,12.0
2025-01-13 21:03:26,0,18,12,0.24,10.0
2025-01-13 21:04:01,4,6,10,0.2,12.0
2025-01-13 21:06:32,3,15,12,0.24,11.0
2025-01-13 21:10:57,4,10,11,0.22,12.0
2025-01-13 21:13:22,1,14,12,0.24,14.0
2025-01-13 21:16:34,3,18,14,0.28,15.0
2025-01-13 21:20:49,2,17,15,0.3,16.0
2025-01-13 21:25:08,4,17,16,0.32,14.0
2025-01-13 21:28:39,3,10,14,0.28,12.0
2025-01-13 21:33:17,1,6,12,0.24,12.0
2025-01-13 21:37:16,4,11,12,0.24,11.0
2025-01-13 21:40:09,3,9,11,0.22,11.0
2025-01-13 21:42:14,2,10,11,0.22,10.0
2025-01-13 21:46:47,4,7,10,0.2,10.0
2025-01-13 21:48:42,3,11,10,0.2,12.0
2025-01-13 21:52:15,4,16,12,0.24,13.0
2025-01-13 21:54:45,2,15,13,0.26,15.0
2025-01-13 21:56:46,3,19,15,0.3,15.0
2025-01-13 21:58:25,1,14,15,0.3,13.0
2025-01-13 22:01:07,2,7,13,0.26,10.0
2025-01-13 22:03:53,4,4,10,0.2,8.0
2025-01-13 22:07:29,4,2,8,0.16,7.0
2025-01-13 22:11:39,2,6,7,0.14,5.0
2025-01-13 22:12:54,4,1,5,0.1,6.0
2025-01-13 22:16:35,1,7,6,0.12,6.0
2025-01-13 22:17:12,3,7,6,0.12,5.0
2025-01-13 22:20:40,3,3,5,0.1,4.0
2025-01-13 22:21:48,4,3,4,0.08,3.0
2025-01-13 22:25:15,4,2,3,0.06,4.0
2025-01-13 22:28:26,4,5,4,0.08,3.0
2025-01-13 22:30:39,2,1,3,0.06,4.0
2025-01-13 22:33:49,0,7,4,0.08,3.0
2025-01-13 22:36:21,2,0,3,0.06,2.0
2025-01-13 22:37:44,2,0,2,0.04,2.0
2025-01-13 22:38:47,1,1,2,0.04,3.0
2025-01-13 22:43:18,0,4,3,0.06,4.0
2025-01-13 22:45:40,2,6,4,0.08,5.0
2025-01-13 22:46:32,1,7,5,0.1,5.0
2025-01-13 22:47:47,0,4,5,0.1,4.0
2025-01-13 22:50:31,0,0,4,0.08,5.0
2025-01-13 22:52:58,1,7,5,0.1,6.0
2025-01-13 22:56:36,1,7,6,0.12,4.0
2025-01-13 22:59:16,1,0,4,0.08,3.0
2025-01-13 23:03:17,3,0,3,0.06,2.0
2025-01-13 23:05:39,2,1,2,0.04,2.0
2025-01-13 23:06:52,0,1,2,0.04,2.0
2025-01-13 23:09:29,4,2,2,0.04,2.0
2025-01-13 23:12:36,2,2,2,0.04,2.0
2025-01-13 23:13:50,2,1,2,0.04,2.0
2025-01-13 23:16:07,0,2,2,0.04,2.0
2025-01-13 23:20:15,0,1,2,0.04,2.0
2025-01-13 23:23:41,4,1,2,0.04,3.0
2025-01-13 23:27:58,2,5,3,0.06,4.0
2025-01-13 23:31:38,1,6,4,0.08,3.0
2025-01-13 23:34:47,2,2,3,0.06,3.0
2025-01-13 23:39:43,0,3,3,0.06,4.0
2025-01-13 23:43:22,1,7,4,0.08,5.0
2025-01-13 23:46:46,4,7,5,0.1,5.0
2025-01-13 23:49:40,3,5,5,0.1,4.0
2025-01-13 23:54:01,4,0,4,0.08,4.0
2025-01-13 23:57:54,2,4,4,0.08,3.0
2025-01-14 00:01:56,3,0,3,0.06,2.0
2025-01-14 00:03:05,1,1,2,0.04,2.0
2025-01-14 00:04:56,2,3,2,0.04,2.0
2025-01-14 00:08:26,4,2,2,0.04,4.0
2025-01-14 00:10:18,0,7,4,0.08,4.0
2025-01-14 00:15:09,1,4,4,0.08,4.0
2025-01-14 00:18:58,0,3,4,0.08,4.0
2025-01-14 00:23:27,0,3,4,0.08,4.0
2025-01-14 00:26:56,1,5,4,0.08,3.0
2025-01-14 00:30:16,0,1,3,0.06,3.0
2025-01-14 00:33:42,0,2,3,0.06,2.0
2025-01-14 00:38:08,3,1,2,0.04,3.0
2025-01-14 00:40:55,3,4,3,0.06,2.0
2025-01-14 00:43:33,3,1,2,0.04,2.0
2025-01-14 00:44:51,2,2,2,0.04,3.0
2025-01-14 00:48:04,0,6,3,0.06,4.0
2025-01-14 00:50:29,3,7,4,0.08,4.0
2025-01-14 00:51:22,1,3,4,0.08,3.0
2025-01-14 00:52:16,0,0,3,0.06,3.0
2025-01-14 00:54:52,4,3,3,0.06,3.0
2025-01-14 00:59:15,3,3,3,0.06,3.0
2025-01-14 01:03:13,2,3,3,0.06,4.0
2025-01-14 01:05:15,0,5,4,0.08,4.0
2025-01-14 01:07:18,2,5,4,0.08,4.0
2025-01-14 01:11:32,1,4,4,0.08,5.0
2025-01-14 01:12:12,4,6,5,0.1,4.0
2025-01-14 01:12:53,1,0,4,0.08,4.0
2025-01-14 01:13:57,4,5,4,0.08,3.0
2025-01-14 01:18:14,4,0,3,0.06,2.0
2025-01-14 01:22:23,1,1,2,0.04,3.0
2025-01-14 01:25:13,2,4,3,0.06,3.0
2025-01-14 01:26:05,4,4,3,0.06,3.0
2025-01-14 01:27:57,2,4,3,0.06,3.0
2025-01-14 01:32:15,1,3,3,0.06,4.0
2025-01-14 01:34:04,0,5,4,0.08,3.0
2025-01-14 01:37:12,1,1,3,0.06,3.0
2025-01-14 01:39:49,1,3,3,0.06,2.0
2025-01-14 01:43:28,2,1,2,0.04,2.0
2025-01-14 01:44:28,2,2,2,0.04,2.0
2025-01-14 01:45:12,2,2,2,0.04,4.0
2025-01-14 01:46:56,0,7,4,0.08,4.0
2025-01-14 01:47:59,4,3,4,0.08,5.0
2025-01-14 01:51:44,2,6,5,0.1,4.0
2025-01-14 01:52:42,4,3,4,0.08,3.0
2025-01-14 01:56:25,1,1,3,0.06,3.0
2025-01-14 01:57:10,0,3,3,0.06,2.0
2025-01-14 01:58:56,3,0,2,0.04,3.0
2025-01-14 02:00:46,0,6,3,0.06,4.0
2025-01-14 02:03:19,0,6,4,0.08,3.0
2025-01-14 02:04:07,0,1,3,0.06,2.0
2025-01-14 02:06:18,3,0,2,0.04,1.0
2025-01-14 02:08:04,2,0,1,0.02,1.0
2025-01-14 02:12:22,3,2,1,0.02,1.0
2025-01-14 02:16:14,1,2,1,0.02,2.0
2025-01-14 02:17:44,3,5,2,0.04,3.0
2025-01-14 02:18:39,0,6,3,0.06,3.0
2025-01-14 02:20:19,1,2,3,0.06,4.0
2025-01-14 02:22:31,3,6,4,0.08,5.0
2025-01-14 02:25:37,3,6,5,0.1,4.0
2025-01-14 02:29:20,4,0,4,0.08,5.0
2025-01-14 02:32:55,2,7,5,0.1,4.0
2025-01-14 02:35:17,3,1,4,0.08,5.0
2025-01-14 02:38:31,2,6,5,0.1,5.0
2025-01-14 02:40:01,1,6,5,0.1,5.0
2025-01-14 02:42:02,1,5,5,0.1,6.0
2025-01-14 02:45:04,3,7,6,0.12,5.0
2025-01-14 02:49:18,1,2,5,0.1,4.0
2025-01-14 02:51:54,2,3,4,0.08,3.0
2025-01-14 02:55:36,3,2,3,0.06,3.0
2025-01-14 02:58:00,4,2,3,0.06,2.0
2025-01-14 03:02:51,1,1,2,0.04,2.0
2025-01-14 03:03:38,3,2,2,0.04,1.0
2025-01-14 03:04:17,2,0,1,0.02,1.0
2025-01-14 03:06:18,2,0,1,0.02,1.0
2025-01-14 03:09:06,2,0,1,0.02,2.0
2025-01-14 03:10:27,0,3,2,0.04,4.0
2025-01-14 03:14:11,4,7,4,0.08,4.0
2025-01-14 03:18:06,2,3,4,0.08,3.0
2025-01-14 03:20:08,1,0,3,0.06,4.0
2025-01-14 03:23:02,3,7,4,0.08,3.0
2025-01-14 03:24:57,3,0,3,0.06,2.0
2025-01-14 03:27:59,1,0,2,0.04,3.0
2025-01-14 03:28:30,1,4,3,0.06,3.0
2025-01-14 03:33:19,3,2,3,0.06,3.0
2025-01-14 03:36:32,3,4,3,0.06,4.0
2025-01-14 03:37:07,0,5,4,0.08,3.0
2025-01-14 03:40:05,2,2,3,0.06,3.0
2025-01-14 03:43:59,2,3,3,0.06,4.0
2025-01-14 03:46:26,3,7,4,0.08,3.0
2025-01-14 03:48:24,0,0,3,0.06,3.0
2025-01-14 03:51:27,1,3,3,0.06,2.0
2025-01-14 03:54:43,0,1,2,0.04,3.0
2025-01-14 03:57:53,1,4,3,0.06,3.0
2025-01-14 04:02:52,0,3,3,0.06,3.0
2025-01-14 04:04:17,2,2,3,0.06,4.0
2025-01-14 04:08:34,1,6,4,0.08,4.0
2025-01-14 04:11:32,1,4,4,0.08,4.0
2025-01-14 04:12:47,1,4,4,0.08,3.0
2025-01-14 04:15:40,4,2,3,0.06,3.0
2025-01-14 04:20:07,3,2,3,0.06,3.0
2025-01-14 04:22:36,0,3,3,0.06,3.0
2025-01-14 04:26:45,2,2,3,0.06,4.0
2025-01-14 04:27:22,0,6,4,0.08,5.0
2025-01-14 04:28:57,3,7,5,0.1,4.0
2025-01-14 04:30:45,4,3,4,0.08,4.0
2025-01-14 04:32:40,3,4,4,0.08,4.0
2025-01-14 04:35:13,1,5,4,0.08,3.0
2025-01-14 04:39:04,4,2,3,0.06,2.0
2025-01-14 04:42:03,4,1,2,0.04,1.0
2025-01-14 04:43:18,2,0,1,0.02,2.0
2025-01-14 04:45:40,4,5,2,0.04,2.0
2025-01-14 04:47:40,0,3,2,0.04,1.0
2025-01-14 04:50:30,3,0,1,0.02,1.0
2025-01-14 04:54:37,2,0,1,0.02,2.0
2025-01-14 04:56:23,0,4,2,0.04,2.0
2025-01-14 04:59:24,3,2,2,0.04,3.0
2025-01-14 05:03:52,3,4,3,0.06,3.0
2025-01-14 05:06:16,0,4,3,0.06,2.0
2025-01-14 05:08:19,4,0,2,0.04,2.0
2025-01-14 05:09:36,2,2,2,0.04,2.0
2025-01-14 05:13:16,1,2,2,0.04,3.0
2025-01-14 05:13:57,2,5,3,0.06,2.0
2025-01-14 05:17:02,1,0,2,0.04,4.0
2025-01-14 05:20:23,2,7,4,0.08,3.0
2025-01-14 05:23:49,1,0,3,0.06,2.0
2025-01-14 05:25:15,4,0,2,0.04,1.0
2025-01-14 05:29:07,1,0,1,0.02,1.0
2025-01-14 05:32:41,1,2,1,0.02,1.0
2025-01-14 05:35:11,2,2,1,0.02,2.0
2025-01-14 05:39:26,3,6,2,0.04,4.0
2025-01-14 05:43:17,4,7,4,0.08,4.0
2025-01-14 05:47:22,1,3,4,0.08,4.0
2025-01-14 05:48:34,2,3,4,0.08,3.0
2025-01-14 05:49:26,3,1,3,0.06,2.0
2025-01-14 05:52:30,4,0,2,0.04,4.0
2025-01-14 05:56:05,0,7,4,0.08,3.0
2025-01-14 06:00:43,3,1,3,0.06,3.0
2025-01-14 06:05:09,3,2,3,0.06,4.0
2025-01-14 06:07:52,1,7,4,0.08,3.0
2025-01-14 06:08:43,1,1,3,0.06,2.0
2025-01-14 06:10:40,3,1,2,0.04,1.0
2025-01-14 06:13:42,2,0,1,0.02,1.0
2025-01-14 06:16:16,4,2,1,0.02,2.0
2025-01-14 06:18:04,1,5,2,0.04,4.0
2025-01-14 06:19:24,1,7,4,0.08,3.0
2025-01-14 06:23:29,0,1,3,0.06,2.0
2025-01-14 06:26:54,4,1,2,0.04,3.0
2025-01-14 06:31:36,0,4,3,0.06,4.0
2025-01-14 06:36:11,1,5,4,0.08,5.0
2025-01-14 06:40:27,3,6,5,0.1,4.0
2025-01-14 06:42:42,2,3,4,0.08,3.0
2025-01-14 06:46:24,3,0,3,0.06,3.0
2025-01-14 06:47:29,4,2,3,0.06,3.0
2025-01-14 06:51:22,1,2,3,0.06,2.0
2025-01-14 06:56:18,4,1,2,0.04,1.0
2025-01-14 07:01:15,1,0,1,0.02,3.0
2025-01-14 07:04:34,1,7,3,0.06,3.0
2025-01-14 07:05:42,2,2,3,0.06,3.0
2025-01-14 07:08:30,3,2,3,0.06,4.0
2025-01-14 07:09:51,4,6,4,0.08,3.0
2025-01-14 07:12:41,2,0,3,0.06,2.0
2025-01-14 07:15:36,2,0,2,0.04,2.0
2025-01-14 07:19:09,0,1,2,0.04,2.0
2025-01-14 07:22:10,2,3,2,0.04,3.0
2025-01-14 07:26:00,4,5,3,0.06,2.0
2025-01-14 07:28:37,2,1,2,0.04,3.0
2025-01-14 07:33:19,0,6,3,0.06,4.0
2025-01-14 07:38:14,2,7,4,0.08,3.0
2025-01-14 07:41:51,4,1,3,0.06,3.0
2025-01-14 07:46:10,4,4,3,0.06,4.0
2025-01-14 07:51:10,1,5,4,0.08,4.0
2025-01-14 07:55:58,2,5,4,0.08,3.0
2025-01-14 07:59:45,1,1,3,0.06,6.0
2025-01-14 08:01:10,2,12,6,0.12,9.0
2025-01-14 08:05:02,4,17,9,0.18,10.0
2025-01-14 08:10:02,0,13,10,0.2,11.0
2025-01-14 08:12:20,0,13,11,0.22,10.0
2025-01-14 08:14:45,0,8,10,0.2,10.0
2025-01-14 08:16:46,1,9,10,0.2,12.0
2025-01-14 08:19:33,0,18,12,0.24,10.0
2025-01-14 08:20:59,2,6,10,0.2,12.0
2025-01-14 08:22:18,1,16,12,0.24,14.0
2025-01-14 08:23:58,0,18,14,0.28,12.0
2025-01-14 08:25:49,4,7,12,0.24,13.0
2025-01-14 08:28:03,0,15,13,0.26,13.0
2025-01-14 08:30:00,2,13,13,0.26,12.0
2025-01-14 08:30:31,2,8,12,0.24,13.0
2025-01-14 08:32:24,1,17,13,0.26,13.0
2025-01-14 08:33:36,0,13,13,0.26,11.0
2025-01-14 08:36:39,2,7,11,0.22,13.0
2025-01-14 08:38:42,1,19,13,0.26,13.0
2025-01-14 08:41:24,4,13,13,0.26,12.0
2025-01-14 08:42:58,1,11,12,0.24,13.0
2025-01-14 08:47:44,3,17,13,0.26,12.0
2025-01-14 08:51:46,0,8,12,0.24,14.0
2025-01-14 08:54:43,0,18,14,0.28,12.0
2025-01-14 08:56:13,4,6,12,0.24,13.0
2025-01-14 08:59:11,2,17,13,0.26,11.0
2025-01-14 09:01:08,3,7,11,0.22,12.0
2025-01-14 09:02:59,3,16,12,0.24,12.0
2025-01-14 09:05:37,4,12,12,0.24,10.0
2025-01-14 09:10:36,4,6,10,0.2,13.0
2025-01-14 09:14:28,1,19,13,0.26,12.0
2025-01-14 09:15:21,0,10,12,0.24,13.0
2025-01-14 09:19:18,2,17,13,0.26,12.0
2025-01-14 09:23:12,1,11,12,0.24,13.0
2025-01-14 09:26:13,2,17,13,0.26,11.0
2025-01-14 09:27:08,4,6,11,0.22,11.0
2025-01-14 09:30:51,3,12,11,0.22,12.0
2025-01-14 09:35:18,2,16,12,0.24,11.0
2025-01-14 09:37:02,3,10,11,0.22,13.0
2025-01-14 09:40:14,0,17,13,0.26,14.0
2025-01-14 09:41:12,4,17,14,0.28,12.0
2025-01-14 09:44:26,0,9,12,0.24,13.0
2025-01-14 09:48:01,3,16,13,0.26,14.0
2025-01-14 09:49:24,3,18,14,0.28,12.0
2025-01-14 09:50:35,0,7,12,0.24,11.0
2025-01-14 09:53:22,1,8,11,0.22,11.0
2025-01-14 09:56:58,3,10,11,0.22,12.0
2025-01-14 10:00:51,3,14,12,0.24,12.0
2025-01-14 10:02:02,3,13,12,0.24,11.0
2025-01-14 10:02:57,3,9,11,0.22,10.0
2025-01-14 10:04:22,1,6,10,0.2,10.0
2025-01-14 10:09:04,1,10,10,0.2,9.0
2025-01-14 10:11:35,4,6,9,0.18,10.0
2025-01-14 10:13:50,2,11,10,0.2,9.0
2025-01-14 10:16:29,0,7,9,0.18,10.0
2025-01-14 10:19:36,0,14,10,0.2,10.0
2025-01-14 10:23:56,3,10,10,0.2,9.0
2025-01-14 10:25:56,4,8,9,0.18,9.0
2025-01-14 10:26:47,1,10,9,0.18,11.0
2025-01-14 10:29:06,0,16,11,0.22,13.0
2025-01-14 10:30:24,2,18,13,0.26,11.0
2025-01-14 10:33:02,3,7,11,0.22,10.0
2025-01-14 10:34:44,0,8,10,0.2,10.0
2025-01-14 10:36:06,3,10,10,0.2,12.0
2025-01-14 10:39:23,0,15,12,0.24,11.0
2025-01-14 10:40:37,1,9,11,0.22,10.0
2025-01-14 10:42:51,4,6,10,0.2,9.0
2025-01-14 10:45:50,3,7,9,0.18,10.0
2025-01-14 10:48:45,2,14,10,0.2,11.0
2025-01-14 10:52:38,3,14,11,0.22,10.0
2025-01-14 10:55:54,2,9,10,0.2,11.0
2025-01-14 10:59:44,3,12,11,0.22,11.0
2025-01-14 11:02:27,0,12,11,0.22,11.0
2025-01-14 11:06:27,1,11,11,0.22,11.0
2025-01-14 11:07:44,0,11,11,0.22,10.0
2025-01-14 11:10:19,2,9,10,0.2,12.0
2025-01-14 11:14:47,4,16,12,0.24,11.0
2025-01-14 11:15:23,2,8,11,0.22,13.0
2025-01-14 11:16:29,1,17,13,0.26,11.0
2025-01-14 11:20:29,3,7,11,0.22,10.0
2025-01-14 11:23:43,0,8,10,0.2,13.0
2025-01-14 11:26:17,1,19,13,0.26,14.0
2025-01-14 11:29:58,0,17,14,0.28,12.0
2025-01-14 11:34:05,3,8,12,0.24,13.0
2025-01-14 11:38:08,0,15,13,0.26,11.0
2025-01-14 11:39:39,1,6,11,0.22,12.0
2025-01-14 11:42:49,1,14,12,0.24,14.0
2025-01-14 11:44:24,3,19,14,0.28,15.0
2025-01-14 11:48:52,2,18,15,0.3,16.0
2025-01-14 11:49:41,2,17,16,0.32,16.0
2025-01-14 11:53:18,1,16,16,0.32,14.0
2025-01-14 11:55:09,2,10,14,0.28,15.0
2025-01-14 11:59:00,3,16,15,0.3,12.0
2025-01-14 12:01:41,4,4,12,0.24,10.0
2025-01-14 12:02:47,2,7,10,0.2,8.0
2025-01-14 12:05:28,3,4,8,0.16,6.0
2025-01-14 12:07:14,2,1,6,0.12,4.0
2025-01-14 12:09:12,2,0,4,0.08,3.0
2025-01-14 12:13:54,1,2,3,0.06,4.0
2025-01-14 12:17:37,0,5,4,0.08,5.0
2025-01-14 12:21:02,0,7,5,0.1,4.0
2025-01-14 12:22:04,1,0,4,0.08,4.0
2025-01-14 12:23:31,0,4,4,0.08,5.0
2025-01-14 12:27:21,4,7,5,0.1,4.0
2025-01-14 12:28:18,1,3,4,0.08,4.0
2025-01-14 12:29:22,0,4,4,0.08,5.0
2025-01-14 12:31:56,0,6,5,0.1,5.0
2025-01-14 12:33:07,4,6,5,0.1,5.0
2025-01-14 12:35:01,4,5,5,0.1,4.0
2025-01-14 12:38:38,1,3,4,0.08,4.0
2025-01-14 12:40:58,2,5,4,0.08,4.0
2025-01-14 12:45:58,3,5,4,0.08,4.0
2025-01-14 12:48:12,3,5,4,0.08,4.0
2025-01-14 12:49:22,3,5,4,0.08,5.0
2025-01-14 12:53:26,0,6,5,0.1,5.0
2025-01-14 12:55:06,1,4,5,0.1,4.0
2025-01-14 12:56:31,3,0,4,0.08,3.0
2025-01-14 13:00:56,0,1,3,0.06,4.0
2025-01-14 13:03:10,2,7,4,0.08,4.0
2025-01-14 13:06:21,3,5,4,0.08,3.0
2025-01-14 13:10:01,0,0,3,0.06,3.0
2025-01-14 13:10:39,2,3,3,0.06,4.0
2025-01-14 13:12:08,4,5,4,0.08,3.0
2025-01-14 13:16:22,3,2,3,0.06,3.0
2025-01-14 13:19:59,0,4,3,0.06,4.0
2025-01-14 13:21:38,2,6,4,0.08,5.0
2025-01-14 13:24:56,2,6,5,0.1,5.0
2025-01-14 13:26:27,4,6,5,0.1,4.0
2025-01-14 13:27:10,2,0,4,0.08,4.0
2025-01-14 13:30:23,2,4,4,0.08,5.0
2025-01-14 13:34:57,0,6,5,0.1,5.0
2025-01-14 13:35:34,0,6,5,0.1,4.0
2025-01-14 13:38:37,4,1,4,0.08,4.0
2025-01-14 13:39:42,3,5,4,0.08,3.0
2025-01-14 13:40:59,0,2,3,0.06,3.0
2025-01-14 13:42:53,2,2,3,0.06,3.0
2025-01-14 13:43:50,0,3,3,0.06,2.0
2025-01-14 13:47:35,4,1,2,0.04,2.0
2025-01-14 13:51:32,3,2,2,0.04,2.0
2025-01-14 13:55:25,4,3,2,0.04,3.0
2025-01-14 13:57:38,0,4,3,0.06,3.0
2025-01-14 14:01:57,2,2,3,0.06,3.0
2025-01-14 14:04:07,1,4,3,0.06,3.0
2025-01-14 14:05:05,3,2,3,0.06,4.0
2025-01-14 14:07:41,4,5,4,0.08,3.0
2025-01-14 14:08:20,0,2,3,0.06,3.0
2025-01-14 14:10:35,3,4,3,0.06,2.0
2025-01-14 14:13:51,4,0,2,0.04,3.0
2025-01-14 14:18:37,2,4,3,0.06,2.0
2025-01-14 14:20:11,4,0,2,0.04,3.0
2025-01-14 14:25:11,3,5,3,0.06,2.0
2025-01-14 14:28:48,2,0,2,0.04,2.0
2025-01-14 14:31:35,4,1,2,0.04,2.0
2025-01-14 14:33:49,4,1,2,0.04,4.0
2025-01-14 14:34:52,2,7,4,0.08,5.0
2025-01-14 14:37:11,2,7,5,0.1,6.0
2025-01-14 14:38:13,2,7,6,0.12,5.0
2025-01-14 14:42:33,0,2,5,0.1,6.0
2025-01-14 14:47:28,0,7,6,0.12,5.0
2025-01-14 14:50:59,0,4,5,0.1,5.0
2025-01-14 14:52:33,0,4,5,0.1,4.0
2025-01-14 14:53:03,0,0,4,0.08,5.0
2025-01-14 14:55:45,3,6,5,0.1,5.0
2025-01-14 14:57:34,2,6,5,0.1,5.0
2025-01-14 15:02:34,3,6,5,0.1,4.0
2025-01-14 15:07:04,0,0,4,0.08,4.0
2025-01-14 15:08:01,4,3,4,0.08,3.0
2025-01-14 15:12:13,4,2,3,0.06,4.0
2025-01-14 15:13:05,2,7,4,0.08,3.0
2025-01-14 15:15:23,2,1,3,0.06,4.0
2025-01-14 15:17:39,4,6,4,0.08,3.0
2025-01-14 15:20:33,1,2,3,0.06,2.0
2025-01-14 15:23:21,0,1,2,0.04,3.0
2025-01-14 15:25:29,1,6,3,0.06,3.0
2025-01-14 15:28:01,4,3,3,0.06,3.0
2025-01-14 15:29:51,3,3,3,0.06,3.0
2025-01-14 15:30:30,3,4,3,0.06,4.0
2025-01-14 15:31:07,3,7,4,0.08,5.0
2025-01-14 15:35:01,3,6,5,0.1,4.0
2025-01-14 15:38:47,4,1,4,0.08,4.0
2025-01-14 15:42:34,4,4,4,0.08,4.0
2025-01-14 15:43:33,1,3,4,0.08,4.0
2025-01-14 15:44:22,2,4,4,0.08,4.0
2025-01-14 15:45:39,0,4,4,0.08,3.0
2025-01-14 15:48:18,4,2,3,0.06,3.0
2025-01-14 15:50:59,4,3,3,0.06,2.0
2025-01-14 15:52:22,1,1,2,0.04,3.0
2025-01-14 15:57:16,3,4,3,0.06,3.0
2025-01-14 16:01:20,3,3,3,0.06,3.0
2025-01-14 16:02:32,4,4,3,0.06,2.0
2025-01-14 16:04:15,1,0,2,0.04,3.0
2025-01-14 16:08:46,2,6,3,0.06,3.0
2025-01-14 16:11:25,1,2,3,0.06,4.0
2025-01-14 16:15:08,0,5,4,0.08,3.0
2025-01-14 16:16:09,0,1,3,0.06,4.0
2025-01-14 16:18:24,0,5,4,0.08,4.0
2025-01-14 16:22:17,1,3,4,0.08,3.0
2025-01-14 16:22:47,4,2,3,0.06,4.0
2025-01-14 16:27:21,4,5,4,0.08,3.0
2025-01-14 16:29:02,4,1,3,0.06,2.0
2025-01-14 16:29:46,4,0,2,0.04,1.0
2025-01-14 16:31:08,0,0,1,0.02,1.0
2025-01-14 16:31:45,4,2,1,0.02,2.0
2025-01-14 16:33:00,2,6,2,0.04,3.0
2025-01-14 16:35:23,4,6,3,0.06,4.0
2025-01-14 16:38:19,0,6,4,0.08,5.0
2025-01-14 16:41:34,4,6,5,0.1,5.0
2025-01-14 16:44:22,2,5,5,0.1,6.0
2025-01-14 16:46:48,3,7,6,0.12,6.0
2025-01-14 16:50:15,2,5,6,0.12,6.0
2025-01-14 16:53:18,3,6,6,0.12,4.0
2025-01-14 16:57:08,2,1,4,0.08,4.0
2025-01-14 16:59:32,4,5,4,0.08,6.0
2025-01-14 17:02:40,4,9,6,0.12,9.0
2025-01-14 17:03:51,2,17,9,0.18,9.0
2025-01-14 17:08:27,4,8,9,0.18,11.0
2025-01-14 17:10:04,4,16,11,0.22,12.0
2025-01-14 17:13:49,3,14,12,0.24,11.0
2025-01-14 17:15:48,3,10,11,0.22,12.0
2025-01-14 17:18:08,3,14,12,0.24,14.0
2025-01-14 17:21:02,2,18,14,0.28,13.0
2025-01-14 17:24:30,3,12,13,0.26,12.0
2025-01-14 17:29:00,0,9,12,0.24,13.0
2025-01-14 17:32:02,2,15,13,0.26,14.0
2025-01-14 17:34:15,0,18,14,0.28,15.0
2025-01-14 17:35:59,4,18,15,0.3,13.0
2025-01-14 17:38:36,0,9,13,0.26,13.0
2025-01-14 17:42:24,2,14,13,0.26,11.0
2025-01-14 17:45:27,4,7,11,0.22,11.0
2025-01-14 17:46:52,2,12,11,0.22,11.0
2025-01-14 17:47:40,2,11,11,0.22,13.0
2025-01-14 17:50:48,3,18,13,0.26,14.0
2025-01-14 17:51:43,4,17,14,0.28,16.0
2025-01-14 17:55:01,0,19,16,0.32,16.0
2025-01-14 17:55:53,3,15,16,0.32,16.0
2025-01-14 17:57:09,2,15,16,0.32,15.0
2025-01-14 17:57:51,2,12,15,0.3,14.0
2025-01-14 18:01:57,4,10,14,0.28,13.0
2025-01-14 18:05:40,3,10,13,0.26,11.0
2025-01-14 18:08:33,2,7,11,0.22,10.0
2025-01-14 18:10:15,3,7,10,0.2,12.0
2025-01-14 18:13:20,1,15,12,0.24,12.0
2025-01-14 18:15:06,4,11,12,0.24,14.0
2025-01-14 18:18:24,1,19,14,0.28,14.0
2025-01-14 18:20:18,1,15,14,0.28,13.0
2025-01-14 18:23:49,0,11,13,0.26,15.0
2025-01-14 18:26:10,2,19,15,0.3,15.0
2025-01-14 18:30:29,1,16,15,0.3,16.0
2025-01-14 18:32:34,4,19,16,0.32,15.0
2025-01-14 18:35:51,4,13,15,0.3,16.0
2025-01-14 18:38:56,2,18,16,0.32,16.0
2025-01-14 18:41:10,1,17,16,0.32,16.0
2025-01-14 18:44:52,4,16,16,0.32,14.0
2025-01-14 18:47:33,2,8,14,0.28,15.0
2025-01-14 18:50:20,4,16,15,0.3,16.0
2025-01-14 18:55:19,0,17,16,0.32,13.0
2025-01-14 18:56:26,1,7,13,0.26,12.0
2025-01-14 18:57:40,3,8,12,0.24,14.0
2025-01-14 19:00:52,0,18,14,0.28,12.0
2025-01-14 19:05:34,2,6,12,0.24,11.0
2025-01-14 19:08:52,4,8,11,0.22,13.0
2025-01-14 19:09:41,4,18,13,0.26,12.0
2025-01-14 19:14:09,3,8,12,0.24,13.0
2025-01-14 19:19:08,2,16,13,0.26,13.0
2025-01-14 19:20:08,4,14,13,0.26,11.0
2025-01-14 19:22:21,4,7,11,0.22,13.0
2025-01-14 19:25:40,3,19,13,0.26,14.0
2025-01-14 19:29:15,4,17,14,0.28,13.0
2025-01-14 19:31:52,2,10,13,0.26,14.0
2025-01-14 19:35:51,2,15,14,0.28,12.0
2025-01-14 19:40:33,0,6,12,0.24,12.0
2025-01-14 19:41:21,3,13,12,0.24,13.0
2025-01-14 19:45:10,1,17,13,0.26,12.0
2025-01-14 19:49:19,0,9,12,0.24,13.0
2025-01-14 19:52:04,0,15,13,0.26,12.0
2025-01-14 19:56:16,4,10,12,0.24,13.0
2025-01-14 19:56:48,2,15,13,0.26,15.0
2025-01-14 20:01:13,3,19,15,0.3,15.0
2025-01-14 20:05:30,3,15,15,0.3,15.0
2025-01-14 20:08:21,2,14,15,0.3,16.0
2025-01-14 20:08:59,4,17,16,0.32,15.0
2025-01-14 20:12:38,4,12,15,0.3,12.0
2025-01-14 20:15:52,1,6,12,0.24,11.0
2025-01-14 20:18:40,0,9,11,0.22,11.0
2025-01-14 20:20:02,4,10,11,0.22,13.0
2025-01-14 20:23:26,2,18,13,0.26,12.0
2025-01-14 20:25:45,4,8,12,0.24,12.0
2025-01-14 20:29:37,1,11,12,0.24,13.0
2025-01-14 20:32:22,3,16,13,0.26,12.0
2025-01-14 20:32:55,3,8,12,0.24,11.0
2025-01-14 20:35:59,4,8,11,0.22,13.0
2025-01-14 20:39:20,1,17,13,0.26,14.0
2025-01-14 20:40:36,2,16,14,0.28,15.0
2025-01-14 20:42:39,3,18,15,0.3,14.0
2025-01-14 20:43:56,4,11,14,0.28,13.0
2025-01-14 20:48:25,3,12,13,0.26,12.0
2025-01-14 20:52:27,2,8,12,0.24,13.0
2025-01-14 20:55:15,2,16,13,0.26,13.0
2025-01-14 20:59:09,2,14,13,0.26,14.0
2025-01-14 21:00:51,3,16,14,0.28,12.0
2025-01-14 21:01:24,2,8,12,0.24,12.0
2025-01-14 21:03:09,3,13,12,0.24,12.0
2025-01-14 21:04:55,2,12,12,0.24,12.0
2025-01-14 21:09:40,2,13,12,0.24,11.0
2025-01-14 21:11:51,0,10,11,0.22,13.0
2025-01-14 21:14:06,4,17,13,0.26,12.0
2025-01-14 21:15:14,1,11,12,0.24,10.0
2025-01-14 21:17:11,0,7,10,0.2,12.0
2025-01-14 21:21:11,0,15,12,0.24,10.0
2025-01-14 21:22:57,1,7,10,0.2,12.0
2025-01-14 21:24:43,1,18,12,0.24,12.0
2025-01-14 21:25:40,0,12,12,0.24,13.0
2025-01-14 21:30:14,2,16,13,0.26,12.0
2025-01-14 21:31:49,0,8,12,0.24,12.0
2025-01-14 21:36:44,0,13,12,0.24,13.0
2025-01-14 21:40:38,1,16,13,0.26,14.0
2025-01-14 21:42:05,3,16,14,0.28,13.0
2025-01-14 21:45:55,0,12,13,0.26,14.0
2025-01-14 21:50:09,3,17,14,0.28,14.0
2025-01-14 21:53:00,2,14,14,0.28,16.0
2025-01-14 21:54:53,4,19,16,0.32,15.0
2025-01-14 21:57:45,3,13,15,0.3,13.0
2025-01-14 21:58:47,4,8,13,0.26,11.0
2025-01-14 22:01:48,3,6,11,0.22,8.0
2025-01-14 22:04:55,3,2,8,0.16,8.0
2025-01-14 22:07:45,2,7,8,0.16,8.0
2025-01-14 22:12:25,1,7,8,0.16,6.0
2025-01-14 22:14:46,0,1,6,0.12,5.0
2025-01-14 22:17:39,3,4,5,0.1,4.0
2025-01-14 22:21:37,2,3,4,0.08,4.0
2025-01-14 22:25:50,3,4,4,0.08,4.0
2025-01-14 22:27:02,4,4,4,0.08,3.0
2025-01-14 22:31:55,3,1,3,0.06,3.0
2025-01-14 22:36:28,0,3,3,0.06,3.0
2025-01-14 22:37:00,2,4,3,0.06,4.0
2025-01-14 22:39:34,1,7,4,0.08,5.0
2025-01-14 22:44:31,0,6,5,0.1,4.0
2025-01-14 22:46:24,2,1,4,0.08,3.0
2025-01-14 22:47:09,1,0,3,0.06,3.0
2025-01-14 22:48:37,0,2,3,0.06,3.0
2025-01-14 22:52:03,0,2,3,0.06,3.0
2025-01-14 22:53:35,3,3,3,0.06,2.0
2025-01-14 22:54:53,4,1,2,0.04,3.0
2025-01-14 22:59:28,4,5,3,0.06,4.0
2025-01-14 23:00:12,2,6,4,0.08,3.0
2025-01-14 23:04:56,3,0,3,0.06,3.0
2025-01-14 23:06:57,3,4,3,0.06,4.0
2025-01-14 23:10:52,2,6,4,0.08,5.0
2025-01-14 23:12:55,2,7,5,0.1,4.0
2025-01-14 23:17:09,4,0,4,0.08,5.0
2025-01-14 23:20:57,2,6,5,0.1,4.0
2025-01-14 23:25:57,3,2,4,0.08,3.0
2025-01-14 23:30:20,4,1,3,0.06,2.0
2025-01-14 23:31:35,0,0,2,0.04,2.0
2025-01-14 23:33:08,0,3,2,0.04,3.0
2025-01-14 23:37:27,2,5,3,0.06,4.0
2025-01-14 23:42:05,4,5,4,0.08,4.0
2025-01-14 23:46:40,0,5,4,0.08,4.0
2025-01-14 23:48:24,0,4,4,0.08,5.0
2025-01-14 23:51:30,1,7,5,0.1,4.0
2025-01-14 23:55:42,4,1,4,0.08,5.0
2025-01-14 23:59:21,1,6,5,0.1,4.0
2025-01-15 00:00:42,2,1,4,0.08,3.0
2025-01-15 00:02:39,1,0,3,0.06,3.0
2025-01-15 00:04:14,2,4,3,0.06,4.0
2025-01-15 00:07:13,1,6,4,0.08,4.0
2025-01-15 00:08:02,4,5,4,0.08,3.0
2025-01-15 00:09:04,1,0,3,0.06,3.0
2025-01-15 00:10:19,4,4,3,0.06,3.0
2025-01-15 00:12:01,4,3,3,0.06,4.0
2025-01-15 00:14:43,3,5,4,0.08,3.0
2025-01-15 00:16:07,0,0,3,0.06,4.0
2025-01-15 00:17:37,2,6,4,0.08,4.0
2025-01-15 00:18:14,3,5,4,0.08,5.0
2025-01-15 00:22:49,4,7,5,0.1,4.0
2025-01-15 00:26:14,2,2,4,0.08,5.0
2025-01-15 00:28:39,0,7,5,0.1,5.0
2025-01-15 00:33:39,3,4,5,0.1,5.0
2025-01-15 00:37:21,0,6,5,0.1,4.0
2025-01-15 00:40:20,1,2,4,0.08,5.0
2025-01-15 00:43:00,2,6,5,0.1,6.0
2025-01-15 00:45:11,1,7,6,0.12,6.0
2025-01-15 00:50:10,0,5,6,0.12,6.0
2025-01-15 00:54:09,3,5,6,0.12,5.0
2025-01-15 00:55:45,1,4,5,0.1,5.0
2025-01-15 00:56:24,4,6,5,0.1,5.0
2025-01-15 00:57:42,0,5,5,0.1,4.0
2025-01-15 01:00:02,0,0,4,0.08,4.0
2025-01-15 01:04:10,1,3,4,0.08,4.0
2025-01-15 01:05:36,2,4,4,0.08,5.0
2025-01-15 01:07:58,0,6,5,0.1,5.0
2025-01-15 01:10:40,4,4,5,0.1,4.0
2025-01-15 01:12:20,1,3,4,0.08,4.0
2025-01-15 01:14:12,3,3,4,0.08,5.0
2025-01-15 01:15:38,4,7,5,0.1,4.0
2025-01-15 01:20:38,1,1,4,0.08,5.0
2025-01-15 01:22:58,1,7,5,0.1,5.0
2025-01-15 01:24:43,0,6,5,0.1,4.0
2025-01-15 01:27:50,4,1,4,0.08,5.0
2025-01-15 01:28:39,0,6,5,0.1,4.0
2025-01-15 01:31:19,3,2,4,0.08,3.0
2025-01-15 01:33:50,2,1,3,0.06,2.0
2025-01-15 01:35:00,3,1,2,0.04,3.0
2025-01-15 01:38:16,4,4,3,0.06,3.0
2025-01-15 01:40:55,2,3,3,0.06,4.0
2025-01-15 01:41:47,0,7,4,0.08,4.0
2025-01-15 01:46:27,0,5,4,0.08,3.0
2025-01-15 01:47:05,3,1,3,0.06,3.0
2025-01-15 01:47:47,0,3,3,0.06,3.0
2025-01-15 01:49:08,3,2,3,0.06,4.0
2025-01-15 01:53:06,4,7,4,0.08,4.0
2025-01-15 01:54:13,3,4,4,0.08,4.0
2025-01-15 01:56:22,2,5,4,0.08,4.0
2025-01-15 02:00:04,2,4,4,0.08,3.0
2025-01-15 02:03:44,1,0,3,0.06,4.0
2025-01-15 02:05:04,0,5,4,0.08,3.0
2025-01-15 02:07:54,4,1,3,0.06,2.0
2025-01-15 02:11:11,1,1,2,0.04,2.0
2025-01-15 02:13:29,1,3,2,0.04,2.0
2025-01-15 02:17:25,1,3,2,0.04,2.0
2025-01-15 02:19:44,4,3,2,0.04,3.0
2025-01-15 02:23:29,1,4,3,0.06,4.0
2025-01-15 02:26:30,2,6,4,0.08,5.0
2025-01-15 02:31:02,4,6,5,0.1,4.0
2025-01-15 02:33:39,0,0,4,0.08,4.0
2025-01-15 02:35:53,2,3,4,0.08,5.0
2025-01-15 02:36:32,3,7,5,0.1,4.0
2025-01-15 02:39:29,4,1,4,0.08,3.0
2025-01-15 02:42:18,3,2,3,0.06,3.0
2025-01-15 02:45:57,0,3,3,0.06,2.0
2025-01-15 02:48:00,3,1,2,0.04,4.0
2025-01-15 02:52:18,0,7,4,0.08,3.0
2025-01-15 02:53:50,3,2,3,0.06,4.0
2025-01-15 02:54:44,0,5,4,0.08,4.0
2025-01-15 02:59:41,1,5,4,0.08,5.0
2025-01-15 03:00:21,4,7,5,0.1,5.0
2025-01-15 03:04:11,2,5,5,0.1,4.0
2025-01-15 03:06:46,0,3,4,0.08,4.0
2025-01-15 03:10:25,4,3,4,0.08,5.0
2025-01-15 03:12:23,3,7,5,0.1,4.0
2025-01-15 03:14:48,0,3,4,0.08,5.0
2025-01-15 03:18:14,4,7,5,0.1,4.0
2025-01-15 03:18:57,0,2,4,0.08,5.0
2025-01-15 03:23:43,4,6,5,0.1,5.0
2025-01-15 03:27:41,3,4,5,0.1,4.0
2025-01-15 03:29:55,1,1,4,0.08,5.0
2025-01-15 03:32:51,2,7,5,0.1,4.0
2025-01-15 03:33:29,1,3,4,0.08,3.0
2025-01-15 03:35:56,2,0,3,0.06,3.0
2025-01-15 03:37:59,0,3,3,0.06,2.0
2025-01-15 03:40:52,1,1,2,0.04,2.0
2025-01-15 03:41:35,1,1,2,0.04,3.0
2025-01-15 03:46:21,2,4,3,0.06,3.0
2025-01-15 03:49:56,1,2,3,0.06,3.0
2025-01-15 03:53:52,0,2,3,0.06,2.0
2025-01-15 03:57:13,2,0,2,0.04,2.0
2025-01-15 04:02:12,3,1,2,0.04,3.0
2025-01-15 04:06:22,1,5,3,0.06,3.0
2025-01-15 04:09:23,3,4,3,0.06,4.0
2025-01-15 04:11:43,4,5,4,0.08,3.0
2025-01-15 04:15:15,4,2,3,0.06,3.0
2025-01-15 04:16:56,4,2,3,0.06,3.0
2025-01-15 04:18:39,4,3,3,0.06,2.0
2025-01-15 04:22:43,2,1,2,0.04,1.0
2025-01-15 04:23:35,4,0,1,0.02,1.0
2025-01-15 04:25:12,0,2,1,0.02,1.0
2025-01-15 04:27:14,2,2,1,0.02,3.0
2025-01-15 04:28:46,0,7,3,0.06,2.0
2025-01-15 04:32:59,3,0,2,0.04,3.0
2025-01-15 04:37:13,4,5,3,0.06,3.0
2025-01-15 04:39:25,2,4,3,0.06,4.0
2025-01-15 04:43:29,1,6,4,0.08,5.0
2025-01-15 04:47:10,1,7,5,0.1,5.0
2025-01-15 04:50:19,2,5,5,0.1,4.0
2025-01-15 04:54:15,0,3,4,0.08,3.0
2025-01-15 04:59:13,4,2,3,0.06,2.0
2025-01-15 05:02:56,1,1,2,0.04,2.0
2025-01-15 05:05:57,3,1,2,0.04,3.0
2025-01-15 05:10:23,3,4,3,0.06,2.0
2025-01-15 05:12:20,2,0,2,0.04,2.0
2025-01-15 05:13:00,1,2,2,0.04,3.0
2025-01-15 05:16:36,1,6,3,0.06,2.0
2025-01-15 05:20:39,3,0,2,0.04,3.0
2025-01-15 05:21:23,4,5,3,0.06,2.0
2025-01-15 05:26:18,2,0,2,0.04,2.0
2025-01-15 05:28:00,3,2,2,0.04,3.0
2025-01-15 05:29:21,0,6,3,0.06,3.0
2025-01-15 05:31:58,0,4,3,0.06,2.0
2025-01-15 05:32:55,3,0,2,0.04,4.0
2025-01-15 05:34:29,4,7,4,0.08,4.0
2025-01-15 05:35:15,2,5,4,0.08,5.0
2025-01-15 05:38:02,1,7,5,0.1,5.0
2025-01-15 05:42:20,4,6,5,0.1,4.0
2025-01-15 05:47:03,3,2,4,0.08,5.0
2025-01-15 05:51:02,4,6,5,0.1,5.0
2025-01-15 05:55:22,2,4,5,0.1,4.0
2025-01-15 05:59:52,0,2,4,0.08,5.0
2025-01-15 06:01:31,0,7,5,0.1,5.0
2025-01-15 06:03:44,1,4,5,0.1,4.0
2025-01-15 06:07:37,2,3,4,0.08,3.0
2025-01-15 06:08:59,3,0,3,0.06,4.0
2025-01-15 06:10:22,4,6,4,0.08,3.0
2025-01-15 06:11:22,2,2,3,0.06,2.0
2025-01-15 06:14:06,1,0,2,0.04,3.0
2025-01-15 06:15:33,2,5,3,0.06,2.0
2025-01-15 06:17:47,3,1,2,0.04,3.0
2025-01-15 06:22:42,2,5,3,0.06,4.0
2025-01-15 06:23:21,2,5,4,0.08,3.0
2025-01-15 06:28:03,0,1,3,0.06,4.0
2025-01-15 06:31:08,4,6,4,0.08,4.0
2025-01-15 06:34:15,2,3,4,0.08,4.0
2025-01-15 06:35:21,0,5,4,0.08,3.0
2025-01-15 06:37:49,3,2,3,0.06,3.0
2025-01-15 06:39:25,2,4,3,0.06,4.0
2025-01-15 06:43:56,1,5,4,0.08,3.0
2025-01-15 06:47:58,4,0,3,0.06,3.0
2025-01-15 06:50:08,4,2,3,0.06,2.0
2025-01-15 06:51:33,2,1,2,0.04,4.0
2025-01-15 06:56:01,4,7,4,0.08,3.0
2025-01-15 07:00:21,2,2,3,0.06,3.0
2025-01-15 07:02:22,2,4,3,0.06,2.0
2025-01-15 07:04:40,4,1,2,0.04,3.0
2025-01-15 07:07:57,4,5,3,0.06,2.0
2025-01-15 07:12:04,1,1,2,0.04,2.0
2025-01-15 07:16:15,2,1,2,0.04,2.0
2025-01-15 07:19:25,3,2,2,0.04,3.0
2025-01-15 07:20:10,2,6,3,0.06,2.0
2025-01-15 07:21:36,3,1,2,0.04,3.0
2025-01-15 07:23:07,1,6,3,0.06,2.0
2025-01-15 07:27:38,4,0,2,0.04,1.0
2025-01-15 07:29:37,1,0,1,0.02,1.0
2025-01-15 07:31:18,4,2,1,0.02,1.0
2025-01-15 07:32:17,2,2,1,0.02,2.0
2025-01-15 07:34:12,4,6,2,0.04,3.0
2025-01-15 07:38:35,0,4,3,0.06,2.0
2025-01-15 07:42:59,2,1,2,0.04,4.0
2025-01-15 07:47:53,1,7,4,0.08,3.0
2025-01-15 07:52:51,3,1,3,0.06,2.0
2025-01-15 07:56:26,2,0,2,0.04,3.0
2025-01-15 07:59:06,4,5,3,0.06,5.0
2025-01-15 08:02:35,1,10,5,0.1,7.0
2025-01-15 08:05:47,0,13,7,0.14,7.0
2025-01-15 08:10:47,2,6,7,0.14,10.0
2025-01-15 08:12:52,1,16,10,0.2,9.0
2025-01-15 08:17:43,1,7,9,0.18,9.0
2025-01-15 08:19:35,0,9,9,0.18,11.0
2025-01-15 08:23:49,0,15,11,0.22,13.0
2025-01-15 08:28:01,4,19,13,0.26,12.0
2025-01-15 08:30:28,0,10,12,0.24,14.0
2025-01-15 08:34:09,4,19,14,0.28,15.0
2025-01-15 08:35:57,4,18,15,0.3,15.0
2025-01-15 08:37:44,2,16,15,0.3,12.0
2025-01-15 08:40:40,0,6,12,0.24,11.0
2025-01-15 08:42:56,2,9,11,0.22,10.0
2025-01-15 08:47:56,2,6,10,0.2,12.0
2025-01-15 08:52:29,0,17,12,0.24,13.0
2025-01-15 08:54:11,0,14,13,0.26,13.0
2025-01-15 08:55:06,1,14,13,0.26,15.0
2025-01-15 08:59:05,2,19,15,0.3,15.0
2025-01-15 09:01:06,2,16,15,0.3,13.0
2025-01-15 09:03:40,1,9,13,0.26,13.0
2025-01-15 09:05:22,2,12,13,0.26,12.0
2025-01-15 09:07:54,0,8,12,0.24,12.0
2025-01-15 09:11:27,0,12,12,0.24,12.0
2025-01-15 09:15:03,0,13,12,0.24,13.0
2025-01-15 09:18:50,0,16,13,0.26,14.0
2025-01-15 09:20:37,3,16,14,0.28,12.0
2025-01-15 09:24:12,4,9,12,0.24,12.0
2025-01-15 09:28:54,1,13,12,0.24,10.0
2025-01-15 09:29:36,0,6,10,0.2,12.0
2025-01-15 09:31:21,1,15,12,0.24,12.0
2025-01-15 09:32:41,4,12,12,0.24,10.0
2025-01-15 09:35:39,2,7,10,0.2,9.0
2025-01-15 09:39:47,1,6,9,0.18,11.0
2025-01-15 09:42:18,1,16,11,0.22,11.0
2025-01-15 09:46:18,2,11,11,0.22,13.0
2025-01-15 09:47:13,2,17,13,0.26,12.0
2025-01-15 09:50:35,2,10,12,0.24,10.0
2025-01-15 09:53:40,3,7,10,0.2,11.0
2025-01-15 09:58:07,3,13,11,0.22,12.0
2025-01-15 09:59:58,1,16,12,0.24,13.0
2025-01-15 10:01:35,2,17,13,0.26,14.0
2025-01-15 10:02:48,2,16,14,0.28,15.0
2025-01-15 10:04:18,0,17,15,0.3,15.0
2025-01-15 10:06:50,4,15,15,0.3,14.0
2025-01-15 10:10:35,1,10,14,0.28,14.0
2025-01-15 10:12:55,1,14,14,0.28,12.0
2025-01-15 10:17:42,1,8,12,0.24,10.0
2025-01-15 10:19:40,3,7,10,0.2,10.0
2025-01-15 10:23:27,4,10,10,0.2,9.0
2025-01-15 10:27:16,2,8,9,0.18,9.0
2025-01-15 10:29:24,2,9,9,0.18,12.0
2025-01-15 10:30:20,0,19,12,0.24,13.0
2025-01-15 10:32:18,3,17,13,0.26,14.0
2025-01-15 10:35:13,1,15,14,0.28,14.0
2025-01-15 10:38:44,3,14,14,0.28,12.0
2025-01-15 10:43:30,1,9,12,0.24,11.0
2025-01-15 10:47:08,4,10,11,0.22,11.0
2025-01-15 10:51:37,1,11,11,0.22,11.0
2025-01-15 10:55:22,2,11,11,0.22,13.0
2025-01-15 10:58:36,0,17,13,0.26,13.0
2025-01-15 11:03:36,4,12,13,0.26,15.0
2025-01-15 11:04:13,2,19,15,0.3,13.0
2025-01-15 11:05:20,2,9,13,0.26,13.0
2025-01-15 11:07:43,3,13,13,0.26,14.0
2025-01-15 11:09:08,1,17,14,0.28,14.0
2025-01-15 11:11:55,0,15,14,0.28,14.0
2025-01-15 11:14:06,2,14,14,0.28,14.0
2025-01-15 11:17:32,3,15,14,0.28,14.0
2025-01-15 11:20:50,3,15,14,0.28,12.0
2025-01-15 11:25:40,3,7,12,0.24,13.0
2025-01-15 11:29:52,1,16,13,0.26,12.0
2025-01-15 11:33:40,4,10,12,0.24,13.0
2025-01-15 11:37:40,2,17,13,0.26,14.0
2025-01-15 11:41:09,2,17,14,0.28,12.0
2025-01-15 11:45:48,1,6,12,0.24,13.0
2025-01-15 11:50:08,3,16,13,0.26,13.0
2025-01-15 11:51:00,0,12,13,0.26,14.0
2025-01-15 11:52:17,4,17,14,0.28,15.0
2025-01-15 11:54:35,1,18,15,0.3,16.0
2025-01-15 11:55:10,1,19,16,0.32,15.0
2025-01-15 11:56:17,0,12,15,0.3,14.0
2025-01-15 11:59:35,4,12,14,0.28,12.0
2025-01-15 12:03:27,2,7,12,0.24,10.0
2025-01-15 12:08:00,1,4,10,0.2,8.0
2025-01-15 12:09:16,0,3,8,0.16,7.0
2025-01-15 12:13:54,4,5,7,0.14,5.0
2025-01-15 12:15:42,2,2,5,0.1,4.0
2025-01-15 12:18:01,0,2,4,0.08,5.0
2025-01-15 12:18:43,2,7,5,0.1,4.0
2025-01-15 12:20:42,4,2,4,0.08,3.0
2025-01-15 12:24:52,3,0,3,0.06,4.0
2025-01-15 12:26:34,3,7,4,0.08,3.0
2025-01-15 12:30:57,1,2,3,0.06,2.0
2025-01-15 12:35:46,1,0,2,0.04,1.0
2025-01-15 12:38:08,0,0,1,0.02,2.0
2025-01-15 12:39:23,2,4,2,0.04,3.0
2025-01-15 12:40:35,1,4,3,0.06,2.0
2025-01-15 12:44:32,3,1,2,0.04,3.0
2025-01-15 12:46:44,4,5,3,0.06,4.0
2025-01-15 12:49:17,4,7,4,0.08,4.0
2025-01-15 12:49:56,4,5,4,0.08,4.0
2025-01-15 12:53:32,4,3,4,0.08,4.0
2025-01-15 12:54:32,4,4,4,0.08,4.0
2025-01-15 12:57:37,1,4,4,0.08,3.0
2025-01-15 12:59:06,1,2,3,0.06,3.0
2025-01-15 13:03:44,0,4,3,0.06,2.0
2025-01-15 13:08:43,3,0,2,0.04,2.0
2025-01-15 13:12:49,3,1,2,0.04,2.0
2025-01-15 13:13:20,0,3,2,0.04,2.0
2025-01-15 13:14:13,2,1,2,0.04,3.0
2025-01-15 13:18:08,1,6,3,0.06,4.0
2025-01-15 13:21:56,3,7,4,0.08,4.0
2025-01-15 13:24:19,3,4,4,0.08,3.0
2025-01-15 13:27:23,0,1,3,0.06,4.0
2025-01-15 13:30:37,1,6,4,0.08,3.0
2025-01-15 13:34:48,4,2,3,0.06,3.0
2025-01-15 13:36:48,3,4,3,0.06,2.0
2025-01-15 13:40:04,0,1,2,0.04,2.0
2025-01-15 13:44:00,3,2,2,0.04,2.0
2025-01-15 13:45:34,0,1,2,0.04,2.0
2025-01-15 13:46:07,0,1,2,0.04,4.0
2025-01-15 13:49:13,1,7,4,0.08,3.0
2025-01-15 13:53:51,3,1,3,0.06,2.0
2025-01-15 13:58:37,1,1,2,0.04,2.0
2025-01-15 14:03:01,3,3,2,0.04,3.0
2025-01-15 14:04:44,4,4,3,0.06,4.0
2025-01-15 14:08:20,3,5,4,0.08,5.0
2025-01-15 14:09:51,2,6,5,0.1,5.0
2025-01-15 14:13:04,0,5,5,0.1,6.0
2025-01-15 14:14:29,3,7,6,0.12,5.0
2025-01-15 14:16:49,1,4,5,0.1,4.0
2025-01-15 14:20:56,3,3,4,0.08,4.0
2025-01-15 14:25:25,4,4,4,0.08,3.0
2025-01-15 14:26:15,4,2,3,0.06,3.0
2025-01-15 14:29:05,4,4,3,0.06,4.0
2025-01-15 14:33:59,1,7,4,0.08,4.0
2025-01-15 14:36:47,3,3,4,0.08,4.0
2025-01-15 14:38:26,2,4,4,0.08,4.0
2025-01-15 14:40:53,2,4,4,0.08,4.0
2025-01-15 14:44:40,3,5,4,0.08,3.0
2025-01-15 14:48:34,2,2,3,0.06,2.0
2025-01-15 14:52:37,2,0,2,0.04,2.0
2025-01-15 14:54:02,1,2,2,0.04,2.0
2025-01-15 14:57:26,4,3,2,0.04,4.0
2025-01-15 15:00:03,0,7,4,0.08,3.0
2025-01-15 15:04:18,1,2,3,0.06,2.0
2025-01-15 15:05:51,4,1,2,0.04,3.0
2025-01-15 15:07:08,3,4,3,0.06,4.0
2025-01-15 15:10:59,2,6,4,0.08,3.0
2025-01-15 15:12:28,0,1,3,0.06,3.0
2025-01-15 15:17:14,2,3,3,0.06,4.0
2025-01-15 15:18:48,4,5,4,0.08,4.0
2025-01-15 15:23:16,2,5,4,0.08,4.0
2025-01-15 15:24:23,4,5,4,0.08,3.0
2025-01-15 15:25:17,0,2,3,0.06,4.0
2025-01-15 15:26:45,3,6,4,0.08,4.0
2025-01-15 15:29:52,4,5,4,0.08,3.0
2025-01-15 15:31:18,1,0,3,0.06,2.0
2025-01-15 15:32:35,0,0,2,0.04,1.0
2025-01-15 15:34:00,4,0,1,0.02,3.0
2025-01-15 15:35:34,1,7,3,0.06,3.0
2025-01-15 15:40:31,0,3,3,0.06,3.0
2025-01-15 15:42:09,4,4,3,0.06,3.0
2025-01-15 15:46:14,2,3,3,0.06,2.0
2025-01-15 15:48:12,1,1,2,0.04,3.0
2025-01-15 15:52:58,0,5,3,0.06,3.0
2025-01-15 15:56:07,1,2,3,0.06,4.0
2025-01-15 16:00:30,0,6,4,0.08,3.0
2025-01-15 16:03:10,4,2,3,0.06,2.0
2025-01-15 16:04:28,2,0,2,0.04,2.0
2025-01-15 16:07:24,1,3,2,0.04,3.0
2025-01-15 16:07:55,0,6,3,0.06,4.0
2025-01-15 16:10:49,4,5,4,0.08,4.0
2025-01-15 16:12:19,0,5,4,0.08,3.0
2025-01-15 16:13:37,1,1,3,0.06,3.0
2025-01-15 16:16:17,4,2,3,0.06,4.0
2025-01-15 16:17:29,2,6,4,0.08,4.0
2025-01-15 16:18:55,0,4,4,0.08,3.0
2025-01-15 16:20:14,2,0,3,0.06,4.0
2025-01-15 16:23:41,3,7,4,0.08,3.0
2025-01-15 16:24:56,2,1,3,0.06,4.0
2025-01-15 16:28:15,2,7,4,0.08,3.0
2025-01-15 16:33:15,1,0,3,0.06,4.0
2025-01-15 16:36:03,2,6,4,0.08,5.0
2025-01-15 16:40:39,0,7,5,0.1,4.0
2025-01-15 16:43:36,2,0,4,0.08,3.0
2025-01-15 16:47:55,0,2,3,0.06,4.0
2025-01-15 16:50:29,2,5,4,0.08,3.0
2025-01-15 16:54:10,0,1,3,0.06,2.0
2025-01-15 16:55:59,2,0,2,0.04,2.0
2025-01-15 16:58:02,2,2,2,0.04,5.0
2025-01-15 17:02:17,1,13,5,0.1,7.0
2025-01-15 17:03:51,0,13,7,0.14,8.0
2025-01-15 17:05:48,1,9,8,0.16,8.0
2025-01-15 17:07:45,0,7,8,0.16,9.0
2025-01-15 17:11:35,3,12,9,0.18,10.0
2025-01-15 17:15:38,1,14,10,0.2,12.0
2025-01-15 17:19:31,0,16,12,0.24,10.0
2025-01-15 17:21:29,2,6,10,0.2,12.0
2025-01-15 17:22:59,3,17,12,0.24,10.0
2025-01-15 17:27:59,2,6,10,0.2,13.0
2025-01-15 17:30:02,0,19,13,0.26,12.0
2025-01-15 17:30:58,1,8,12,0.24,12.0
2025-01-15 17:35:01,2,11,12,0.24,12.0
2025-01-15 17:36:44,0,12,12,0.24,11.0
2025-01-15 17:38:14,3,10,11,0.22,10.0
2025-01-15 17:41:49,2,6,10,0.2,13.0
2025-01-15 17:42:49,2,19,13,0.26,13.0
2025-01-15 17:46:57,3,13,13,0.26,11.0
2025-01-15 17:47:38,4,6,11,0.22,12.0
2025-01-15 17:48:39,4,15,12,0.24,10.0
2025-01-15 17:51:48,1,7,10,0.2,11.0
2025-01-15 17:56:14,1,14,11,0.22,10.0
2025-01-15 18:00:30,1,8,10,0.2,9.0
2025-01-15 18:04:00,3,7,9,0.18,11.0
2025-01-15 18:05:15,0,17,11,0.22,12.0
2025-01-15 18:07:04,2,14,12,0.24,13.0
2025-01-15 18:09:48,4,17,13,0.26,11.0
2025-01-15 18:14:37,0,6,11,0.22,10.0
2025-01-15 18:19:13,3,9,10,0.2,12.0
2025-01-15 18:22:21,3,16,12,0.24,13.0
2025-01-15 18:26:13,4,15,13,0.26,12.0
2025-01-15 18:28:34,1,11,12,0.24,12.0
2025-01-15 18:31:02,1,12,12,0.24,14.0
2025-01-15 18:31:48,1,19,14,0.28,14.0
2025-01-15 18:36:04,1,14,14,0.28,14.0
2025-01-15 18:38:30,0,13,14,0.28,12.0
2025-01-15 18:39:42,4,9,12,0.24,11.0
2025-01-15 18:42:06,1,10,11,0.22,11.0
2025-01-15 18:43:12,0,10,11,0.22,10.0
2025-01-15 18:45:34,1,9,10,0.2,9.0
2025-01-15 18:46:38,4,8,9,0.18,12.0
2025-01-15 18:49:19,1,18,12,0.24,12.0
2025-01-15 18:53:36,4,11,12,0.24,11.0
2025-01-15 18:56:32,2,10,11,0.22,11.0
2025-01-15 18:59:03,0,11,11,0.22,10.0
2025-01-15 19:00:53,1,7,10,0.2,12.0
2025-01-15 19:04:15,2,16,12,0.24,10.0
2025-01-15 19:07:18,3,6,10,0.2,9.0
2025-01-15 19:10:17,4,7,9,0.18,8.0
2025-01-15 19:11:44,1,6,8,0.16,9.0
2025-01-15 19:13:16,0,11,9,0.18,11.0
2025-01-15 19:16:21,1,17,11,0.22,11.0
2025-01-15 19:19:38,4,12,11,0.22,13.0
2025-01-15 19:22:53,1,19,13,0.26,13.0
2025-01-15 19:24:47,3,14,13,0.26,12.0
2025-01-15 19:27:33,0,11,12,0.24,13.0
2025-01-15 19:31:11,2,14,13,0.26,13.0
2025-01-15 19:31:42,3,14,13,0.26,14.0
2025-01-15 19:33:57,2,18,14,0.28,14.0
2025-01-15 19:35:38,1,14,14,0.28,15.0
2025-01-15 19:38:13,3,16,15,0.3,15.0
2025-01-15 19:41:32,3,15,15,0.3,13.0
2025-01-15 19:45:26,4,7,13,0.26,12.0
2025-01-15 19:49:10,1,9,12,0.24,12.0
2025-01-15 19:52:17,3,13,12,0.24,11.0
2025-01-15 19:55:07,3,8,11,0.22,11.0
2025-01-15 19:55:43,3,11,11,0.22,10.0
2025-01-15 19:57:06,3,7,10,0.2,12.0
2025-01-15 19:59:19,0,18,12,0.24,11.0
2025-01-15 20:00:49,1,8,11,0.22,11.0
2025-01-15 20:02:45,3,12,11,0.22,13.0
2025-01-15 20:07:32,3,17,13,0.26,13.0
2025-01-15 20:10:59,2,13,13,0.26,15.0
2025-01-15 20:15:30,0,19,15,0.3,14.0
2025-01-15 20:19:22,4,10,14,0.28,16.0
2025-01-15 20:20:22,1,19,16,0.32,15.0
2025-01-15 20:22:11,0,14,15,0.3,15.0
2025-01-15 20:22:51,3,16,15,0.3,12.0
2025-01-15 20:27:34,3,6,12,0.24,11.0
2025-01-15 20:30:59,1,8,11,0.22,13.0
2025-01-15 20:33:34,1,19,13,0.26,14.0
2025-01-15 20:34:50,3,17,14,0.28,13.0
2025-01-15 20:38:45,0,12,13,0.26,12.0
2025-01-15 20:41:01,1,8,12,0.24,12.0
2025-01-15 20:43:33,0,12,12,0.24,11.0
2025-01-15 20:46:16,0,10,11,0.22,13.0
2025-01-15 20:48:32,4,17,13,0.26,13.0
2025-01-15 20:49:51,0,13,13,0.26,15.0
2025-01-15 20:51:55,2,19,15,0.3,13.0
2025-01-15 20:56:52,4,7,13,0.26,14.0
2025-01-15 20:57:44,0,16,14,0.28,16.0
2025-01-15 20:59:07,3,19,16,0.32,15.0
2025-01-15 21:03:50,3,13,15,0.3,13.0
2025-01-15 21:08:14,3,8,13,0.26,11.0
2025-01-15 21:09:42,2,7,11,0.22,12.0
2025-01-15 21:12:55,2,13,12,0.24,13.0
2025-01-15 21:17:43,2,17,13,0.26,11.0
2025-01-15 21:21:48,4,6,11,0.22,11.0
2025-01-15 21:25:20,4,11,11,0.22,12.0
2025-01-15 21:26:46,3,13,12,0.24,13.0
2025-01-15 21:29:40,1,15,13,0.26,14.0
2025-01-15 21:31:39,3,17,14,0.28,15.0
2025-01-15 21:32:53,1,16,15,0.3,14.0
2025-01-15 21:37:39,4,13,14,0.28,15.0
2025-01-15 21:38:29,4,17,15,0.3,14.0
2025-01-15 21:39:19,4,11,14,0.28,14.0
2025-01-15 21:40:40,4,15,14,0.28,15.0
2025-01-15 21:44:00,2,16,15,0.3,15.0
2025-01-15 21:45:36,2,15,15,0.3,13.0
2025-01-15 21:47:58,1,9,13,0.26,15.0
2025-01-15 21:51:07,4,19,15,0.3,16.0
2025-01-15 21:56:02,1,17,16,0.32,12.0
2025-01-15 22:00:23,4,4,12,0.24,10.0
2025-01-15 22:02:00,4,4,10,0.2,8.0
2025-01-15 22:02:57,1,4,8,0.16,6.0
2025-01-15 22:05:22,4,2,6,0.12,6.0
2025-01-15 22:06:42,3,6,6,0.12,4.0
2025-01-15 22:10:12,0,1,4,0.08,3.0
2025-01-15 22:15:01,3,2,3,0.06,4.0
2025-01-15 22:16:49,4,6,4,0.08,3.0
2025-01-15 22:19:06,1,1,3,0.06,3.0
2025-01-15 22:20:49,3,4,3,0.06,2.0
2025-01-15 22:24:13,2,1,2,0.04,2.0
2025-01-15 22:27:46,4,3,2,0.04,4.0
2025-01-15 22:28:38,3,7,4,0.08,5.0
2025-01-15 22:31:16,3,7,5,0.1,5.0
2025-01-15 22:34:51,0,6,5,0.1,6.0
2025-01-15 22:36:19,4,7,6,0.12,5.0
2025-01-15 22:36:49,4,2,5,0.1,4.0
2025-01-15 22:39:29,4,0,4,0.08,4.0
2025-01-15 22:41:05,2,4,4,0.08,5.0
2025-01-15 22:43:03,0,7,5,0.1,5.0
2025-01-15 22:45:12,4,4,5,0.1,4.0
2025-01-15 22:48:50,4,1,4,0.08,3.0
2025-01-15 22:53:20,1,2,3,0.06,4.0
2025-01-15 22:58:19,0,5,4,0.08,4.0
2025-01-15 23:02:27,3,5,4,0.08,3.0
2025-01-15 23:05:52,0,2,3,0.06,2.0
2025-01-15 23:10:14,3,1,2,0.04,1.0
2025-01-15 23:13:14,2,0,1,0.02,1.0
2025-01-15 23:17:32,2,1,1,0.02,1.0
2025-01-15 23:20:52,1,2,1,0.02,2.0
2025-01-15 23:25:04,4,5,2,0.04,2.0
2025-01-15 23:29:06,1,2,2,0.04,2.0
2025-01-15 23:30:16,4,2,2,0.04,3.0
2025-01-15 23:32:47,1,6,3,0.06,4.0
2025-01-15 23:37:03,0,7,4,0.08,3.0
2025-01-15 23:39:00,0,0,3,0.06,3.0
2025-01-15 23:43:56,2,3,3,0.06,3.0
2025-01-15 23:44:54,1,2,3,0.06,3.0
2025-01-15 23:49:30,2,3,3,0.06,2.0
2025-01-15 23:54:03,4,1,2,0.04,2.0
2025-01-15 23:55:33,2,2,2,0.04,3.0
2025-01-15 23:58:29,4,4,3,0.06,3.0
2025-01-16 00:01:52,4,2,3,0.06,2.0
2025-01-16 00:04:43,2,1,2,0.04,2.0
2025-01-16 00:05:56,0,2,2,0.04,3.0
2025-01-16 00:08:49,2,5,3,0.06,4.0
2025-01-16 00:10:13,0,6,4,0.08,4.0
2025-01-16 00:13:23,4,4,4,0.08,3.0
2025-01-16 00:17:10,0,1,3,0.06,3.0
2025-01-16 00:20:18,0,2,3,0.06,3.0
2025-01-16 00:22:07,4,4,3,0.06,4.0
2025-01-16 00:23:07,1,6,4,0.08,5.0
2025-01-16 00:25:28,4,7,5,0.1,4.0
2025-01-16 00:26:43,2,0,4,0.08,3.0
2025-01-16 00:30:37,0,2,3,0.06,4.0
2025-01-16 00:31:58,1,7,4,0.08,3.0
2025-01-16 00:34:45,0,2,3,0.06,2.0
2025-01-16 00:36:28,4,0,2,0.04,3.0
2025-01-16 00:37:38,4,5,3,0.06,4.0
2025-01-16 00:39:24,1,5,4,0.08,3.0
2025-01-16 00:43:00,1,1,3,0.06,2.0
2025-01-16 00:44:21,0,0,2,0.04,4.0
2025-01-16 00:46:17,4,7,4,0.08,3.0
2025-01-16 00:48:35,1,2,3,0.06,4.0
2025-01-16 00:52:49,3,7,4,0.08,3.0
2025-01-16 00:57:26,4,1,3,0.06,4.0
2025-01-16 00:59:04,0,5,4,0.08,4.0
2025-01-16 01:01:33,4,4,4,0.08,4.0
2025-01-16 01:03:09,3,4,4,0.08,4.0
2025-01-16 01:04:39,1,3,4,0.08,5.0
2025-01-16 01:08:19,0,7,5,0.1,5.0
2025-01-16 01:11:57,2,4,5,0.1,5.0
2025-01-16 01:14:57,1,6,5,0.1,4.0
2025-01-16 01:17:02,4,1,4,0.08,3.0
2025-01-16 01:21:54,4,1,3,0.06,2.0
2025-01-16 01:24:00,0,1,2,0.04,3.0
2025-01-16 01:26:22,1,6,3,0.06,4.0
2025-01-16 01:28:56,1,6,4,0.08,5.0
2025-01-16 01:31:37,2,7,5,0.1,5.0
2025-01-16 01:34:07,0,6,5,0.1,5.0
2025-01-16 01:37:53,0,6,5,0.1,5.0
2025-01-16 01:40:24,0,6,5,0.1,5.0
2025-01-16 01:45:13,1,6,5,0.1,4.0
2025-01-16 01:46:21,1,3,4,0.08,4.0
2025-01-16 01:47:44,2,4,4,0.08,3.0
2025-01-16 01:50:54,4,0,3,0.06,4.0
2025-01-16 01:54:43,4,5,4,0.08,5.0
2025-01-16 01:55:28,3,7,5,0.1,5.0
2025-01-16 01:58:50,0,6,5,0.1,4.0
2025-01-16 02:03:27,0,1,4,0.08,5.0
2025-01-16 02:07:34,2,7,5,0.1,4.0
2025-01-16 02:09:30,4,0,4,0.08,4.0
2025-01-16 02:11:21,1,4,4,0.08,3.0
2025-01-16 02:12:52,1,1,3,0.06,4.0
2025-01-16 02:14:03,2,5,4,0.08,4.0
2025-01-16 02:14:44,0,5,4,0.08,4.0
2025-01-16 02:19:07,0,3,4,0.08,5.0
2025-01-16 02:21:47,1,7,5,0.1,6.0
2025-01-16 02:24:11,2,7,6,0.12,6.0
2025-01-16 02:28:18,0,7,6,0.12,6.0
2025-01-16 02:31:04,4,6,6,0.12,6.0
2025-01-16 02:33:19,0,6,6,0.12,5.0
2025-01-16 02:36:47,0,4,5,0.1,6.0
2025-01-16 02:37:32,0,7,6,0.12,6.0
2025-01-16 02:42:03,0,7,6,0.12,4.0
2025-01-16 02:46:18,4,1,4,0.08,5.0
2025-01-16 02:50:49,2,7,5,0.1,4.0
2025-01-16 02:53:39,4,3,4,0.08,3.0
2025-01-16 02:57:27,4,1,3,0.06,3.0
2025-01-16 02:59:48,4,2,3,0.06,4.0
2025-01-16 03:02:24,1,6,4,0.08,4.0
2025-01-16 03:03:14,1,5,4,0.08,4.0
2025-01-16 03:06:10,3,5,4,0.08,3.0
2025-01-16 03:08:08,3,2,3,0.06,4.0
2025-01-16 03:12:00,0,6,4,0.08,5.0
2025-01-16 03:13:54,1,6,5,0.1,4.0
2025-01-16 03:17:10,1,3,4,0.08,4.0
2025-01-16 03:18:51,1,5,4,0.08,3.0
2025-01-16 03:19:29,1,0,3,0.06,4.0
2025-01-16 03:24:16,3,5,4,0.08,5.0
2025-01-16 03:28:43,2,6,5,0.1,5.0
2025-01-16 03:29:32,3,4,5,0.1,6.0
2025-01-16 03:33:54,0,7,6,0.12,5.0
2025-01-16 03:38:04,1,4,5,0.1,4.0
2025-01-16 03:38:50,4,3,4,0.08,5.0
2025-01-16 03:40:48,3,6,5,0.1,5.0
2025-01-16 03:44:33,1,6,5,0.1,5.0
2025-01-16 03:46:26,3,5,5,0.1,4.0
2025-01-16 03:48:22,4,0,4,0.08,4.0
2025-01-16 03:51:25,4,4,4,0.08,4.0
2025-01-16 03:55:42,1,3,4,0.08,4.0
2025-01-16 04:00:35,3,3,4,0.08,5.0
2025-01-16 04:04:47,4,6,5,0.1,4.0
2025-01-16 04:07:17,2,1,4,0.08,5.0
2025-01-16 04:10:39,1,7,5,0.1,5.0
2025-01-16 04:11:12,3,6,5,0.1,4.0
2025-01-16 04:13:49,1,0,4,0.08,4.0
2025-01-16 04:16:08,0,4,4,0.08,3.0
2025-01-16 04:17:14,2,2,3,0.06,4.0
2025-01-16 04:18:54,0,7,4,0.08,5.0
2025-01-16 04:19:54,2,6,5,0.1,4.0
2025-01-16 04:24:51,3,0,4,0.08,3.0
2025-01-16 04:25:31,3,0,3,0.06,4.0
2025-01-16 04:26:32,4,7,4,0.08,4.0
2025-01-16 04:27:58,2,4,4,0.08,4.0
2025-01-16 04:31:13,0,5,4,0.08,5.0
2025-01-16 04:34:50,3,6,5,0.1,5.0
2025-01-16 04:35:38,4,4,5,0.1,5.0
2025-01-16 04:38:03,2,4,5,0.1,5.0
2025-01-16 04:41:36,1,4,5,0.1,4.0
2025-01-16 04:46:35,0,2,4,0.08,3.0
2025-01-16 04:47:37,2,1,3,0.06,4.0
2025-01-16 04:48:16,2,6,4,0.08,5.0
2025-01-16 04:50:05,3,7,5,0.1,4.0
2025-01-16 04:53:46,1,1,4,0.08,5.0
2025-01-16 04:57:25,1,7,5,0.1,5.0
2025-01-16 04:59:02,4,4,5,0.1,5.0
2025-01-16 05:01:36,0,5,5,0.1,5.0
2025-01-16 05:03:04,0,6,5,0.1,5.0
2025-01-16 05:05:10,0,5,5,0.1,5.0
2025-01-16 05:08:08,3,4,5,0.1,5.0
2025-01-16 05:13:02,0,5,5,0.1,5.0
2025-01-16 05:13:40,2,6,5,0.1,5.0
2025-01-16 05:14:17,3,4,5,0.1,4.0
2025-01-16 05:18:14,2,2,4,0.08,4.0
2025-01-16 05:20:48,1,4,4,0.08,4.0
2025-01-16 05:23:20,4,3,4,0.08,3.0
2025-01-16 05:24:22,4,1,3,0.06,3.0
2025-01-16 05:24:52,2,4,3,0.06,4.0
2025-01-16 05:28:45,4,6,4,0.08,4.0
2025-01-16 05:29:20,1,5,4,0.08,3.0
2025-01-16 05:29:54,1,2,3,0.06,2.0
2025-01-16 05:31:43,2,1,2,0.04,3.0
2025-01-16 05:35:09,1,5,3,0.06,2.0
2025-01-16 05:37:54,4,0,2,0.04,2.0
2025-01-16 05:38:48,2,2,2,0.04,3.0
2025-01-16 05:42:20,0,5,3,0.06,4.0
2025-01-16 05:45:37,0,7,4,0.08,3.0
2025-01-16 05:49:04,0,0,3,0.06,3.0
2025-01-16 05:51:08,2,3,3,0.06,2.0
2025-01-16 05:52:10,2,1,2,0.04,3.0
2025-01-16 05:54:30,2,6,3,0.06,3.0
2025-01-16 05:57:25,0,2,3,0.06,2.0
2025-01-16 06:01:45,3,0,2,0.04,3.0
2025-01-16 06:02:52,2,5,3,0.06,3.0
2025-01-16 06:05:36,3,4,3,0.06,4.0
2025-01-16 06:10:00,0,7,4,0.08,5.0
2025-01-16 06:13:09,2,6,5,0.1,4.0
2025-01-16 06:14:16,1,0,4,0.08,3.0
2025-01-16 06:17:15,0,0,3,0.06,3.0
2025-01-16 06:18:13,1,3,3,0.06,4.0
2025-01-16 06:21:06,4,5,4,0.08,4.0
2025-01-16 06:22:51,4,4,4,0.08,3.0
2025-01-16 06:25:45,4,2,3,0.06,3.0
2025-01-16 06:30:03,0,2,3,0.06,4.0
2025-01-16 06:31:36,4,7,4,0.08,4.0
2025-01-16 06:36:34,1,3,4,0.08,3.0
2025-01-16 06:40:07,0,1,3,0.06,4.0
2025-01-16 06:44:57,1,7,4,0.08,5.0
2025-01-16 06:49:54,1,7,5,0.1,5.0
2025-01-16 06:53:12,0,6,5,0.1,5.0
2025-01-16 06:58:00,0,6,5,0.1,4.0
2025-01-16 07:02:16,3,0,4,0.08,3.0
2025-01-16 07:03:18,0,0,3,0.06,2.0
2025-01-16 07:07:21,4,0,2,0.04,3.0
2025-01-16 07:08:40,4,5,3,0.06,3.0
2025-01-16 07:12:39,3,3,3,0.06,4.0
2025-01-16 07:13:37,1,7,4,0.08,5.0
2025-01-16 07:14:45,4,6,5,0.1,4.0
2025-01-16 07:16:54,3,3,4,0.08,5.0
2025-01-16 07:20:16,1,7,5,0.1,6.0
2025-01-16 07:21:02,0,7,6,0.12,5.0
2025-01-16 07:22:27,1,2,5,0.1,5.0
2025-01-16 07:26:42,2,6,5,0.1,4.0
2025-01-16 07:27:57,1,1,4,0.08,3.0
2025-01-16 07:29:33,3,0,3,0.06,3.0
2025-01-16 07:33:19,1,4,3,0.06,2.0
2025-01-16 07:36:10,2,0,2,0.04,3.0
2025-01-16 07:37:02,3,5,3,0.06,4.0
2025-01-16 07:39:05,1,5,4,0.08,3.0
2025-01-16 07:43:36,1,2,3,0.06,4.0
2025-01-16 07:48:02,4,5,4,0.08,5.0
2025-01-16 07:49:25,4,6,5,0.1,5.0
2025-01-16 07:52:12,3,5,5,0.1,4.0
2025-01-16 07:53:22,4,2,4,0.08,3.0
2025-01-16 07:55:29,3,0,3,0.06,2.0
2025-01-16 07:59:01,2,1,2,0.04,4.0
2025-01-16 08:01:38,0,8,4,0.08,6.0
2025-01-16 08:05:56,2,10,6,0.12,8.0
2025-01-16 08:07:51,0,14,8,0.16,9.0
2025-01-16 08:12:36,1,12,9,0.18,10.0
2025-01-16 08:16:34,3,14,10,0.2,12.0
2025-01-16 08:20:38,3,16,12,0.24,12.0
2025-01-16 08:22:47,0,12,12,0.24,10.0
2025-01-16 08:24:05,3,6,10,0.2,12.0
2025-01-16 08:27:55,0,15,12,0.24,11.0
2025-01-16 08:32:42,3,9,11,0.22,12.0
2025-01-16 08:36:09,2,13,12,0.24,10.0
2025-01-16 08:40:43,4,7,10,0.2,12.0
2025-01-16 08:43:15,2,17,12,0.24,14.0
2025-01-16 08:46:35,2,18,14,0.28,15.0
2025-01-16 08:49:20,1,16,15,0.3,15.0
2025-01-16 08:50:48,1,14,15,0.3,16.0
2025-01-16 08:54:30,1,18,16,0.32,13.0
2025-01-16 08:59:27,1,6,13,0.26,14.0
2025-01-16 09:04:16,1,15,14,0.28,15.0
2025-01-16 09:06:20,3,17,15,0.3,15.0
2025-01-16 09:08:54,0,15,15,0.3,14.0
2025-01-16 09:10:04,0,12,14,0.28,14.0
2025-01-16 09:14:47,0,14,14,0.28,14.0
2025-01-16 09:15:23,2,13,14,0.28,14.0
2025-01-16 09:19:28,1,15,14,0.28,15.0
2025-01-16 09:21:06,0,16,15,0.3,16.0
2025-01-16 09:22:44,4,18,16,0.32,15.0
2025-01-16 09:24:34,2,13,15,0.3,14.0
2025-01-16 09:25:33,4,12,14,0.28,15.0
2025-01-16 09:27:15,1,17,15,0.3,16.0
2025-01-16 09:32:06,3,18,16,0.32,16.0
2025-01-16 09:34:04,3,15,16,0.32,16.0
2025-01-16 09:38:01,1,15,16,0.32,17.0
2025-01-16 09:42:03,2,18,17,0.34,17.0
2025-01-16 09:46:58,0,18,17,0.34,15.0
2025-01-16 09:50:54,0,9,15,0.3,13.0
2025-01-16 09:52:40,4,7,13,0.26,13.0
2025-01-16 09:53:56,0,14,13,0.26,12.0
2025-01-16 09:56:15,0,11,12,0.24,14.0
2025-01-16 10:00:04,1,19,14,0.28,14.0
2025-01-16 10:04:03,1,13,14,0.28,13.0
2025-01-16 10:07:06,1,11,13,0.26,13.0
2025-01-16 10:07:45,3,14,13,0.26,14.0
2025-01-16 10:10:51,4,18,14,0.28,14.0
2025-01-16 10:15:41,0,15,14,0.28,15.0
2025-01-16 10:17:27,2,17,15,0.3,15.0
2025-01-16 10:22:13,2,15,15,0.3,14.0
2025-01-16 10:24:53,4,10,14,0.28,13.0
2025-01-16 10:26:29,3,12,13,0.26,12.0
2025-01-16 10:30:46,2,9,12,0.24,14.0
2025-01-16 10:33:58,3,18,14,0.28,12.0
2025-01-16 10:34:42,4,9,12,0.24,14.0
2025-01-16 10:39:03,0,18,14,0.28,13.0
2025-01-16 10:42:47,3,11,13,0.26,14.0
2025-01-16 10:43:46,1,16,14,0.28,14.0
2025-01-16 10:47:55,4,15,14,0.28,16.0
2025-01-16 10:50:51,2,19,16,0.32,15.0
2025-01-16 10:55:39,3,14,15,0.3,12.0
2025-01-16 10:58:31,2,6,12,0.24,13.0
2025-01-16 11:02:55,4,14,13,0.26,14.0
2025-01-16 11:05:19,4,15,14,0.28,15.0
2025-01-16 11:07:18,4,17,15,0.3,15.0
2025-01-16 11:11:15,2,16,15,0.3,13.0
2025-01-16 11:14:28,3,9,13,0.26,14.0
2025-01-16 11:16:21,0,15,14,0.28,14.0
2025-01-16 11:18:07,4,15,14,0.28,12.0
2025-01-16 11:21:17,3,6,12,0.24,13.0
2025-01-16 11:21:51,4,16,13,0.26,13.0
2025-01-16 11:23:38,1,13,13,0.26,13.0
2025-01-16 11:25:38,3,12,13,0.26,13.0
2025-01-16 11:27:34,0,12,13,0.26,12.0
2025-01-16 11:32:33,0,11,12,0.24,11.0
2025-01-16 11:34:46,3,8,11,0.22,12.0
2025-01-16 11:38:10,3,13,12,0.24,11.0
2025-01-16 11:39:33,4,10,11,0.22,10.0
2025-01-16 11:43:33,1,6,10,0.2,9.0
2025-01-16 11:45:37,4,6,9,0.18,12.0
2025-01-16 11:49:49,4,18,12,0.24,13.0
2025-01-16 11:50:27,3,14,13,0.26,14.0
2025-01-16 11:51:49,1,15,14,0.28,15.0
2025-01-16 11:53:35,2,18,15,0.3,12.0
2025-01-16 11:57:30,3,6,12,0.24,11.0
2025-01-16 11:59:51,2,10,11,0.22,9.0
2025-01-16 12:03:05,2,4,9,0.18,7.0
2025-01-16 12:04:01,2,1,7,0.14,5.0
2025-01-16 12:05:40,1,1,5,0.1,6.0
2025-01-16 12:09:47,0,7,6,0.12,6.0
2025-01-16 12:13:25,2,6,6,0.12,5.0
2025-01-16 12:15:58,3,3,5,0.1,4.0
2025-01-16 12:16:46,0,2,4,0.08,4.0
2025-01-16 12:21:32,4,3,4,0.08,4.0
2025-01-16 12:22:23,0,3,4,0.08,3.0
2025-01-16 12:23:32,1,1,3,0.06,2.0
2025-01-16 12:24:39,0,1,2,0.04,2.0
2025-01-16 12:25:56,1,1,2,0.04,1.0
2025-01-16 12:29:28,4,0,1,0.02,2.0
2025-01-16 12:31:12,0,3,2,0.04,1.0
2025-01-16 12:35:10,2,0,1,0.02,1.0
2025-01-16 12:38:42,4,1,1,0.02,2.0
2025-01-16 12:40:58,2,5,2,0.04,3.0
2025-01-16 12:44:35,1,4,3,0.06,4.0
2025-01-16 12:49:28,1,5,4,0.08,3.0
2025-01-16 12:51:23,3,1,3,0.06,3.0
2025-01-16 12:54:09,4,4,3,0.06,3.0
2025-01-16 12:56:13,0,2,3,0.06,2.0
2025-01-16 13:00:47,1,1,2,0.04,3.0
2025-01-16 13:02:46,2,5,3,0.06,3.0
2025-01-16 13:04:14,3,4,3,0.06,3.0
2025-01-16 13:05:11,3,4,3,0.06,3.0
2025-01-16 13:06:52,4,3,3,0.06,4.0
2025-01-16 13:11:51,1,5,4,0.08,4.0
2025-01-16 13:12:44,2,3,4,0.08,3.0
2025-01-16 13:15:05,3,2,3,0.06,2.0
2025-01-16 13:16:30,3,1,2,0.04,2.0
2025-01-16 13:20:42,2,2,2,0.04,3.0
2025-01-16 13:23:11,1,4,3,0.06,3.0
2025-01-16 13:26:39,0,4,3,0.06,4.0
2025-01-16 13:30:17,3,6,4,0.08,4.0
2025-01-16 13:31:52,1,4,4,0.08,5.0
2025-01-16 13:36:30,3,7,5,0.1,6.0
2025-01-16 13:38:15,3,7,6,0.12,6.0
2025-01-16 13:41:01,3,7,6,0.12,5.0
2025-01-16 13:44:14,3,3,5,0.1,4.0
2025-01-16 13:48:36,0,1,4,0.08,3.0
2025-01-16 13:53:20,0,2,3,0.06,3.0
2025-01-16 13:56:39,4,2,3,0.06,4.0
2025-01-16 14:00:02,3,6,4,0.08,4.0
2025-01-16 14:00:49,4,4,4,0.08,5.0
2025-01-16 14:02:28,2,6,5,0.1,4.0
2025-01-16 14:04:53,3,1,4,0.08,5.0
2025-01-16 14:06:42,4,7,5,0.1,4.0
2025-01-16 14:07:26,3,0,4,0.08,5.0
2025-01-16 14:10:51,1,7,5,0.1,4.0
2025-01-16 14:15:49,4,3,4,0.08,5.0
2025-01-16 14:18:17,0,7,5,0.1,5.0
2025-01-16 14:21:54,1,4,5,0.1,4.0
2025-01-16 14:23:20,0,2,4,0.08,4.0
2025-01-16 14:27:08,1,5,4,0.08,3.0
2025-01-16 14:27:54,4,1,3,0.06,4.0
2025-01-16 14:29:18,4,5,4,0.08,4.0
2025-01-16 14:34:16,4,5,4,0.08,5.0
2025-01-16 14:36:12,2,7,5,0.1,4.0
2025-01-16 14:37:10,3,3,4,0.08,4.0
2025-01-16 14:38:01,4,4,4,0.08,5.0
2025-01-16 14:39:18,2,6,5,0.1,6.0
2025-01-16 14:39:52,3,7,6,0.12,5.0
2025-01-16 14:44:31,1,2,5,0.1,5.0
2025-01-16 14:47:43,3,5,5,0.1,5.0
2025-01-16 14:51:34,0,4,5,0.1,5.0
2025-01-16 14:53:44,1,6,5,0.1,5.0
2025-01-16 14:55:24,0,5,5,0.1,4.0
2025-01-16 14:58:36,2,2,4,0.08,3.0
2025-01-16 15:01:58,4,2,3,0.06,3.0
2025-01-16 15:04:48,0,2,3,0.06,2.0
2025-01-16 15:07:35,4,1,2,0.04,2.0
2025-01-16 15:09:10,2,1,2,0.04,2.0
2025-01-16 15:12:57,4,3,2,0.04,2.0
2025-01-16 15:17:14,4,2,2,0.04,2.0
2025-01-16 15:20:35,0,3,2,0.04,3.0
2025-01-16 15:21:44,0,6,3,0.06,4.0
2025-01-16 15:22:20,0,5,4,0.08,5.0
2025-01-16 15:25:43,3,7,5,0.1,4.0
2025-01-16 15:28:43,3,1,4,0.08,4.0
2025-01-16 15:32:43,2,3,4,0.08,5.0
2025-01-16 15:34:38,0,7,5,0.1,5.0
2025-01-16 15:39:20,1,4,5,0.1,5.0
2025-01-16 15:40:10,4,6,5,0.1,4.0
2025-01-16 15:44:56,2,2,4,0.08,3.0
2025-01-16 15:45:58,4,1,3,0.06,2.0
2025-01-16 15:50:47,1,1,2,0.04,1.0
2025-01-16 15:55:10,4,0,1,0.02,1.0
2025-01-16 15:55:42,0,0,1,0.02,2.0
2025-01-16 15:59:58,0,6,2,0.04,2.0
2025-01-16 16:01:37,2,3,2,0.04,2.0
2025-01-16 16:06:20,3,2,2,0.04,3.0
2025-01-16 16:09:13,1,6,3,0.06,3.0
2025-01-16 16:10:06,4,4,3,0.06,3.0
2025-01-16 16:14:29,0,4,3,0.06,3.0
2025-01-16 16:17:53,4,4,3,0.06,4.0
2025-01-16 16:21:01,4,6,4,0.08,3.0
2025-01-16 16:21:48,3,2,3,0.06,4.0
2025-01-16 16:23:01,1,5,4,0.08,4.0
2025-01-16 16:26:05,4,3,4,0.08,3.0
2025-01-16 16:30:25,1,1,3,0.06,3.0
2025-01-16 16:34:39,3,3,3,0.06,3.0
2025-01-16 16:38:45,3,3,3,0.06,4.0
2025-01-16 16:40:10,0,5,4,0.08,5.0
2025-01-16 16:41:10,2,7,5,0.1,6.0
2025-01-16 16:42:38,2,7,6,0.12,5.0
2025-01-16 16:47:02,0,4,5,0.1,4.0
2025-01-16 16:49:18,3,1,4,0.08,4.0
2025-01-16 16:52:58,1,4,4,0.08,5.0
2025-01-16 16:53:45,2,6,5,0.1,4.0
2025-01-16 16:58:00,3,1,4,0.08,6.0
2025-01-16 17:01:16,2,9,6,0.12,9.0
2025-01-16 17:02:56,0,17,9,0.18,12.0
2025-01-16 17:04:19,2,18,12,0.24,13.0
2025-01-16 17:08:53,1,16,13,0.26,12.0
2025-01-16 17:10:38,4,8,12,0.24,13.0
2025-01-16 17:11:42,1,14,13,0.26,12.0
2025-01-16 17:16:38,2,10,12,0.24,12.0
2025-01-16 17:19:08,3,12,12,0.24,14.0
2025-01-16 17:20:02,3,19,14,0.28,15.0
2025-01-16 17:23:11,0,18,15,0.3,13.0
2025-01-16 17:25:04,4,9,13,0.26,14.0
2025-01-16 17:27:27,2,15,14,0.28,14.0
2025-01-16 17:31:39,0,14,14,0.28,12.0
2025-01-16 17:34:54,0,7,12,0.24,11.0
2025-01-16 17:38:34,0,10,11,0.22,12.0
2025-01-16 17:41:58,0,14,12,0.24,12.0
2025-01-16 17:42:28,4,13,12,0.24,14.0
2025-01-16 17:46:46,2,19,14,0.28,15.0
2025-01-16 17:48:41,0,17,15,0.3,13.0
2025-01-16 17:50:12,1,7,13,0.26,12.0
2025-01-16 17:54:07,2,10,12,0.24,13.0
2025-01-16 17:56:21,4,14,13,0.26,14.0
2025-01-16 18:01:00,2,17,14,0.28,15.0
2025-01-16 18:01:42,4,16,15,0.3,14.0
2025-01-16 18:04:54,1,11,14,0.28,16.0
2025-01-16 18:06:06,2,19,16,0.32,16.0
2025-01-16 18:08:26,2,15,16,0.32,15.0
2025-01-16 18:12:20,2,13,15,0.3,15.0
2025-01-16 18:17:05,3,16,15,0.3,15.0
2025-01-16 18:19:58,3,15,15,0.3,13.0
2025-01-16 18:22:53,3,7,13,0.26,12.0
2025-01-16 18:26:06,3,9,12,0.24,14.0
2025-01-16 18:29:24,3,18,14,0.28,14.0
2025-01-16 18:33:46,2,13,14,0.28,14.0
2025-01-16 18:38:46,3,14,14,0.28,14.0
2025-01-16 18:40:15,0,14,14,0.28,15.0
2025-01-16 18:44:39,0,16,15,0.3,12.0
2025-01-16 18:47:53,0,6,12,0.24,13.0
2025-01-16 18:51:36,3,15,13,0.26,14.0
2025-01-16 18:55:59,0,17,14,0.28,12.0
2025-01-16 18:59:31,1,8,12,0.24,13.0
2025-01-16 19:03:52,2,16,13,0.26,13.0
2025-01-16 19:06:08,4,14,13,0.26,11.0
2025-01-16 19:10:20,4,6,11,0.22,12.0
2025-01-16 19:12:09,4,15,12,0.24,10.0
2025-01-16 19:16:32,0,6,10,0.2,9.0
2025-01-16 19:20:05,0,8,9,0.18,10.0
2025-01-16 19:23:39,0,12,10,0.2,10.0
2025-01-16 19:26:22,3,9,10,0.2,9.0
2025-01-16 19:30:31,4,8,9,0.18,9.0
2025-01-16 19:34:22,3,10,9,0.18,12.0
2025-01-16 19:37:17,1,19,12,0.24,12.0
2025-01-16 19:39:53,3,12,12,0.24,12.0
2025-01-16 19:42:37,1,12,12,0.24,14.0
2025-01-16 19:45:00,3,18,14,0.28,14.0
2025-01-16 19:49:53,1,14,14,0.28,14.0
2025-01-16 19:51:26,1,15,14,0.28,15.0
2025-01-16 19:54:10,2,18,15,0.3,14.0
2025-01-16 19:55:20,0,12,14,0.28,12.0
2025-01-16 19:55:52,1,9,12,0.24,14.0
2025-01-16 19:59:35,1,18,14,0.28,13.0
2025-01-16 20:01:54,3,11,13,0.26,13.0
2025-01-16 20:06:04,0,13,13,0.26,11.0
2025-01-16 20:06:37,4,7,11,0.22,11.0
2025-01-16 20:11:10,2,10,11,0.22,13.0
2025-01-16 20:14:25,2,18,13,0.26,11.0
2025-01-16 20:15:20,3,6,11,0.22,10.0
2025-01-16 20:16:06,1,8,10,0.2,10.0
2025-01-16 20:20:11,1,11,10,0.2,11.0
2025-01-16 20:22:12,3,12,11,0.22,12.0
2025-01-16 20:23:12,4,13,12,0.24,14.0
2025-01-16 20:27:06,1,19,14,0.28,16.0
2025-01-16 20:31:02,2,19,16,0.32,16.0
2025-01-16 20:33:18,1,17,16,0.32,17.0
2025-01-16 20:36:13,4,18,17,0.34,15.0
2025-01-16 20:38:23,1,11,15,0.3,16.0
2025-01-16 20:42:53,0,17,16,0.32,13.0
2025-01-16 20:47:29,4,7,13,0.26,13.0
2025-01-16 20:50:41,3,14,13,0.26,14.0
2025-01-16 20:54:03,3,18,14,0.28,13.0
2025-01-16 20:55:07,1,11,13,0.26,14.0
2025-01-16 20:55:57,4,17,14,0.28,12.0
2025-01-16 20:59:09,4,7,12,0.24,11.0
2025-01-16 21:01:15,0,10,11,0.22,10.0
2025-01-16 21:02:39,3,8,10,0.2,10.0
2025-01-16 21:05:15,0,9,10,0.2,13.0
2025-01-16 21:08:57,3,19,13,0.26,13.0
2025-01-16 21:13:29,0,12,13,0.26,14.0
2025-01-16 21:15:26,3,17,14,0.28,13.0
2025-01-16 21:19:30,0,10,13,0.26,13.0
2025-01-16 21:21:31,3,12,13,0.26,12.0
2025-01-16 21:25:55,2,11,12,0.24,10.0
2025-01-16 21:29:28,0,6,10,0.2,11.0
2025-01-16 21:30:35,4,14,11,0.22,10.0
2025-01-16 21:33:23,4,6,10,0.2,12.0
2025-01-16 21:37:07,1,16,12,0.24,14.0
2025-01-16 21:37:51,3,18,14,0.28,12.0
2025-01-16 21:42:37,1,6,12,0.24,11.0
2025-01-16 21:45:21,3,10,11,0.22,10.0
2025-01-16 21:45:51,2,7,10,0.2,12.0
2025-01-16 21:47:09,4,18,12,0.24,12.0
2025-01-16 21:49:14,2,11,12,0.24,12.0
2025-01-16 21:53:04,4,11,12,0.24,10.0
2025-01-16 21:53:59,4,6,10,0.2,11.0
2025-01-16 21:58:23,0,13,11,0.22,9.0
2025-01-16 22:02:56,4,5,9,0.18,7.0
2025-01-16 22:04:16,3,3,7,0.14,5.0
2025-01-16 22:06:06,3,1,5,0.1,4.0
2025-01-16 22:07:11,1,2,4,0.08,5.0
2025-01-16 22:08:47,3,7,5,0.1,4.0
2025-01-16 22:11:25,4,0,4,0.08,5.0
2025-01-16 22:14:29,3,7,5,0.1,4.0
2025-01-16 22:19:03,1,0,4,0.08,4.0
2025-01-16 22:21:23,3,4,4,0.08,3.0
2025-01-16 22:24:40,3,1,3,0.06,2.0
2025-01-16 22:27:31,3,1,2,0.04,3.0
2025-01-16 22:31:17,0,6,3,0.06,3.0
2025-01-16 22:33:35,0,2,3,0.06,3.0
2025-01-16 22:35:23,3,4,3,0.06,3.0
2025-01-16 22:38:33,2,2,3,0.06,3.0
2025-01-16 22:39:21,4,4,3,0.06,3.0
2025-01-16 22:41:57,4,2,3,0.06,3.0
2025-01-16 22:45:51,3,4,3,0.06,2.0
2025-01-16 22:46:49,1,0,2,0.04,4.0
2025-01-16 22:50:45,2,7,4,0.08,3.0
2025-01-16 22:53:45,2,1,3,0.06,3.0
2025-01-16 22:58:14,0,2,3,0.06,4.0
2025-01-16 23:03:09,2,6,4,0.08,3.0
2025-01-16 23:06:40,0,2,3,0.06,3.0
2025-01-16 23:08:54,1,4,3,0.06,3.0
2025-01-16 23:13:19,0,2,3,0.06,3.0
2025-01-16 23:16:41,0,2,3,0.06,2.0
2025-01-16 23:19:48,3,1,2,0.04,3.0
2025-01-16 23:23:09,4,6,3,0.06,4.0
2025-01-16 23:26:15,3,7,4,0.08,3.0
2025-01-16 23:31:02,2,0,3,0.06,3.0
2025-01-16 23:34:15,1,4,3,0.06,4.0
2025-01-16 23:37:11,4,7,4,0.08,5.0
2025-01-16 23:40:14,2,7,5,0.1,6.0
2025-01-16 23:41:21,3,7,6,0.12,4.0
2025-01-16 23:44:01,3,0,4,0.08,5.0
2025-01-16 23:48:45,4,6,5,0.1,5.0
2025-01-16 23:52:42,2,5,5,0.1,4.0
2025-01-16 23:54:46,2,0,4,0.08,3.0
2025-01-16 23:58:06,4,2,3,0.06,3.0
2025-01-17 00:02:45,2,3,3,0.06,4.0
2025-01-17 00:06:24,2,6,4,0.08,3.0
2025-01-17 00:10:12,0,2,3,0.06,3.0
2025-01-17 00:14:22,2,2,3,0.06,4.0
2025-01-17 00:15:15,4,7,4,0.08,5.0
2025-01-17 00:19:48,2,6,5,0.1,5.0
2025-01-17 00:22:25,2,5,5,0.1,5.0
2025-01-17 00:24:27,4,5,5,0.1,4.0
2025-01-17 00:27:09,3,0,4,0.08,4.0
2025-01-17 00:28:33,0,4,4,0.08,4.0
2025-01-17 00:31:40,2,3,4,0.08,4.0
2025-01-17 00:32:38,2,4,4,0.08,4.0
2025-01-17 00:36:38,3,4,4,0.08,4.0
2025-01-17 00:39:41,0,5,4,0.08,5.0
2025-01-17 00:43:52,4,7,5,0.1,5.0
2025-01-17 00:46:16,0,6,5,0.1,6.0
2025-01-17 00:49:23,2,7,6,0.12,6.0
2025-01-17 00:54:11,2,6,6,0.12,5.0
2025-01-17 00:58:51,3,3,5,0.1,4.0
2025-01-17 01:01:22,1,1,4,0.08,4.0
2025-01-17 01:06:14,2,3,4,0.08,3.0
2025-01-17 01:07:32,3,0,3,0.06,4.0
2025-01-17 01:09:18,0,7,4,0.08,3.0
2025-01-17 01:11:54,0,1,3,0.06,3.0
2025-01-17 01:15:40,2,3,3,0.06,4.0
2025-01-17 01:19:50,3,7,4,0.08,5.0
2025-01-17 01:21:50,4,6,5,0.1,5.0
2025-01-17 01:22:27,4,5,5,0.1,5.0
2025-01-17 01:23:28,2,4,5,0.1,5.0
2025-01-17 01:28:26,3,5,5,0.1,5.0
2025-01-17 01:32:06,3,4,5,0.1,4.0
2025-01-17 01:35:18,4,1,4,0.08,4.0
2025-01-17 01:36:48,2,4,4,0.08,4.0
2025-01-17 01:41:41,2,3,4,0.08,3.0
2025-01-17 01:43:45,3,2,3,0.06,2.0
2025-01-17 01:44:55,3,1,2,0.04,2.0
2025-01-17 01:47:53,2,1,2,0.04,2.0
2025-01-17 01:51:46,1,1,2,0.04,4.0
2025-01-17 01:56:42,1,7,4,0.08,5.0
2025-01-17 01:57:13,4,7,5,0.1,5.0
2025-01-17 02:00:40,2,4,5,0.1,4.0
2025-01-17 02:04:23,1,3,4,0.08,4.0
2025-01-17 02:08:08,4,5,4,0.08,4.0
2025-01-17 02:12:46,1,3,4,0.08,4.0
2025-01-17 02:16:47,0,3,4,0.08,4.0
2025-01-17 02:19:49,1,5,4,0.08,5.0
2025-01-17 02:22:56,3,7,5,0.1,4.0
2025-01-17 02:25:44,1,1,4,0.08,3.0
2025-01-17 02:29:54,3,0,3,0.06,4.0
2025-01-17 02:32:57,2,6,4,0.08,4.0
2025-01-17 02:37:35,1,4,4,0.08,3.0
2025-01-17 02:38:06,1,1,3,0.06,2.0
2025-01-17 02:40:03,4,1,2,0.04,2.0
2025-01-17 02:42:42,0,2,2,0.04,2.0
2025-01-17 02:44:29,4,2,2,0.04,2.0
2025-01-17 02:49:18,0,3,2,0.04,1.0
2025-01-17 02:53:48,3,0,1,0.02,2.0
2025-01-17 02:56:38,1,5,2,0.04,4.0
2025-01-17 03:00:55,4,7,4,0.08,4.0
2025-01-17 03:04:07,2,3,4,0.08,3.0
2025-01-17 03:08:32,3,2,3,0.06,3.0
2025-01-17 03:11:09,0,4,3,0.06,2.0
2025-01-17 03:14:58,1,0,2,0.04,4.0
2025-01-17 03:15:58,4,7,4,0.08,3.0
2025-01-17 03:18:45,2,2,3,0.06,2.0
2025-01-17 03:19:35,2,1,2,0.04,3.0
2025-01-17 03:23:58,1,5,3,0.06,2.0
2025-01-17 03:27:49,3,1,2,0.04,1.0
2025-01-17 03:30:29,4,0,1,0.02,2.0
2025-01-17 03:33:26,0,4,2,0.04,3.0
2025-01-17 03:34:24,4,5,3,0.06,3.0
2025-01-17 03:37:35,2,2,3,0.06,3.0
2025-01-17 03:39:05,3,4,3,0.06,3.0
2025-01-17 03:41:39,1,4,3,0.06,4.0
2025-01-17 03:43:19,1,5,4,0.08,3.0
2025-01-17 03:47:51,2,0,3,0.06,4.0
2025-01-17 03:52:29,3,5,4,0.08,4.0
2025-01-17 03:56:39,1,4,4,0.08,3.0
2025-01-17 03:57:29,2,2,3,0.06,3.0
2025-01-17 03:59:20,3,3,3,0.06,3.0
2025-01-17 03:59:59,3,3,3,0.06,4.0
2025-01-17 04:00:40,1,6,4,0.08,4.0
2025-01-17 04:05:32,2,3,4,0.08,3.0
2025-01-17 04:08:26,4,2,3,0.06,3.0
2025-01-17 04:12:07,2,2,3,0.06,4.0
2025-01-17 04:16:46,1,6,4,0.08,5.0
2025-01-17 04:19:09,2,7,5,0.1,4.0
2025-01-17 04:20:04,2,0,4,0.08,5.0
2025-01-17 04:25:04,4,7,5,0.1,5.0
2025-01-17 04:26:06,3,4,5,0.1,4.0
2025-01-17 04:27:37,4,1,4,0.08,3.0
2025-01-17 04:31:55,0,0,3,0.06,3.0
2025-01-17 04:33:59,1,3,3,0.06,2.0
2025-01-17 04:35:03,2,1,2,0.04,1.0
2025-01-17 04:38:45,0,0,1,0.02,2.0
2025-01-17 04:40:30,0,6,2,0.04,1.0
2025-01-17 04:45:08,4,0,1,0.02,1.0
2025-01-17 04:47:00,2,1,1,0.02,2.0
2025-01-17 04:47:54,1,4,2,0.04,2.0
2025-01-17 04:49:20,0,3,2,0.04,2.0
2025-01-17 04:50:21,1,2,2,0.04,4.0
2025-01-17 04:51:02,3,7,4,0.08,3.0
2025-01-17 04:53:03,3,0,3,0.06,4.0
2025-01-17 04:53:33,3,6,4,0.08,4.0
2025-01-17 04:56:18,3,4,4,0.08,4.0
2025-01-17 05:00:03,4,4,4,0.08,5.0
2025-01-17 05:02:45,3,6,5,0.1,4.0
2025-01-17 05:04:40,3,1,4,0.08,4.0
2025-01-17 05:08:09,1,3,4,0.08,3.0
2025-01-17 05:08:42,2,0,3,0.06,4.0
2025-01-17 05:11:17,0,5,4,0.08,4.0
2025-01-17 05:14:41,0,3,4,0.08,3.0
2025-01-17 05:19:21,0,2,3,0.06,3.0
2025-01-17 05:20:11,0,2,3,0.06,4.0
2025-01-17 05:22:25,4,7,4,0.08,4.0
2025-01-17 05:24:00,2,3,4,0.08,4.0
2025-01-17 05:28:52,3,5,4,0.08,4.0
2025-01-17 05:30:10,0,4,4,0.08,4.0
2025-01-17 05:30:55,0,3,4,0.08,3.0
2025-01-17 05:33:49,3,0,3,0.06,3.0
2025-01-17 05:38:28,2,2,3,0.06,3.0
2025-01-17 05:40:12,2,3,3,0.06,2.0
2025-01-17 05:41:47,0,1,2,0.04,2.0
2025-01-17 05:44:21,4,3,2,0.04,4.0
2025-01-17 05:46:17,3,7,4,0.08,4.0
2025-01-17 05:47:27,0,3,4,0.08,4.0
2025-01-17 05:51:02,0,4,4,0.08,4.0
2025-01-17 05:55:57,2,5,4,0.08,4.0
2025-01-17 06:00:57,0,3,4,0.08,5.0
2025-01-17 06:02:08,1,7,5,0.1,4.0
2025-01-17 06:04:10,2,3,4,0.08,5.0
2025-01-17 06:07:44,0,7,5,0.1,4.0
2025-01-17 06:11:48,1,0,4,0.08,3.0
2025-01-17 06:12:34,1,2,3,0.06,4.0
2025-01-17 06:17:28,3,5,4,0.08,4.0
2025-01-17 06:19:51,0,4,4,0.08,4.0
2025-01-17 06:21:08,1,5,4,0.08,5.0
2025-01-17 06:23:14,0,6,5,0.1,4.0
2025-01-17 06:25:18,1,0,4,0.08,3.0
2025-01-17 06:27:01,2,0,3,0.06,3.0
2025-01-17 06:28:38,4,2,3,0.06,4.0
2025-01-17 06:33:13,2,6,4,0.08,3.0
2025-01-17 06:34:59,2,1,3,0.06,3.0
2025-01-17 06:38:56,3,4,3,0.06,3.0
2025-01-17 06:43:39,1,3,3,0.06,3.0
2025-01-17 06:47:49,2,4,3,0.06,3.0
2025-01-17 06:52:40,0,4,3,0.06,3.0
2025-01-17 06:57:28,2,4,3,0.06,2.0
2025-01-17 06:59:11,0,1,2,0.04,3.0
2025-01-17 07:01:45,3,4,3,0.06,4.0
2025-01-17 07:05:22,2,7,4,0.08,3.0
2025-01-17 07:10:05,2,1,3,0.06,3.0
2025-01-17 07:14:29,1,4,3,0.06,3.0
2025-01-17 07:19:08,0,3,3,0.06,3.0
2025-01-17 07:20:49,1,4,3,0.06,2.0
2025-01-17 07:25:13,1,0,2,0.04,3.0
2025-01-17 07:28:18,4,5,3,0.06,2.0
2025-01-17 07:30:42,3,1,2,0.04,3.0
2025-01-17 07:34:59,1,6,3,0.06,4.0
2025-01-17 07:39:33,4,7,4,0.08,3.0
2025-01-17 07:40:16,0,1,3,0.06,4.0
2025-01-17 07:41:01,0,7,4,0.08,5.0
2025-01-17 07:42:12,2,6,5,0.1,5.0
2025-01-17 07:44:31,2,6,5,0.1,4.0
2025-01-17 07:45:19,0,3,4,0.08,3.0
2025-01-17 07:46:54,1,2,3,0.06,3.0
2025-01-17 07:50:10,4,3,3,0.06,3.0
2025-01-17 07:51:52,2,2,3,0.06,4.0
2025-01-17 07:54:13,0,5,4,0.08,4.0
2025-01-17 07:56:07,0,3,4,0.08,3.0
2025-01-17 07:58:55,3,0,3,0.06,4.0
2025-01-17 08:00:03,2,7,4,0.08,5.0
2025-01-17 08:02:17,2,6,5,0.1,9.0
2025-01-17 08:04:49,1,17,9,0.18,10.0
2025-01-17 08:08:56,4,13,10,0.2,11.0
2025-01-17 08:10:26,1,12,11,0.22,10.0
2025-01-17 08:12:35,1,9,10,0.2,11.0
2025-01-17 08:16:28,4,12,11,0.22,10.0
2025-01-17 08:21:15,1,6,10,0.2,10.0
2025-01-17 08:21:49,3,11,10,0.2,11.0
2025-01-17 08:25:35,1,12,11,0.22,13.0
2025-01-17 08:29:04,3,18,13,0.26,11.0
2025-01-17 08:31:46,3,7,11,0.22,11.0
2025-01-17 08:36:28,4,11,11,0.22,10.0
2025-01-17 08:41:22,4,6,10,0.2,9.0
2025-01-17 08:43:24,2,6,9,0.18,10.0
2025-01-17 08:46:23,4,11,10,0.2,11.0
2025-01-17 08:49:10,2,14,11,0.22,12.0
2025-01-17 08:53:07,2,13,12,0.24,13.0
2025-01-17 08:55:41,3,16,13,0.26,14.0
2025-01-17 09:00:04,4,18,14,0.28,13.0
2025-01-17 09:01:34,4,12,13,0.26,12.0
2025-01-17 09:06:29,3,10,12,0.24,14.0
2025-01-17 09:09:12,0,18,14,0.28,15.0
2025-01-17 09:11:34,3,16,15,0.3,13.0
2025-01-17 09:15:14,4,9,13,0.26,14.0
2025-01-17 09:18:50,0,16,14,0.28,14.0
2025-01-17 09:20:48,2,13,14,0.28,12.0
2025-01-17 09:24:24,2,7,12,0.24,13.0
2025-01-17 09:27:05,0,14,13,0.26,13.0
2025-01-17 09:29:37,3,14,13,0.26,13.0
2025-01-17 09:30:54,3,12,13,0.26,11.0
2025-01-17 09:34:22,2,7,11,0.22,11.0
2025-01-17 09:37:51,1,10,11,0.22,11.0
2025-01-17 09:39:59,4,10,11,0.22,10.0
2025-01-17 09:41:02,2,7,10,0.2,13.0
2025-01-17 09:42:41,4,19,13,0.26,14.0
2025-01-17 09:46:01,3,17,14,0.28,14.0
2025-01-17 09:47:29,4,15,14,0.28,12.0
2025-01-17 09:50:59,3,7,12,0.24,10.0
2025-01-17 09:51:47,4,7,10,0.2,12.0
2025-01-17 09:56:02,3,18,12,0.24,12.0
2025-01-17 09:58:06,0,12,12,0.24,10.0
2025-01-17 09:59:56,2,6,10,0.2,12.0
2025-01-17 10:03:20,2,17,12,0.24,12.0
2025-01-17 10:07:31,3,11,12,0.24,11.0
2025-01-17 10:09:43,3,10,11,0.22,12.0
2025-01-17 10:11:06,2,15,12,0.24,11.0
2025-01-17 10:14:38,2,9,11,0.22,11.0
2025-01-17 10:16:15,3,12,11,0.22,10.0
2025-01-17 10:17:12,2,6,10,0.2,11.0
2025-01-17 10:19:40,4,13,11,0.22,13.0
2025-01-17 10:22:23,3,18,13,0.26,12.0
2025-01-17 10:25:01,4,10,12,0.24,11.0
2025-01-17 10:25:38,3,8,11,0.22,12.0
2025-01-17 10:26:58,3,16,12,0.24,14.0
2025-01-17 10:30:22,3,18,14,0.28,13.0
2025-01-17 10:33:54,3,11,13,0.26,11.0
2025-01-17 10:37:35,3,7,11,0.22,10.0
2025-01-17 10:42:13,2,7,10,0.2,12.0
2025-01-17 10:46:37,2,15,12,0.24,13.0
2025-01-17 10:48:29,2,17,13,0.26,14.0
2025-01-17 10:50:31,3,18,14,0.28,14.0
2025-01-17 10:55:28,0,15,14,0.28,13.0
2025-01-17 10:57:57,3,11,13,0.26,13.0
2025-01-17 10:59:37,4,13,13,0.26,12.0
2025-01-17 11:00:23,1,8,12,0.24,12.0
2025-01-17 11:05:05,1,12,12,0.24,14.0
2025-01-17 11:07:36,4,18,14,0.28,12.0
2025-01-17 11:08:15,0,9,12,0.24,13.0
2025-01-17 11:12:14,2,14,13,0.26,14.0
2025-01-17 11:16:21,3,15,14,0.28,12.0
2025-01-17 11:20:51,3,7,12,0.24,14.0
2025-01-17 11:24:40,2,18,14,0.28,13.0
2025-01-17 11:28:45,1,10,13,0.26,13.0
2025-01-17 11:32:39,2,12,13,0.26,15.0
2025-01-17 11:36:44,3,19,15,0.3,16.0
2025-01-17 11:38:33,2,17,16,0.32,14.0
2025-01-17 11:43:29,2,10,14,0.28,15.0
2025-01-17 11:44:33,2,18,15,0.3,14.0
2025-01-17 11:45:20,0,10,14,0.28,15.0
2025-01-17 11:48:34,4,16,15,0.3,16.0
2025-01-17 11:49:16,1,19,16,0.32,15.0
2025-01-17 11:53:07,1,12,15,0.3,14.0
2025-01-17 11:57:25,2,13,14,0.28,15.0
2025-01-17 11:57:55,3,16,15,0.3,12.0
2025-01-17 12:02:01,2,4,12,0.24,9.0
2025-01-17 12:03:04,1,1,9,0.18,8.0
2025-01-17 12:07:59,1,6,8,0.16,8.0
2025-01-17 12:10:36,4,7,8,0.16,6.0
2025-01-17 12:14:37,2,0,6,0.12,6.0
2025-01-17 12:19:29,0,6,6,0.12,5.0
2025-01-17 12:21:18,2,4,5,0.1,4.0
2025-01-17 12:24:32,2,3,4,0.08,3.0
2025-01-17 12:29:13,2,2,3,0.06,4.0
2025-01-17 12:29:54,2,6,4,0.08,4.0
2025-01-17 12:33:55,2,5,4,0.08,4.0
2025-01-17 12:36:16,2,4,4,0.08,4.0
2025-01-17 12:40:16,4,5,4,0.08,3.0
2025-01-17 12:44:44,2,2,3,0.06,3.0
2025-01-17 12:49:41,2,4,3,0.06,4.0
2025-01-17 12:51:08,1,5,4,0.08,3.0
2025-01-17 12:52:11,3,2,3,0.06,3.0
2025-01-17 12:57:03,2,4,3,0.06,3.0
2025-01-17 12:58:07,4,2,3,0.06,2.0
2025-01-17 13:03:07,1,0,2,0.04,3.0
2025-01-17 13:07:23,1,6,3,0.06,3.0
2025-01-17 13:08:17,4,2,3,0.06,3.0
2025-01-17 13:12:40,2,3,3,0.06,2.0
2025-01-17 13:14:08,2,1,2,0.04,3.0
2025-01-17 13:18:48,3,4,3,0.06,2.0
2025-01-17 13:20:43,3,0,2,0.04,4.0
2025-01-17 13:25:23,2,7,4,0.08,3.0
2025-01-17 13:28:52,4,1,3,0.06,3.0
2025-01-17 13:32:48,0,2,3,0.06,3.0
2025-01-17 13:35:46,4,4,3,0.06,3.0
2025-01-17 13:37:26,2,4,3,0.06,2.0
2025-01-17 13:39:56,2,0,2,0.04,3.0
2025-01-17 13:44:38,4,4,3,0.06,4.0
2025-01-17 13:46:40,1,6,4,0.08,4.0
2025-01-17 13:51:25,2,3,4,0.08,3.0
2025-01-17 13:56:08,4,0,3,0.06,3.0
2025-01-17 13:57:36,3,2,3,0.06,3.0
2025-01-17 13:59:14,3,2,3,0.06,3.0
2025-01-17 14:01:09,1,2,3,0.06,3.0
2025-01-17 14:05:25,1,2,3,0.06,3.0
2025-01-17 14:07:15,4,3,3,0.06,3.0
2025-01-17 14:09:38,2,4,3,0.06,2.0
2025-01-17 14:13:11,2,0,2,0.04,2.0
2025-01-17 14:14:34,1,1,2,0.04,2.0
2025-01-17 14:18:20,2,3,2,0.04,2.0
2025-01-17 14:21:49,0,3,2,0.04,3.0
2025-01-17 14:26:00,4,4,3,0.06,3.0
2025-01-17 14:30:33,3,2,3,0.06,3.0
2025-01-17 14:33:36,0,3,3,0.06,3.0
2025-01-17 14:36:20,1,3,3,0.06,4.0
2025-01-17 14:36:57,1,5,4,0.08,4.0
2025-01-17 14:39:34,1,5,4,0.08,3.0
2025-01-17 14:40:59,1,2,3,0.06,2.0
2025-01-17 14:43:34,4,1,2,0.04,3.0
2025-01-17 14:46:42,2,6,3,0.06,2.0
2025-01-17 14:48:10,0,1,2,0.04,2.0
2025-01-17 14:49:37,2,1,2,0.04,3.0
2025-01-17 14:52:26,3,6,3,0.06,4.0
2025-01-17 14:55:51,4,6,4,0.08,4.0
2025-01-17 14:58:08,2,4,4,0.08,5.0
2025-01-17 15:02:08,1,7,5,0.1,6.0
2025-01-17 15:03:51,0,7,6,0.12,4.0
2025-01-17 15:07:07,1,1,4,0.08,3.0
2025-01-17 15:11:29,4,0,3,0.06,4.0
2025-01-17 15:15:00,1,7,4,0.08,4.0
2025-01-17 15:17:31,3,3,4,0.08,3.0
2025-01-17 15:21:23,2,2,3,0.06,4.0
2025-01-17 15:22:21,0,6,4,0.08,3.0
2025-01-17 15:26:12,2,0,3,0.06,4.0
2025-01-17 15:28:14,1,5,4,0.08,4.0
2025-01-17 15:31:39,4,5,4,0.08,4.0
2025-01-17 15:35:39,0,3,4,0.08,3.0
2025-01-17 15:39:12,3,2,3,0.06,4.0
2025-01-17 15:41:16,0,5,4,0.08,3.0
2025-01-17 15:44:02,1,0,3,0.06,2.0
2025-01-17 15:48:28,4,0,2,0.04,4.0
2025-01-17 15:53:22,0,7,4,0.08,5.0
2025-01-17 15:56:06,4,7,5,0.1,5.0
2025-01-17 15:58:59,1,5,5,0.1,5.0
2025-01-17 15:59:47,4,6,5,0.1,5.0
2025-01-17 16:04:07,3,5,5,0.1,5.0
2025-01-17 16:06:50,0,6,5,0.1,5.0
2025-01-17 16:09:13,2,6,5,0.1,4.0
2025-01-17 16:12:01,4,2,4,0.08,3.0
2025-01-17 16:14:35,4,1,3,0.06,4.0
2025-01-17 16:18:28,4,7,4,0.08,4.0
2025-01-17 16:19:58,3,4,4,0.08,4.0
2025-01-17 16:24:37,3,5,4,0.08,4.0
2025-01-17 16:25:19,1,4,4,0.08,3.0
2025-01-17 16:30:03,2,0,3,0.06,3.0
2025-01-17 16:31:57,0,3,3,0.06,3.0
2025-01-17 16:32:46,3,3,3,0.06,3.0
2025-01-17 16:34:05,4,3,3,0.06,4.0
2025-01-17 16:37:18,4,6,4,0.08,4.0
2025-01-17 16:39:19,3,3,4,0.08,5.0
2025-01-17 16:41:16,2,6,5,0.1,4.0
2025-01-17 16:42:54,0,0,4,0.08,3.0
2025-01-17 16:44:00,1,1,3,0.06,2.0
2025-01-17 16:48:42,4,1,2,0.04,3.0
2025-01-17 16:53:23,2,4,3,0.06,3.0
2025-01-17 16:56:12,1,4,3,0.06,4.0
2025-01-17 16:59:29,3,5,4,0.08,7.0
2025-01-17 17:00:52,2,15,7,0.14,10.0
2025-01-17 17:04:19,4,17,10,0.2,10.0
2025-01-17 17:06:34,2,9,10,0.2,12.0
2025-01-17 17:09:20,0,18,12,0.24,10.0
2025-01-17 17:12:59,1,7,10,0.2,12.0
2025-01-17 17:15:36,2,16,12,0.24,12.0
2025-01-17 17:16:52,1,11,12,0.24,11.0
2025-01-17 17:17:26,0,9,11,0.22,10.0
2025-01-17 17:22:12,2,6,10,0.2,11.0
2025-01-17 17:25:11,2,13,11,0.22,10.0
2025-01-17 17:29:43,2,9,10,0.2,9.0
2025-01-17 17:33:40,1,6,9,0.18,10.0
2025-01-17 17:36:04,0,11,10,0.2,12.0
2025-01-17 17:39:48,1,17,12,0.24,13.0
2025-01-17 17:43:07,0,15,13,0.26,14.0
2025-01-17 17:44:58,1,15,14,0.28,12.0
2025-01-17 17:48:01,1,8,12,0.24,11.0
2025-01-17 17:50:51,1,9,11,0.22,12.0
2025-01-17 17:53:46,4,16,12,0.24,11.0
2025-01-17 17:56:17,3,10,11,0.22,11.0
2025-01-17 18:00:58,3,11,11,0.22,10.0
2025-01-17 18:02:56,1,7,10,0.2,11.0
2025-01-17 18:04:23,4,13,11,0.22,13.0
2025-01-17 18:05:55,0,18,13,0.26,12.0
2025-01-17 18:07:36,4,10,12,0.24,13.0
2025-01-17 18:08:14,0,17,13,0.26,15.0
2025-01-17 18:10:17,0,19,15,0.3,14.0
2025-01-17 18:13:18,1,13,14,0.28,14.0
2025-01-17 18:14:27,0,15,14,0.28,14.0
2025-01-17 18:15:58,1,14,14,0.28,13.0
2025-01-17 18:20:41,3,12,13,0.26,14.0
2025-01-17 18:22:19,3,17,14,0.28,15.0
2025-01-17 18:26:53,1,17,15,0.3,13.0
2025-01-17 18:30:12,4,8,13,0.26,14.0
2025-01-17 18:33:39,4,18,14,0.28,15.0
2025-01-17 18:37:17,1,18,15,0.3,15.0
2025-01-17 18:42:06,1,16,15,0.3,13.0
2025-01-17 18:43:47,1,8,13,0.26,13.0
2025-01-17 18:44:33,0,12,13,0.26,12.0
2025-01-17 18:45:59,4,8,12,0.24,13.0
2025-01-17 18:50:06,3,16,13,0.26,12.0
2025-01-17 18:52:22,3,8,12,0.24,12.0
2025-01-17 18:55:44,3,11,12,0.24,13.0
2025-01-17 18:59:52,2,14,13,0.26,12.0
2025-01-17 19:04:28,0,11,12,0.24,14.0
2025-01-17 19:08:35,2,18,14,0.28,14.0
2025-01-17 19:09:35,1,15,14,0.28,12.0
2025-01-17 19:10:51,3,7,12,0.24,10.0
2025-01-17 19:13:34,4,7,10,0.2,13.0
2025-01-17 19:15:51,2,19,13,0.26,12.0
2025-01-17 19:17:32,2,11,12,0.24,14.0
2025-01-17 19:19:49,3,19,14,0.28,15.0
2025-01-17 19:23:09,3,17,15,0.3,14.0
2025-01-17 19:25:34,2,10,14,0.28,13.0
2025-01-17 19:27:17,0,12,13,0.26,12.0
2025-01-17 19:32:02,1,9,12,0.24,10.0
2025-01-17 19:33:52,0,6,10,0.2,11.0
2025-01-17 19:38:49,3,12,11,0.22,12.0
2025-01-17 19:41:26,3,15,12,0.24,12.0
2025-01-17 19:45:50,3,12,12,0.24,10.0
2025-01-17 19:47:00,0,7,10,0.2,11.0
2025-01-17 19:50:30,1,14,11,0.22,10.0
2025-01-17 19:53:36,4,6,10,0.2,10.0
2025-01-17 19:55:04,4,9,10,0.2,10.0
2025-01-17 19:59:42,4,10,10,0.2,12.0
2025-01-17 20:03:23,2,16,12,0.24,11.0
2025-01-17 20:04:16,3,10,11,0.22,11.0
2025-01-17 20:06:05,4,10,11,0.22,13.0
2025-01-17 20:08:48,2,19,13,0.26,12.0
2025-01-17 20:12:50,3,10,12,0.24,11.0
2025-01-17 20:16:05,4,9,11,0.22,12.0
2025-01-17 20:17:45,3,13,12,0.24,11.0
2025-01-17 20:21:48,2,10,11,0.22,13.0
2025-01-17 20:23:22,0,18,13,0.26,14.0
2025-01-17 20:27:32,3,16,14,0.28,12.0
2025-01-17 20:31:06,2,9,12,0.24,14.0
2025-01-17 20:35:02,0,19,14,0.28,12.0
2025-01-17 20:37:10,1,8,12,0.24,13.0
2025-01-17 20:41:41,2,14,13,0.26,11.0
2025-01-17 20:44:48,4,7,11,0.22,10.0
2025-01-17 20:46:55,4,6,10,0.2,12.0
2025-01-17 20:48:06,3,15,12,0.24,13.0
2025-01-17 20:50:54,3,17,13,0.26,12.0
2025-01-17 20:55:10,0,10,12,0.24,11.0
2025-01-17 20:56:51,4,10,11,0.22,12.0
2025-01-17 21:01:23,3,13,12,0.24,14.0
2025-01-17 21:02:10,1,18,14,0.28,12.0
2025-01-17 21:03:56,2,8,12,0.24,11.0
2025-01-17 21:05:10,3,8,11,0.22,11.0
2025-01-17 21:07:59,3,12,11,0.22,10.0
2025-01-17 21:11:25,0,8,10,0.2,10.0
2025-01-17 21:15:36,2,11,10,0.2,12.0
2025-01-17 21:17:37,2,18,12,0.24,11.0
2025-01-17 21:18:28,0,8,11,0.22,13.0
2025-01-17 21:21:49,3,17,13,0.26,12.0
2025-01-17 21:23:50,2,10,12,0.24,13.0
2025-01-17 21:27:31,4,15,13,0.26,14.0
2025-01-17 21:29:17,0,17,14,0.28,15.0
2025-01-17 21:32:45,3,17,15,0.3,12.0
2025-01-17 21:37:12,2,6,12,0.24,13.0
2025-01-17 21:39:56,3,16,13,0.26,12.0
2025-01-17 21:40:44,1,10,12,0.24,12.0
2025-01-17 21:42:36,4,12,12,0.24,12.0
2025-01-17 21:46:53,4,11,12,0.24,11.0
2025-01-17 21:51:47,3,9,11,0.22,10.0
2025-01-17 21:54:08,1,7,10,0.2,9.0
2025-01-17 21:58:48,3,7,9,0.18,7.0
2025-01-17 22:02:01,4,3,7,0.14,6.0
2025-01-17 22:05:18,2,3,6,0.12,5.0
2025-01-17 22:09:28,1,2,5,0.1,4.0
2025-01-17 22:13:08,2,3,4,0.08,4.0
2025-01-17 22:16:27,0,4,4,0.08,5.0
2025-01-17 22:17:41,4,6,5,0.1,4.0
2025-01-17 22:18:24,4,0,4,0.08,3.0
2025-01-17 22:22:44,3,2,3,0.06,2.0
2025-01-17 22:25:50,3,0,2,0.04,3.0
2025-01-17 22:28:33,3,5,3,0.06,3.0
2025-01-17 22:29:39,1,2,3,0.06,2.0
2025-01-17 22:31:01,0,1,2,0.04,2.0
2025-01-17 22:31:48,3,2,2,0.04,3.0
2025-01-17 22:32:55,4,4,3,0.06,4.0
2025-01-17 22:36:31,0,5,4,0.08,3.0
2025-01-17 22:40:16,0,0,3,0.06,3.0
2025-01-17 22:44:48,4,2,3,0.06,4.0
2025-01-17 22:45:52,2,5,4,0.08,4.0
2025-01-17 22:49:56,2,5,4,0.08,5.0
2025-01-17 22:54:04,3,7,5,0.1,4.0
2025-01-17 22:56:03,2,2,4,0.08,5.0
2025-01-17 23:00:44,3,7,5,0.1,4.0
2025-01-17 23:01:21,3,1,4,0.08,3.0
2025-01-17 23:06:06,1,0,3,0.06,4.0
2025-01-17 23:10:03,4,6,4,0.08,5.0
2025-01-17 23:12:43,2,7,5,0.1,4.0
2025-01-17 23:16:56,4,1,4,0.08,4.0
2025-01-17 23:20:42,3,3,4,0.08,3.0
2025-01-17 23:23:33,0,0,3,0.06,4.0
2025-01-17 23:28:14,1,7,4,0.08,5.0
2025-01-17 23:30:19,2,7,5,0.1,4.0
2025-01-17 23:31:14,1,3,4,0.08,5.0
2025-01-17 23:33:34,1,6,5,0.1,5.0
2025-01-17 23:36:06,1,5,5,0.1,4.0
2025-01-17 23:39:41,3,0,4,0.08,5.0
2025-01-17 23:42:58,0,6,5,0.1,4.0
2025-01-17 23:44:18,1,0,4,0.08,5.0
2025-01-17 23:44:52,4,7,5,0.1,5.0
2025-01-17 23:46:38,4,4,5,0.1,5.0
2025-01-17 23:49:47,1,6,5,0.1,4.0
2025-01-17 23:53:44,3,2,4,0.08,3.0
2025-01-17 23:58:30,1,1,3,0.06,4.0
2025-01-18 00:02:24,0,7,4,0.08,5.0
2025-01-18 00:07:08,4,7,5,0.1,5.0
2025-01-18 00:07:48,1,5,5,0.1,4.0
2025-01-18 00:08:25,3,2,4,0.08,3.0
2025-01-18 00:09:26,1,2,3,0.06,2.0
2025-01-18 00:10:23,0,1,2,0.04,2.0
2025-01-18 00:14:18,0,2,2,0.04,3.0
2025-01-18 00:18:35,2,5,3,0.06,3.0
2025-01-18 00:21:12,4,4,3,0.06,3.0
2025-01-18 00:25:56,0,2,3,0.06,3.0
2025-01-18 00:29:57,1,4,3,0.06,4.0
2025-01-18 00:34:25,3,6,4,0.08,5.0
2025-01-18 00:38:21,0,7,5,0.1,5.0
2025-01-18 00:42:55,2,5,5,0.1,5.0
2025-01-18 00:44:09,3,5,5,0.1,4.0
2025-01-18 00:46:23,1,3,4,0.08,4.0
2025-01-18 00:50:46,0,5,4,0.08,4.0
2025-01-18 00:54:24,0,3,4,0.08,3.0
2025-01-18 00:55:37,2,1,3,0.06,3.0
2025-01-18 00:59:51,3,3,3,0.06,3.0
2025-01-18 01:02:42,0,3,3,0.06,4.0
2025-01-18 01:05:27,3,6,4,0.08,3.0
2025-01-18 01:08:52,4,0,3,0.06,4.0
2025-01-18 01:11:43,4,7,4,0.08,3.0
2025-01-18 01:13:32,4,0,3,0.06,2.0
2025-01-18 01:15:23,1,1,2,0.04,3.0
2025-01-18 01:18:07,2,4,3,0.06,2.0
2025-01-18 01:22:03,4,0,2,0.04,1.0
2025-01-18 01:25:29,4,0,1,0.02,1.0
2025-01-18 01:30:01,2,1,1,0.02,1.0
2025-01-18 01:31:25,2,0,1,0.02,2.0
2025-01-18 01:34:15,1,6,2,0.04,3.0
2025-01-18 01:35:40,3,6,3,0.06,3.0
2025-01-18 01:36:24,0,3,3,0.06,4.0
2025-01-18 01:39:58,1,5,4,0.08,5.0
2025-01-18 01:41:55,0,6,5,0.1,5.0
2025-01-18 01:44:01,0,5,5,0.1,4.0
2025-01-18 01:46:54,2,0,4,0.08,4.0
2025-01-18 01:47:31,1,4,4,0.08,3.0
2025-01-18 01:51:35,4,2,3,0.06,2.0
2025-01-18 01:54:57,3,0,2,0.04,3.0
2025-01-18 01:59:09,2,6,3,0.06,4.0
2025-01-18 02:00:18,1,7,4,0.08,3.0
2025-01-18 02:03:49,4,1,3,0.06,3.0
2025-01-18 02:08:48,0,2,3,0.06,4.0
2025-01-18 02:12:24,4,7,4,0.08,4.0
2025-01-18 02:16:58,1,5,4,0.08,5.0
2025-01-18 02:21:18,2,7,5,0.1,4.0
2025-01-18 02:24:22,0,3,4,0.08,5.0
2025-01-18 02:27:46,1,6,5,0.1,5.0
2025-01-18 02:30:10,2,6,5,0.1,6.0
2025-01-18 02:30:57,3,7,6,0.12,4.0
2025-01-18 02:31:38,3,1,4,0.08,3.0
2025-01-18 02:35:19,4,1,3,0.06,4.0
2025-01-18 02:39:40,4,6,4,0.08,4.0
2025-01-18 02:41:42,2,4,4,0.08,5.0
2025-01-18 02:45:49,4,7,5,0.1,4.0
2025-01-18 02:46:47,0,2,4,0.08,4.0
2025-01-18 02:48:33,2,4,4,0.08,5.0
2025-01-18 02:49:11,1,7,5,0.1,4.0
2025-01-18 02:50:04,2,2,4,0.08,5.0
2025-01-18 02:50:48,1,6,5,0.1,6.0
2025-01-18 02:54:01,2,7,6,0.12,6.0
2025-01-18 02:54:43,1,6,6,0.12,6.0
2025-01-18 02:58:04,3,6,6,0.12,5.0
2025-01-18 03:01:53,0,4,5,0.1,4.0
2025-01-18 03:03:38,1,2,4,0.08,4.0
2025-01-18 03:06:51,2,4,4,0.08,4.0
2025-01-18 03:08:21,3,4,4,0.08,3.0
2025-01-18 03:12:55,1,2,3,0.06,3.0
2025-01-18 03:15:59,2,3,3,0.06,3.0
2025-01-18 03:20:45,3,4,3,0.06,2.0
2025-01-18 03:25:18,2,1,2,0.04,3.0
2025-01-18 03:28:29,4,4,3,0.06,4.0
2025-01-18 03:30:06,3,7,4,0.08,5.0
2025-01-18 03:33:16,2,6,5,0.1,5.0
2025-01-18 03:38:04,4,5,5,0.1,4.0
2025-01-18 03:40:08,0,3,4,0.08,5.0
2025-01-18 03:44:43,4,6,5,0.1,4.0
2025-01-18 03:48:53,0,3,4,0.08,5.0
2025-01-18 03:51:25,3,6,5,0.1,5.0
2025-01-18 03:55:01,0,4,5,0.1,6.0
2025-01-18 03:59:52,3,7,6,0.12,5.0
2025-01-18 04:01:21,0,2,5,0.1,4.0
2025-01-18 04:03:55,2,3,4,0.08,5.0
2025-01-18 04:05:15,0,7,5,0.1,4.0
2025-01-18 04:08:42,4,3,4,0.08,3.0
2025-01-18 04:11:30,0,0,3,0.06,4.0
2025-01-18 04:14:49,2,6,4,0.08,4.0
2025-01-18 04:15:57,3,5,4,0.08,4.0
2025-01-18 04:17:35,2,4,4,0.08,3.0
2025-01-18 04:22:00,2,0,3,0.06,3.0
2025-01-18 04:23:17,2,2,3,0.06,2.0
2025-01-18 04:24:43,1,0,2,0.04,2.0
2025-01-18 04:26:51,1,2,2,0.04,3.0
2025-01-18 04:27:35,4,5,3,0.06,4.0
2025-01-18 04:31:03,4,6,4,0.08,4.0
2025-01-18 04:32:34,3,4,4,0.08,5.0
2025-01-18 04:35:02,0,7,5,0.1,4.0
2025-01-18 04:36:08,3,1,4,0.08,3.0
2025-01-18 04:38:51,0,1,3,0.06,4.0
2025-01-18 04:39:46,2,6,4,0.08,5.0
2025-01-18 04:40:23,3,6,5,0.1,5.0
2025-01-18 04:40:56,0,6,5,0.1,5.0
2025-01-18 04:41:46,3,5,5,0.1,5.0
2025-01-18 04:44:44,4,6,5,0.1,5.0
2025-01-18 04:45:38,3,6,5,0.1,4.0
2025-01-18 04:48:30,2,2,4,0.08,3.0
2025-01-18 04:53:04,3,1,3,0.06,4.0
2025-01-18 04:54:16,4,6,4,0.08,5.0
2025-01-18 04:57:50,2,6,5,0.1,6.0
2025-01-18 04:59:01,1,7,6,0.12,6.0
2025-01-18 05:01:02,4,6,6,0.12,5.0
2025-01-18 05:02:24,4,4,5,0.1,4.0
2025-01-18 05:04:17,2,0,4,0.08,3.0
2025-01-18 05:05:20,0,0,3,0.06,3.0
2025-01-18 05:07:05,3,2,3,0.06,4.0
2025-01-18 05:10:51,1,5,4,0.08,5.0
2025-01-18 05:12:48,2,7,5,0.1,5.0
2025-01-18 05:17:12,1,5,5,0.1,5.0
2025-01-18 05:21:33,3,6,5,0.1,4.0
2025-01-18 05:22:09,4,2,4,0.08,5.0
2025-01-18 05:23:16,2,6,5,0.1,4.0
2025-01-18 05:24:37,0,3,4,0.08,3.0
2025-01-18 05:27:29,4,2,3,0.06,4.0
2025-01-18 05:31:39,2,6,4,0.08,3.0
2025-01-18 05:36:08,2,0,3,0.06,3.0
2025-01-18 05:39:00,3,4,3,0.06,3.0
2025-01-18 05:40:18,3,4,3,0.06,3.0
2025-01-18 05:45:18,1,4,3,0.06,3.0
2025-01-18 05:46:01,2,2,3,0.06,2.0
2025-01-18 05:46:45,1,0,2,0.04,1.0
2025-01-18 05:51:08,2,0,1,0.02,1.0
2025-01-18 05:52:40,3,0,1,0.02,1.0
2025-01-18 05:56:25,4,1,1,0.02,2.0
2025-01-18 05:57:21,4,3,2,0.04,1.0
2025-01-18 05:59:23,2,0,1,0.02,2.0
2025-01-18 06:01:37,1,3,2,0.04,3.0
2025-01-18 06:02:58,3,4,3,0.06,4.0
2025-01-18 06:06:28,2,6,4,0.08,3.0
2025-01-18 06:07:54,1,1,3,0.06,3.0
2025-01-18 06:10:23,3,4,3,0.06,3.0
2025-01-18 06:11:35,1,3,3,0.06,4.0
2025-01-18 06:14:19,0,6,4,0.08,3.0
2025-01-18 06:19:08,2,1,3,0.06,3.0
2025-01-18 06:22:54,4,3,3,0.06,4.0
2025-01-18 06:25:36,3,7,4,0.08,5.0
2025-01-18 06:30:20,1,6,5,0.1,4.0
2025-01-18 06:34:29,0,2,4,0.08,5.0
2025-01-18 06:35:39,3,6,5,0.1,4.0
2025-01-18 06:40:23,1,1,4,0.08,3.0
2025-01-18 06:40:54,2,1,3,0.06,4.0
2025-01-18 06:44:38,1,7,4,0.08,5.0
2025-01-18 06:49:09,1,6,5,0.1,4.0
2025-01-18 06:52:07,3,1,4,0.08,3.0
2025-01-18 06:55:54,2,1,3,0.06,4.0
2025-01-18 07:00:28,3,5,4,0.08,5.0
2025-01-18 07:02:45,1,7,5,0.1,4.0
2025-01-18 07:06:46,2,0,4,0.08,5.0
2025-01-18 07:09:51,0,7,5,0.1,4.0
2025-01-18 07:10:46,0,2,4,0.08,3.0
2025-01-18 07:12:37,0,1,3,0.06,4.0
2025-01-18 07:14:29,0,6,4,0.08,3.0
2025-01-18 07:17:09,1,2,3,0.06,3.0
2025-01-18 07:19:18,1,2,3,0.06,4.0
2025-01-18 07:24:03,4,5,4,0.08,4.0
2025-01-18 07:25:21,3,3,4,0.08,3.0
2025-01-18 07:26:53,1,2,3,0.06,2.0
2025-01-18 07:29:07,3,0,2,0.04,3.0
2025-01-18 07:31:21,2,5,3,0.06,4.0
2025-01-18 07:32:05,2,7,4,0.08,5.0
2025-01-18 07:35:29,2,7,5,0.1,4.0
2025-01-18 07:40:17,2,1,4,0.08,4.0
2025-01-18 07:44:17,0,4,4,0.08,5.0
2025-01-18 07:49:05,2,6,5,0.1,5.0
2025-01-18 07:51:16,1,6,5,0.1,4.0
2025-01-18 07:56:05,0,0,4,0.08,4.0
2025-01-18 07:59:13,2,3,4,0.08,8.0
2025-01-18 08:00:27,1,16,8,0.16,11.0
2025-01-18 08:05:07,4,18,11,0.22,13.0
2025-01-18 08:08:21,4,17,13,0.26,13.0
2025-01-18 08:12:03,1,13,13,0.26,13.0
2025-01-18 08:12:41,3,13,13,0.26,14.0
2025-01-18 08:14:15,4,16,14,0.28,12.0
2025-01-18 08:17:45,1,7,12,0.24,13.0
2025-01-18 08:18:44,1,16,13,0.26,12.0
2025-01-18 08:23:39,3,9,12,0.24,12.0
2025-01-18 08:27:45,0,13,12,0.24,13.0
2025-01-18 08:29:59,1,16,13,0.26,12.0
2025-01-18 08:33:32,3,10,12,0.24,13.0
2025-01-18 08:36:29,2,16,13,0.26,13.0
2025-01-18 08:38:43,3,12,13,0.26,11.0
2025-01-18 08:39:59,2,6,11,0.22,10.0
2025-01-18 08:41:55,4,7,10,0.2,12.0
2025-01-18 08:44:33,3,18,12,0.24,11.0
2025-01-18 08:49:20,4,8,11,0.22,12.0
2025-01-18 08:52:16,3,16,12,0.24,10.0
2025-01-18 08:53:57,4,6,10,0.2,9.0
2025-01-18 08:56:46,3,7,9,0.18,10.0
2025-01-18 08:57:42,0,11,10,0.2,12.0
2025-01-18 08:58:40,1,15,12,0.24,14.0
2025-01-18 09:03:40,2,18,14,0.28,15.0
2025-01-18 09:07:03,1,17,15,0.3,14.0
2025-01-18 09:11:45,4,13,14,0.28,14.0
2025-01-18 09:13:14,1,14,14,0.28,14.0
2025-01-18 09:15:30,3,14,14,0.28,15.0
2025-01-18 09:19:39,0,18,15,0.3,15.0
2025-01-18 09:24:27,0,16,15,0.3,15.0
2025-01-18 09:27:22,4,14,15,0.3,14.0
2025-01-18 09:28:43,1,10,14,0.28,13.0
2025-01-18 09:30:12,0,11,13,0.26,13.0
2025-01-18 09:31:15,4,14,13,0.26,13.0
2025-01-18 09:33:20,2,12,13,0.26,13.0
2025-01-18 09:35:18,4,13,13,0.26,12.0
2025-01-18 09:39:38,4,8,12,0.24,14.0
2025-01-18 09:44:13,3,19,14,0.28,14.0
2025-01-18 09:46:33,2,14,14,0.28,12.0
2025-01-18 09:50:56,2,9,12,0.24,13.0
2025-01-18 09:54:11,1,15,13,0.26,13.0
2025-01-18 09:56:48,3,14,13,0.26,12.0
2025-01-18 10:01:14,1,9,12,0.24,10.0
2025-01-18 10:03:30,1,6,10,0.2,12.0
2025-01-18 10:06:07,2,17,12,0.24,12.0
2025-01-18 10:09:51,3,12,12,0.24,13.0
2025-01-18 10:12:43,3,14,13,0.26,12.0
2025-01-18 10:15:03,3,10,12,0.24,14.0
2025-01-18 10:17:02,1,18,14,0.28,16.0
2025-01-18 10:21:42,4,19,16,0.32,16.0
2025-01-18 10:25:55,3,17,16,0.32,16.0
2025-01-18 10:28:05,0,17,16,0.32,16.0
2025-01-18 10:30:46,4,15,16,0.32,16.0
2025-01-18 10:31:28,4,16,16,0.32,14.0
2025-01-18 10:33:35,2,9,14,0.28,12.0
2025-01-18 10:36:04,4,8,12,0.24,12.0
2025-01-18 10:39:52,4,12,12,0.24,14.0
2025-01-18 10:40:22,4,18,14,0.28,13.0
2025-01-18 10:41:51,1,12,13,0.26,13.0
2025-01-18 10:46:30,0,14,13,0.26,14.0
2025-01-18 10:49:19,0,18,14,0.28,15.0
2025-01-18 10:52:17,4,18,15,0.3,14.0
2025-01-18 10:53:30,1,10,14,0.28,15.0
2025-01-18 10:57:05,0,17,15,0.3,12.0
2025-01-18 10:59:22,1,6,12,0.24,13.0
2025-01-18 11:00:35,4,15,13,0.26,12.0
2025-01-18 11:02:22,3,10,12,0.24,10.0
2025-01-18 11:06:37,1,6,10,0.2,12.0
2025-01-18 11:09:48,0,17,12,0.24,11.0
2025-01-18 11:14:30,3,9,11,0.22,13.0
2025-01-18 11:17:11,3,18,13,0.26,12.0
2025-01-18 11:20:04,0,10,12,0.24,14.0
2025-01-18 11:24:59,0,19,14,0.28,14.0
2025-01-18 11:27:17,4,13,14,0.28,16.0
2025-01-18 11:31:00,2,19,16,0.32,17.0
2025-01-18 11:32:04,3,19,17,0.34,16.0
2025-01-18 11:35:40,0,13,16,0.32,15.0
2025-01-18 11:40:12,3,12,15,0.3,14.0
2025-01-18 11:45:05,2,12,14,0.28,15.0
2025-01-18 11:45:44,2,17,15,0.3,15.0
2025-01-18 11:48:59,2,15,15,0.3,12.0
2025-01-18 11:49:57,4,6,12,0.24,11.0
2025-01-18 11:54:57,3,10,11,0.22,11.0
2025-01-18 11:56:53,1,11,11,0.22,12.0
2025-01-18 11:57:45,3,13,12,0.24,9.0
2025-01-18 12:01:44,4,2,9,0.18,7.0
2025-01-18 12:02:59,4,2,7,0.14,7.0
2025-01-18 12:03:56,4,7,7,0.14,6.0
2025-01-18 12:04:51,0,4,6,0.12,6.0
2025-01-18 12:09:46,2,7,6,0.12,6.0
2025-01-18 12:13:10,3,6,6,0.12,4.0
2025-01-18 12:13:43,3,1,4,0.08,4.0
2025-01-18 12:15:19,2,5,4,0.08,3.0
2025-01-18 12:18:03,3,1,3,0.06,2.0
2025-01-18 12:19:27,2,1,2,0.04,3.0
2025-01-18 12:20:27,2,4,3,0.06,4.0
2025-01-18 12:22:10,0,6,4,0.08,3.0
2025-01-18 12:22:58,2,1,3,0.06,3.0
2025-01-18 12:26:03,4,4,3,0.06,3.0
2025-01-18 12:29:08,3,2,3,0.06,3.0
2025-01-18 12:32:04,4,2,3,0.06,4.0
2025-01-18 12:34:00,2,7,4,0.08,3.0
2025-01-18 12:34:49,3,0,3,0.06,3.0
2025-01-18 12:39:47,4,2,3,0.06,3.0
2025-01-18 12:40:59,2,2,3,0.06,2.0
2025-01-18 12:41:56,2,1,2,0.04,4.0
2025-01-18 12:46:45,0,7,4,0.08,4.0
2025-01-18 12:47:36,1,4,4,0.08,4.0
2025-01-18 12:49:46,2,5,4,0.08,5.0
2025-01-18 12:50:54,3,6,5,0.1,4.0
2025-01-18 12:54:13,0,0,4,0.08,5.0
2025-01-18 12:56:52,0,6,5,0.1,5.0
2025-01-18 12:59:57,1,6,5,0.1,5.0
2025-01-18 13:01:40,2,6,5,0.1,4.0
2025-01-18 13:03:39,2,0,4,0.08,4.0
2025-01-18 13:05:15,2,3,4,0.08,4.0
2025-01-18 13:09:40,2,5,4,0.08,3.0
2025-01-18 13:13:29,4,2,3,0.06,4.0
2025-01-18 13:17:45,1,5,4,0.08,5.0
2025-01-18 13:22:07,2,6,5,0.1,4.0
2025-01-18 13:27:02,4,0,4,0.08,3.0
2025-01-18 13:28:57,4,2,3,0.06,2.0
2025-01-18 13:31:08,4,1,2,0.04,1.0
2025-01-18 13:35:11,2,0,1,0.02,1.0
2025-01-18 13:37:28,3,0,1,0.02,2.0
2025-01-18 13:40:42,4,4,2,0.04,3.0
2025-01-18 13:42:42,1,4,3,0.06,4.0
2025-01-18 13:46:23,0,5,4,0.08,5.0
2025-01-18 13:48:18,3,6,5,0.1,6.0
2025-01-18 13:52:29,1,7,6,0.12,4.0
2025-01-18 13:54:39,2,1,4,0.08,5.0
2025-01-18 13:58:54,3,6,5,0.1,5.0
2025-01-18 14:00:23,4,6,5,0.1,5.0
2025-01-18 14:05:02,4,5,5,0.1,5.0
2025-01-18 14:06:19,2,6,5,0.1,5.0
2025-01-18 14:08:45,4,5,5,0.1,6.0
2025-01-18 14:13:01,0,7,6,0.12,6.0
2025-01-18 14:14:03,4,7,6,0.12,6.0
2025-01-18 14:15:16,0,6,6,0.12,5.0
2025-01-18 14:18:30,2,2,5,0.1,4.0
2025-01-18 14:22:44,4,0,4,0.08,5.0
2025-01-18 14:26:37,2,7,5,0.1,4.0
2025-01-18 14:29:58,0,2,4,0.08,3.0
2025-01-18 14:30:39,4,2,3,0.06,3.0
2025-01-18 14:33:09,0,2,3,0.06,3.0
2025-01-18 14:37:42,3,4,3,0.06,2.0
2025-01-18 14:40:43,3,0,2,0.04,4.0
2025-01-18 14:43:44,2,7,4,0.08,4.0
2025-01-18 14:47:21,2,4,4,0.08,4.0
2025-01-18 14:48:03,1,4,4,0.08,3.0
2025-01-18 14:50:03,2,2,3,0.06,3.0
2025-01-18 14:53:52,0,2,3,0.06,4.0
2025-01-18 14:55:35,4,5,4,0.08,4.0
2025-01-18 15:00:20,4,4,4,0.08,3.0
2025-01-18 15:02:00,4,0,3,0.06,4.0
2025-01-18 15:03:47,2,5,4,0.08,4.0
2025-01-18 15:06:26,1,3,4,0.08,5.0
2025-01-18 15:07:38,4,7,5,0.1,4.0
2025-01-18 15:08:15,0,0,4,0.08,4.0
2025-01-18 15:08:57,3,4,4,0.08,4.0
2025-01-18 15:12:59,4,5,4,0.08,3.0
2025-01-18 15:15:19,1,0,3,0.06,3.0
2025-01-18 15:16:11,4,3,3,0.06,4.0
2025-01-18 15:20:54,1,6,4,0.08,5.0
2025-01-18 15:21:38,4,7,5,0.1,4.0
2025-01-18 15:24:17,0,3,4,0.08,4.0
2025-01-18 15:25:47,3,5,4,0.08,5.0
2025-01-18 15:28:11,2,7,5,0.1,5.0
2025-01-18 15:29:47,4,5,5,0.1,4.0
2025-01-18 15:34:25,1,1,4,0.08,5.0
2025-01-18 15:37:49,3,6,5,0.1,5.0
2025-01-18 15:38:20,3,6,5,0.1,4.0
2025-01-18 15:41:41,1,3,4,0.08,3.0
2025-01-18 15:43:04,1,0,3,0.06,2.0
2025-01-18 15:44:40,3,0,2,0.04,4.0
2025-01-18 15:46:51,2,7,4,0.08,3.0
2025-01-18 15:49:20,3,1,3,0.06,2.0
2025-01-18 15:53:00,3,1,2,0.04,2.0
2025-01-18 15:54:16,4,1,2,0.04,2.0
2025-01-18 15:58:27,4,1,2,0.04,4.0
2025-01-18 15:59:17,0,7,4,0.08,3.0
2025-01-18 16:02:24,0,1,3,0.06,3.0
2025-01-18 16:05:32,4,2,3,0.06,4.0
2025-01-18 16:09:56,1,7,4,0.08,4.0
2025-01-18 16:12:55,0,5,4,0.08,4.0
2025-01-18 16:17:41,3,5,4,0.08,4.0
2025-01-18 16:20:55,0,5,4,0.08,4.0
2025-01-18 16:22:41,1,5,4,0.08,4.0
2025-01-18 16:24:35,2,5,4,0.08,4.0
2025-01-18 16:25:50,4,5,4,0.08,5.0
2025-01-18 16:27:06,3,7,5,0.1,5.0
2025-01-18 16:31:08,0,6,5,0.1,6.0
2025-01-18 16:32:36,1,7,6,0.12,6.0
2025-01-18 16:33:59,1,6,6,0.12,5.0
2025-01-18 16:34:40,3,4,5,0.1,4.0
2025-01-18 16:38:21,0,0,4,0.08,5.0
2025-01-18 16:38:56,0,7,5,0.1,5.0
2025-01-18 16:41:49,4,4,5,0.1,5.0
2025-01-18 16:46:39,3,5,5,0.1,4.0
2025-01-18 16:48:21,0,0,4,0.08,4.0
2025-01-18 16:51:44,3,5,4,0.08,5.0
2025-01-18 16:56:05,3,6,5,0.1,6.0
2025-01-18 17:01:04,1,9,6,0.12,9.0
2025-01-18 17:05:15,2,17,9,0.18,12.0
2025-01-18 17:06:36,3,18,12,0.24,10.0
2025-01-18 17:09:01,2,7,10,0.2,12.0
2025-01-18 17:09:56,1,15,12,0.24,14.0
2025-01-18 17:11:18,1,19,14,0.28,12.0
2025-01-18 17:12:16,0,7,12,0.24,14.0
2025-01-18 17:13:04,0,18,14,0.28,15.0
2025-01-18 17:15:30,0,16,15,0.3,14.0
2025-01-18 17:17:45,2,11,14,0.28,13.0
2025-01-18 17:22:01,3,11,13,0.26,12.0
2025-01-18 17:25:36,0,8,12,0.24,12.0
2025-01-18 17:30:26,0,11,12,0.24,11.0
2025-01-18 17:31:11,0,8,11,0.22,10.0
2025-01-18 17:34:20,1,8,10,0.2,10.0
2025-01-18 17:38:59,2,10,10,0.2,11.0
2025-01-18 17:43:12,1,12,11,0.22,12.0
2025-01-18 17:47:57,1,15,12,0.24,12.0
2025-01-18 17:51:26,1,12,12,0.24,11.0
2025-01-18 17:52:15,0,8,11,0.22,10.0
2025-01-18 17:54:36,3,7,10,0.2,12.0
2025-01-18 17:57:05,0,15,12,0.24,13.0
2025-01-18 18:00:48,4,14,13,0.26,14.0
2025-01-18 18:03:08,1,18,14,0.28,12.0
2025-01-18 18:07:07,4,7,12,0.24,10.0
2025-01-18 18:07:37,3,7,10,0.2,9.0
2025-01-18 18:09:04,4,8,9,0.18,9.0
2025-01-18 18:11:06,0,10,9,0.18,8.0
2025-01-18 18:15:16,4,7,8,0.16,9.0
2025-01-18 18:19:16,3,10,9,0.18,11.0
2025-01-18 18:23:37,2,15,11,0.22,10.0
2025-01-18 18:28:28,2,9,10,0.2,11.0
2025-01-18 18:30:40,4,14,11,0.22,11.0
2025-01-18 18:31:59,3,11,11,0.22,12.0
2025-01-18 18:34:18,1,16,12,0.24,13.0
2025-01-18 18:36:15,0,14,13,0.26,12.0
2025-01-18 18:37:04,4,10,12,0.24,13.0
2025-01-18 18:37:47,2,16,13,0.26,13.0
2025-01-18 18:40:29,2,14,13,0.26,12.0
2025-01-18 18:41:32,0,10,12,0.24,10.0
2025-01-18 18:45:29,1,6,10,0.2,12.0
2025-01-18 18:49:17,2,15,12,0.24,12.0
2025-01-18 18:51:06,2,13,12,0.24,14.0
2025-01-18 18:52:46,4,18,14,0.28,12.0
2025-01-18 18:55:50,0,7,12,0.24,11.0
2025-01-18 18:57:37,3,9,11,0.22,12.0
2025-01-18 18:59:24,2,13,12,0.24,12.0
2025-01-18 19:02:45,3,11,12,0.24,12.0
2025-01-18 19:03:47,3,12,12,0.24,13.0
2025-01-18 19:04:23,0,15,13,0.26,12.0
2025-01-18 19:07:32,1,10,12,0.24,12.0
2025-01-18 19:12:01,4,11,12,0.24,10.0
2025-01-18 19:12:54,1,7,10,0.2,12.0
2025-01-18 19:16:57,4,17,12,0.24,13.0
2025-01-18 19:18:36,3,15,13,0.26,12.0
2025-01-18 19:22:41,4,8,12,0.24,10.0
2025-01-18 19:24:54,2,7,10,0.2,10.0
2025-01-18 19:28:58,1,9,10,0.2,13.0
2025-01-18 19:30:21,3,19,13,0.26,12.0
2025-01-18 19:34:13,3,9,12,0.24,11.0
2025-01-18 19:35:27,2,10,11,0.22,11.0
2025-01-18 19:39:14,2,12,11,0.22,12.0
2025-01-18 19:43:19,1,14,12,0.24,13.0
2025-01-18 19:46:52,1,17,13,0.26,12.0
2025-01-18 19:47:48,2,8,12,0.24,13.0
2025-01-18 19:51:03,4,17,13,0.26,12.0
2025-01-18 19:53:15,3,11,12,0.24,11.0
2025-01-18 19:55:28,0,9,11,0.22,11.0
2025-01-18 20:00:02,4,11,11,0.22,12.0
2025-01-18 20:03:20,4,15,12,0.24,11.0
2025-01-18 20:05:45,3,9,11,0.22,10.0
2025-01-18 20:08:35,3,9,10,0.2,10.0
2025-01-18 20:11:09,4,9,10,0.2,12.0
2025-01-18 20:12:03,2,17,12,0.24,14.0
2025-01-18 20:15:46,2,19,14,0.28,14.0
2025-01-18 20:17:55,1,14,14,0.28,13.0
2025-01-18 20:18:29,2,11,13,0.26,13.0
2025-01-18 20:19:17,4,14,13,0.26,14.0
2025-01-18 20:22:36,3,15,14,0.28,16.0
2025-01-18 20:27:19,3,19,16,0.32,15.0
2025-01-18 20:29:49,4,13,15,0.3,15.0
2025-01-18 20:30:50,2,15,15,0.3,14.0
2025-01-18 20:33:48,1,12,14,0.28,14.0
2025-01-18 20:38:43,4,14,14,0.28,12.0
2025-01-18 20:39:49,1,8,12,0.24,10.0
2025-01-18 20:43:15,2,7,10,0.2,9.0
2025-01-18 20:43:57,0,6,9,0.18,10.0
2025-01-18 20:47:29,1,12,10,0.2,12.0
2025-01-18 20:50:23,2,17,12,0.24,12.0
2025-01-18 20:55:17,0,13,12,0.24,14.0
2025-01-18 20:57:14,0,19,14,0.28,14.0
2025-01-18 20:58:29,4,14,14,0.28,13.0
2025-01-18 21:00:57,3,12,13,0.26,11.0
2025-01-18 21:01:45,3,6,11,0.22,12.0
2025-01-18 21:05:54,1,15,12,0.24,12.0
2025-01-18 21:10:16,4,13,12,0.24,13.0
2025-01-18 21:12:19,2,17,13,0.26,14.0
2025-01-18 21:16:59,0,18,14,0.28,12.0
2025-01-18 21:21:38,1,7,12,0.24,13.0
2025-01-18 21:25:59,4,16,13,0.26,14.0
2025-01-18 21:27:14,1,17,14,0.28,14.0
2025-01-18 21:28:29,2,14,14,0.28,12.0
2025-01-18 21:29:12,2,8,12,0.24,13.0
2025-01-18 21:31:06,2,14,13,0.26,13.0
2025-01-18 21:31:38,3,13,13,0.26,12.0
2025-01-18 21:32:35,3,11,12,0.24,14.0
2025-01-18 21:35:41,4,18,14,0.28,13.0
2025-01-18 21:39:05,3,12,13,0.26,11.0
2025-01-18 21:41:28,4,6,11,0.22,12.0
2025-01-18 21:46:07,3,16,12,0.24,10.0
2025-01-18 21:47:35,0,7,10,0.2,11.0
2025-01-18 21:51:27,3,14,11,0.22,10.0
2025-01-18 21:55:55,0,7,10,0.2,8.0
2025-01-18 22:00:18,4,5,8,0.16,7.0
2025-01-18 22:02:22,1,5,7,0.14,6.0
2025-01-18 22:05:12,2,5,6,0.12,6.0
2025-01-18 22:07:34,4,6,6,0.12,4.0
2025-01-18 22:09:52,3,1,4,0.08,5.0
2025-01-18 22:11:58,0,7,5,0.1,5.0
2025-01-18 22:12:43,3,4,5,0.1,4.0
2025-01-18 22:13:56,2,1,4,0.08,3.0
2025-01-18 22:18:15,0,0,3,0.06,3.0
2025-01-18 22:20:32,3,4,3,0.06,4.0
2025-01-18 22:24:38,1,6,4,0.08,3.0
2025-01-18 22:29:27,3,1,3,0.06,2.0
2025-01-18 22:33:12,3,0,2,0.04,3.0
2025-01-18 22:35:16,1,5,3,0.06,4.0
2025-01-18 22:36:41,3,7,4,0.08,3.0
2025-01-18 22:37:42,4,0,3,0.06,4.0
2025-01-18 22:42:02,0,7,4,0.08,3.0
2025-01-18 22:42:40,2,2,3,0.06,3.0
2025-01-18 22:46:20,0,3,3,0.06,2.0
2025-01-18 22:50:09,1,0,2,0.04,3.0
2025-01-18 22:53:19,0,4,3,0.06,4.0
2025-01-18 22:55:15,3,7,4,0.08,3.0
2025-01-18 22:56:05,1,1,3,0.06,3.0
2025-01-18 22:57:50,3,3,3,0.06,2.0
2025-01-18 23:00:40,0,0,2,0.04,3.0
2025-01-18 23:03:15,1,6,3,0.06,2.0
2025-01-18 23:07:55,4,1,2,0.04,2.0
2025-01-18 23:09:48,3,1,2,0.04,3.0
2025-01-18 23:11:05,3,5,3,0.06,4.0
2025-01-18 23:12:52,4,6,4,0.08,3.0
2025-01-18 23:13:51,2,2,3,0.06,3.0
2025-01-18 23:16:36,2,3,3,0.06,4.0
2025-01-18 23:19:25,2,6,4,0.08,5.0
2025-01-18 23:20:35,4,7,5,0.1,5.0
2025-01-18 23:21:54,1,6,5,0.1,4.0
2025-01-18 23:26:41,2,1,4,0.08,3.0
2025-01-18 23:31:40,4,0,3,0.06,4.0
2025-01-18 23:34:23,2,5,4,0.08,3.0
2025-01-18 23:38:46,0,0,3,0.06,4.0
2025-01-18 23:41:23,4,5,4,0.08,3.0
2025-01-18 23:43:36,3,1,3,0.06,2.0
2025-01-18 23:48:19,3,0,2,0.04,4.0
2025-01-18 23:50:23,3,7,4,0.08,4.0
2025-01-18 23:54:29,1,4,4,0.08,5.0
2025-01-18 23:55:59,4,7,5,0.1,4.0
2025-01-19 00:00:56,1,0,4,0.08,4.0
2025-01-19 00:05:26,2,5,4,0.08,3.0
2025-01-19 00:06:08,4,1,3,0.06,3.0
2025-01-19 00:09:04,3,4,3,0.06,4.0
2025-01-19 00:13:33,2,7,4,0.08,4.0
2025-01-19 00:15:31,1,5,4,0.08,3.0
2025-01-19 00:17:35,3,2,3,0.06,3.0
2025-01-19 00:18:29,2,2,3,0.06,2.0
2025-01-19 00:21:44,2,1,2,0.04,2.0
2025-01-19 00:26:23,0,3,2,0.04,1.0
2025-01-19 00:28:19,4,0,1,0.02,1.0
2025-01-19 00:31:10,1,0,1,0.02,2.0
2025-01-19 00:33:53,0,4,2,0.04,1.0
2025-01-19 00:36:28,4,0,1,0.02,1.0
2025-01-19 00:39:18,4,1,1,0.02,2.0
2025-01-19 00:41:30,1,6,2,0.04,2.0
2025-01-19 00:45:45,3,1,2,0.04,1.0
2025-01-19 00:47:17,0,0,1,0.02,2.0
2025-01-19 00:52:00,2,5,2,0.04,3.0
2025-01-19 00:55:29,4,6,3,0.06,4.0
2025-01-19 00:56:38,3,5,4,0.08,3.0
2025-01-19 01:01:31,2,0,3,0.06,3.0
2025-01-19 01:05:09,1,3,3,0.06,4.0
2025-01-19 01:05:46,0,7,4,0.08,5.0
2025-01-19 01:07:59,4,6,5,0.1,4.0
2025-01-19 01:12:13,2,3,4,0.08,4.0
2025-01-19 01:13:16,1,4,4,0.08,4.0
2025-01-19 01:17:41,2,4,4,0.08,3.0
2025-01-19 01:21:58,2,1,3,0.06,4.0
2025-01-19 01:25:35,0,6,4,0.08,3.0
2025-01-19 01:26:26,4,2,3,0.06,4.0
2025-01-19 01:27:35,0,6,4,0.08,3.0
2025-01-19 01:30:57,3,0,3,0.06,3.0
2025-01-19 01:34:25,4,4,3,0.06,2.0
2025-01-19 01:36:20,2,1,2,0.04,3.0
2025-01-19 01:39:02,2,5,3,0.06,3.0
2025-01-19 01:39:44,2,4,3,0.06,3.0
2025-01-19 01:40:41,0,4,3,0.06,3.0
2025-01-19 01:42:34,2,2,3,0.06,3.0
2025-01-19 01:47:26,4,4,3,0.06,2.0
2025-01-19 01:50:41,2,1,2,0.04,2.0
2025-01-19 01:52:18,4,3,2,0.04,2.0
2025-01-19 01:56:33,0,3,2,0.04,1.0
2025-01-19 01:59:52,3,0,1,0.02,2.0
2025-01-19 02:01:47,0,5,2,0.04,2.0
2025-01-19 02:04:29,1,3,2,0.04,2.0
2025-01-19 02:07:56,0,1,2,0.04,3.0
2025-01-19 02:12:37,3,6,3,0.06,3.0
2025-01-19 02:13:21,3,3,3,0.06,4.0
2025-01-19 02:17:33,0,7,4,0.08,4.0
2025-01-19 02:21:23,3,5,4,0.08,4.0
2025-01-19 02:23:39,3,4,4,0.08,4.0
2025-01-19 02:28:18,1,4,4,0.08,4.0
2025-01-19 02:30:16,1,4,4,0.08,5.0
2025-01-19 02:32:50,0,7,5,0.1,5.0
2025-01-19 02:35:12,1,6,5,0.1,4.0
2025-01-19 02:37:58,3,1,4,0.08,3.0
2025-01-19 02:42:34,1,2,3,0.06,3.0
2025-01-19 02:45:49,0,4,3,0.06,4.0
2025-01-19 02:48:48,4,7,4,0.08,4.0
2025-01-19 02:50:25,0,5,4,0.08,5.0
2025-01-19 02:54:35,4,7,5,0.1,5.0
2025-01-19 02:59:35,1,5,5,0.1,6.0
2025-01-19 03:00:24,2,7,6,0.12,4.0
2025-01-19 03:02:33,3,1,4,0.08,4.0
2025-01-19 03:07:14,2,4,4,0.08,4.0
2025-01-19 03:09:00,3,4,4,0.08,4.0
2025-01-19 03:11:44,3,3,4,0.08,4.0
2025-01-19 03:15:06,1,5,4,0.08,4.0
2025-01-19 03:18:56,1,5,4,0.08,3.0
2025-01-19 03:23:02,3,2,3,0.06,4.0
2025-01-19 03:26:59,1,6,4,0.08,3.0
2025-01-19 03:28:42,0,0,3,0.06,2.0
2025-01-19 03:29:22,2,1,2,0.04,3.0
2025-01-19 03:34:07,3,4,3,0.06,2.0
2025-01-19 03:34:48,2,1,2,0.04,4.0
2025-01-19 03:36:35,4,7,4,0.08,3.0
2025-01-19 03:39:56,4,2,3,0.06,2.0
2025-01-19 03:42:01,4,0,2,0.04,1.0
2025-01-19 03:45:29,3,0,1,0.02,1.0
2025-01-19 03:47:02,0,1,1,0.02,1.0
2025-01-19 03:49:43,4,2,1,0.02,2.0
2025-01-19 03:52:01,2,5,2,0.04,3.0
2025-01-19 03:55:18,0,5,3,0.06,4.0
2025-01-19 03:58:47,2,5,4,0.08,4.0
2025-01-19 04:00:14,1,4,4,0.08,5.0
2025-01-19 04:02:02,2,7,5,0.1,4.0
2025-01-19 04:03:32,4,3,4,0.08,4.0
2025-01-19 04:06:02,3,4,4,0.08,5.0
2025-01-19 04:09:58,0,6,5,0.1,4.0
2025-01-19 04:11:01,0,3,4,0.08,3.0
2025-01-19 04:12:40,0,1,3,0.06,4.0
2025-01-19 04:13:26,1,6,4,0.08,3.0
2025-01-19 04:14:15,3,1,3,0.06,4.0
2025-01-19 04:15:53,1,6,4,0.08,5.0
2025-01-19 04:19:57,0,6,5,0.1,4.0
2025-01-19 04:23:07,4,2,4,0.08,4.0
2025-01-19 04:25:18,0,4,4,0.08,4.0
2025-01-19 04:29:13,2,5,4,0.08,5.0
2025-01-19 04:32:07,1,7,5,0.1,5.0
2025-01-19 04:33:33,0,5,5,0.1,5.0
2025-01-19 04:35:25,1,6,5,0.1,5.0
2025-01-19 04:40:23,3,5,5,0.1,4.0
2025-01-19 04:43:59,4,2,4,0.08,3.0
2025-01-19 04:44:34,4,0,3,0.06,4.0
2025-01-19 04:46:53,1,6,4,0.08,3.0
2025-01-19 04:49:40,3,1,3,0.06,4.0
2025-01-19 04:51:00,1,7,4,0.08,3.0
2025-01-19 04:52:20,4,1,3,0.06,3.0
2025-01-19 04:54:16,0,4,3,0.06,2.0
2025-01-19 04:55:53,1,0,2,0.04,3.0
2025-01-19 04:57:46,2,5,3,0.06,2.0
2025-01-19 04:58:57,1,0,2,0.04,3.0
2025-01-19 05:03:05,4,5,3,0.06,4.0
2025-01-19 05:04:31,3,5,4,0.08,4.0
2025-01-19 05:08:46,4,4,4,0.08,4.0
2025-01-19 05:12:31,4,3,4,0.08,3.0
2025-01-19 05:17:08,4,0,3,0.06,3.0
2025-01-19 05:20:23,1,3,3,0.06,4.0
2025-01-19 05:21:54,1,7,4,0.08,3.0
2025-01-19 05:26:46,3,1,3,0.06,3.0
2025-01-19 05:29:07,0,3,3,0.06,3.0
2025-01-19 05:33:49,1,3,3,0.06,3.0
2025-01-19 05:37:37,2,3,3,0.06,4.0
2025-01-19 05:41:04,4,6,4,0.08,3.0
2025-01-19 05:41:59,1,0,3,0.06,4.0
2025-01-19 05:46:34,1,7,4,0.08,4.0
2025-01-19 05:47:22,2,5,4,0.08,3.0
2025-01-19 05:52:16,4,0,3,0.06,2.0
2025-01-19 05:53:05,0,0,2,0.04,3.0
2025-01-19 05:55:20,1,6,3,0.06,4.0
2025-01-19 05:59:46,3,7,4,0.08,4.0
2025-01-19 06:04:21,0,4,4,0.08,3.0
2025-01-19 06:06:11,1,2,3,0.06,3.0
2025-01-19 06:09:10,3,3,3,0.06,2.0
2025-01-19 06:09:49,0,1,2,0.04,3.0
2025-01-19 06:14:02,1,6,3,0.06,4.0
2025-01-19 06:18:55,3,5,4,0.08,4.0
2025-01-19 06:21:53,2,3,4,0.08,3.0
2025-01-19 06:25:36,3,2,3,0.06,3.0
2025-01-19 06:28:57,2,2,3,0.06,3.0
2025-01-19 06:33:51,3,2,3,0.06,2.0
2025-01-19 06:34:46,0,0,2,0.04,3.0
2025-01-19 06:35:41,4,6,3,0.06,3.0
2025-01-19 06:36:44,0,2,3,0.06,3.0
2025-01-19 06:41:37,1,4,3,0.06,3.0
2025-01-19 06:44:24,0,2,3,0.06,2.0
2025-01-19 06:47:56,0,0,2,0.04,3.0
2025-01-19 06:52:27,4,5,3,0.06,4.0
2025-01-19 06:53:50,1,5,4,0.08,5.0
2025-01-19 06:57:07,2,7,5,0.1,4.0
2025-01-19 06:59:35,3,0,4,0.08,3.0
2025-01-19 07:02:27,3,2,3,0.06,4.0
2025-01-19 07:04:17,4,6,4,0.08,3.0
2025-01-19 07:08:51,2,0,3,0.06,3.0
2025-01-19 07:10:22,0,2,3,0.06,4.0
2025-01-19 07:11:37,1,6,4,0.08,4.0
2025-01-19 07:13:33,0,4,4,0.08,5.0
2025-01-19 07:15:41,2,7,5,0.1,4.0
2025-01-19 07:17:03,2,1,4,0.08,4.0
2025-01-19 07:20:44,2,3,4,0.08,5.0
2025-01-19 07:22:33,4,7,5,0.1,4.0
2025-01-19 07:23:18,2,0,4,0.08,5.0
2025-01-19 07:27:01,3,7,5,0.1,6.0
2025-01-19 07:29:51,3,7,6,0.12,4.0
2025-01-19 07:32:08,3,0,4,0.08,5.0
2025-01-19 07:37:02,0,6,5,0.1,5.0
2025-01-19 07:41:00,0,4,5,0.1,6.0
2025-01-19 07:44:14,1,7,6,0.12,5.0
2025-01-19 07:47:15,3,3,5,0.1,5.0
2025-01-19 07:52:12,2,5,5,0.1,4.0
2025-01-19 07:55:12,2,1,4,0.08,3.0
2025-01-19 07:59:08,4,0,3,0.06,8.0
2025-01-19 08:03:52,3,19,8,0.16,10.0
2025-01-19 08:06:42,4,13,10,0.2,9.0
2025-01-19 08:08:47,0,6,9,0.18,11.0
2025-01-19 08:13:03,2,15,11,0.22,13.0
2025-01-19 08:16:45,3,17,13,0.26,13.0
2025-01-19 08:19:12,4,12,13,0.26,14.0
2025-01-19 08:19:46,0,15,14,0.28,12.0
2025-01-19 08:24:18,3,7,12,0.24,12.0
2025-01-19 08:25:08,2,11,12,0.24,11.0
2025-01-19 08:28:09,0,10,11,0.22,12.0
2025-01-19 08:30:46,0,14,12,0.24,11.0
2025-01-19 08:33:19,3,8,11,0.22,10.0
2025-01-19 08:36:14,1,9,10,0.2,11.0
2025-01-19 08:39:15,1,13,11,0.22,10.0
2025-01-19 08:41:35,0,9,10,0.2,9.0
2025-01-19 08:44:00,3,8,9,0.18,10.0
2025-01-19 08:47:37,2,13,10,0.2,10.0
2025-01-19 08:49:03,0,10,10,0.2,12.0
2025-01-19 08:53:43,3,18,12,0.24,10.0
2025-01-19 08:56:42,3,7,10,0.2,10.0
2025-01-19 08:59:53,2,10,10,0.2,13.0
2025-01-19 09:02:22,3,19,13,0.26,11.0
2025-01-19 09:04:01,4,7,11,0.22,10.0
2025-01-19 09:06:09,4,9,10,0.2,12.0
2025-01-19 09:09:25,0,18,12,0.24,12.0
2025-01-19 09:12:25,2,11,12,0.24,12.0
2025-01-19 09:12:56,0,13,12,0.24,14.0
2025-01-19 09:15:57,4,19,14,0.28,14.0
2025-01-19 09:17:31,1,13,14,0.28,14.0
2025-01-19 09:19:09,0,15,14,0.28,12.0
2025-01-19 09:21:39,4,7,12,0.24,13.0
2025-01-19 09:23:57,4,17,13,0.26,12.0
2025-01-19 09:28:33,3,11,12,0.24,12.0
2025-01-19 09:30:35,1,13,12,0.24,11.0
2025-01-19 09:35:32,2,8,11,0.22,13.0
2025-01-19 09:37:44,4,18,13,0.26,11.0
2025-01-19 09:40:05,2,7,11,0.22,12.0
2025-01-19 09:41:36,2,13,12,0.24,11.0
2025-01-19 09:44:21,2,10,11,0.22,11.0
2025-01-19 09:45:45,0,10,11,0.22,10.0
2025-01-19 09:48:02,3,8,10,0.2,12.0
2025-01-19 09:52:49,4,15,12,0.24,11.0
2025-01-19 09:57:31,2,8,11,0.22,11.0
2025-01-19 10:01:42,4,11,11,0.22,13.0
2025-01-19 10:04:58,2,17,13,0.26,13.0
2025-01-19 10:08:07,1,14,13,0.26,14.0
2025-01-19 10:11:22,2,18,14,0.28,13.0
2025-01-19 10:15:16,1,12,13,0.26,13.0
2025-01-19 10:20:12,4,13,13,0.26,12.0
2025-01-19 10:22:59,4,10,12,0.24,11.0
2025-01-19 10:27:36,0,9,11,0.22,11.0
2025-01-19 10:29:00,4,11,11,0.22,13.0
2025-01-19 10:32:58,4,17,13,0.26,13.0
2025-01-19 10:33:44,4,13,13,0.26,14.0
2025-01-19 10:35:21,0,17,14,0.28,12.0
2025-01-19 10:38:03,2,7,12,0.24,12.0
2025-01-19 10:41:40,4,12,12,0.24,13.0
2025-01-19 10:44:27,2,14,13,0.26,12.0
2025-01-19 10:47:50,2,10,12,0.24,12.0
2025-01-19 10:49:56,3,13,12,0.24,14.0
2025-01-19 10:53:16,0,19,14,0.28,12.0
2025-01-19 10:56:19,1,6,12,0.24,10.0
2025-01-19 10:59:51,2,7,10,0.2,10.0
2025-01-19 11:04:22,2,9,10,0.2,12.0
2025-01-19 11:05:18,0,18,12,0.24,11.0
2025-01-19 11:06:47,2,8,11,0.22,12.0
2025-01-19 11:10:38,0,13,12,0.24,12.0
2025-01-19 11:15:17,0,13,12,0.24,12.0
2025-01-19 11:16:55,1,13,12,0.24,13.0
2025-01-19 11:17:45,0,15,13,0.26,14.0
2025-01-19 11:20:46,4,16,14,0.28,15.0
2025-01-19 11:22:57,4,16,15,0.3,15.0
2025-01-19 11:25:01,4,14,15,0.3,13.0
2025-01-19 11:29:19,0,7,13,0.26,13.0
2025-01-19 11:31:53,3,12,13,0.26,14.0
2025-01-19 11:36:40,4,18,14,0.28,14.0
2025-01-19 11:41:05,3,13,14,0.28,12.0
2025-01-19 11:44:16,0,9,12,0.24,12.0
2025-01-19 11:45:27,2,11,12,0.24,13.0
2025-01-19 11:47:04,4,17,13,0.26,14.0
2025-01-19 11:50:26,0,17,14,0.28,12.0
2025-01-19 11:53:00,4,6,12,0.24,12.0
2025-01-19 11:56:19,4,13,12,0.24,14.0
2025-01-19 11:57:35,2,18,14,0.28,11.0
2025-01-19 12:02:25,0,4,11,0.22,10.0
2025-01-19 12:06:31,0,7,10,0.2,8.0
2025-01-19 12:09:04,4,3,8,0.16,6.0
2025-01-19 12:12:15,1,2,6,0.12,5.0
2025-01-19 12:16:05,2,3,5,0.1,5.0
2025-01-19 12:20:00,2,4,5,0.1,4.0
2025-01-19 12:21:09,2,1,4,0.08,5.0
2025-01-19 12:24:46,1,6,5,0.1,4.0
2025-01-19 12:26:48,1,1,4,0.08,4.0
2025-01-19 12:27:59,2,5,4,0.08,5.0
2025-01-19 12:30:15,4,6,5,0.1,4.0
2025-01-19 12:31:49,0,0,4,0.08,3.0
2025-01-19 12:34:33,4,2,3,0.06,2.0
2025-01-19 12:35:26,1,0,2,0.04,2.0
2025-01-19 12:36:23,2,2,2,0.04,2.0
2025-01-19 12:37:54,3,3,2,0.04,2.0
2025-01-19 12:42:12,4,3,2,0.04,4.0
2025-01-19 12:43:01,2,7,4,0.08,4.0
2025-01-19 12:43:33,2,3,4,0.08,3.0
2025-01-19 12:47:40,3,1,3,0.06,3.0
2025-01-19 12:50:25,4,2,3,0.06,4.0
2025-01-19 12:50:57,4,5,4,0.08,4.0
2025-01-19 12:54:39,3,4,4,0.08,4.0
2025-01-19 12:56:21,0,4,4,0.08,5.0
2025-01-19 12:58:48,1,7,5,0.1,5.0
2025-01-19 13:01:51,2,5,5,0.1,4.0
2025-01-19 13:05:49,3,0,4,0.08,3.0
2025-01-19 13:06:52,2,2,3,0.06,3.0
2025-01-19 13:09:38,2,4,3,0.06,3.0
2025-01-19 13:12:07,1,2,3,0.06,4.0
2025-01-19 13:14:31,3,6,4,0.08,5.0
2025-01-19 13:15:13,0,7,5,0.1,5.0
2025-01-19 13:16:51,1,4,5,0.1,4.0
2025-01-19 13:21:37,0,0,4,0.08,5.0
2025-01-19 13:23:35,1,6,5,0.1,5.0
2025-01-19 13:24:51,3,4,5,0.1,4.0
2025-01-19 13:29:40,1,1,4,0.08,3.0
2025-01-19 13:33:57,4,1,3,0.06,4.0
2025-01-19 13:37:26,1,7,4,0.08,3.0
2025-01-19 13:38:05,2,1,3,0.06,3.0
2025-01-19 13:40:40,2,2,3,0.06,3.0
2025-01-19 13:43:23,1,2,3,0.06,4.0
2025-01-19 13:46:27,2,7,4,0.08,3.0
2025-01-19 13:51:04,3,0,3,0.06,3.0
2025-01-19 13:53:53,4,2,3,0.06,3.0
2025-01-19 13:57:18,0,3,3,0.06,3.0
2025-01-19 14:00:41,3,3,3,0.06,4.0
2025-01-19 14:02:24,0,7,4,0.08,4.0
2025-01-19 14:05:16,2,5,4,0.08,3.0
2025-01-19 14:07:37,4,0,3,0.06,2.0
2025-01-19 14:11:32,1,0,2,0.04,3.0
2025-01-19 14:14:12,1,5,3,0.06,4.0
2025-01-19 14:16:31,3,5,4,0.08,3.0
2025-01-19 14:18:07,2,2,3,0.06,4.0
2025-01-19 14:20:02,1,5,4,0.08,5.0
2025-01-19 14:24:18,4,7,5,0.1,4.0
2025-01-19 14:24:57,0,0,4,0.08,3.0
2025-01-19 14:27:18,4,0,3,0.06,3.0
2025-01-19 14:28:11,0,4,3,0.06,4.0
2025-01-19 14:31:28,0,5,4,0.08,4.0
2025-01-19 14:33:46,4,5,4,0.08,3.0
2025-01-19 14:37:25,4,0,3,0.06,4.0
2025-01-19 14:41:10,3,5,4,0.08,3.0
2025-01-19 14:42:12,1,1,3,0.06,4.0
2025-01-19 14:46:06,4,6,4,0.08,3.0
2025-01-19 14:49:37,1,0,3,0.06,4.0
2025-01-19 14:52:33,2,5,4,0.08,3.0
2025-01-19 14:57:30,4,0,3,0.06,4.0
2025-01-19 14:58:10,2,5,4,0.08,4.0
2025-01-19 14:59:49,0,4,4,0.08,4.0
2025-01-19 15:04:34,3,5,4,0.08,4.0
2025-01-19 15:08:42,3,5,4,0.08,5.0
2025-01-19 15:13:30,3,7,5,0.1,4.0
2025-01-19 15:14:02,0,0,4,0.08,3.0
2025-01-19 15:15:55,0,2,3,0.06,2.0
2025-01-19 15:19:00,2,0,2,0.04,2.0
2025-01-19 15:22:00,4,2,2,0.04,2.0
2025-01-19 15:25:25,1,1,2,0.04,4.0
2025-01-19 15:29:09,4,7,4,0.08,4.0
2025-01-19 15:31:25,0,3,4,0.08,3.0
2025-01-19 15:34:08,2,2,3,0.06,3.0
2025-01-19 15:37:12,2,3,3,0.06,3.0
2025-01-19 15:41:37,4,3,3,0.06,3.0
2025-01-19 15:46:06,1,3,3,0.06,4.0
2025-01-19 15:46:48,3,7,4,0.08,4.0
2025-01-19 15:47:52,4,5,4,0.08,5.0
2025-01-19 15:49:08,3,6,5,0.1,5.0
2025-01-19 15:53:11,1,4,5,0.1,5.0
2025-01-19 15:56:06,0,6,5,0.1,5.0
2025-01-19 15:59:14,0,4,5,0.1,5.0
2025-01-19 16:01:48,3,4,5,0.1,4.0
2025-01-19 16:04:07,4,0,4,0.08,4.0
2025-01-19 16:05:13,4,5,4,0.08,3.0
2025-01-19 16:05:56,4,0,3,0.06,2.0
2025-01-19 16:10:17,1,0,2,0.04,2.0
2025-01-19 16:12:50,1,2,2,0.04,1.0
2025-01-19 16:15:10,3,0,1,0.02,2.0
2025-01-19 16:17:43,2,3,2,0.04,1.0
2025-01-19 16:18:42,4,0,1,0.02,1.0
2025-01-19 16:21:06,1,1,1,0.02,1.0
2025-01-19 16:23:05,2,2,1,0.02,2.0
2025-01-19 16:27:06,2,6,2,0.04,4.0
2025-01-19 16:28:13,2,7,4,0.08,4.0
2025-01-19 16:30:05,2,5,4,0.08,5.0
2025-01-19 16:31:01,2,7,5,0.1,5.0
2025-01-19 16:35:07,4,4,5,0.1,5.0
2025-01-19 16:39:11,1,6,5,0.1,5.0
2025-01-19 16:43:21,1,6,5,0.1,5.0
2025-01-19 16:44:05,2,6,5,0.1,4.0
2025-01-19 16:48:53,2,1,4,0.08,4.0
2025-01-19 16:53:48,3,4,4,0.08,4.0
2025-01-19 16:56:17,0,4,4,0.08,4.0
2025-01-19 16:58:54,0,4,4,0.08,7.0
2025-01-19 17:02:54,4,15,7,0.14,10.0
2025-01-19 17:03:34,4,17,10,0.2,10.0
2025-01-19 17:06:59,4,11,10,0.2,12.0
2025-01-19 17:09:41,2,18,12,0.24,14.0
2025-01-19 17:10:24,4,18,14,0.28,15.0
2025-01-19 17:11:43,0,17,15,0.3,12.0
2025-01-19 17:13:24,3,6,12,0.24,13.0
2025-01-19 17:15:02,4,15,13,0.26,14.0
2025-01-19 17:15:47,3,15,14,0.28,12.0
2025-01-19 17:17:12,0,7,12,0.24,11.0
2025-01-19 17:19:26,1,8,11,0.22,12.0
2025-01-19 17:22:07,1,16,12,0.24,12.0
2025-01-19 17:23:24,3,13,12,0.24,13.0
2025-01-19 17:28:01,1,16,13,0.26,12.0
2025-01-19 17:30:21,0,9,12,0.24,14.0
2025-01-19 17:31:28,3,18,14,0.28,15.0
2025-01-19 17:35:57,0,17,15,0.3,13.0
2025-01-19 17:38:27,1,8,13,0.26,12.0
2025-01-19 17:39:44,3,8,12,0.24,14.0
2025-01-19 17:40:23,1,19,14,0.28,13.0
2025-01-19 17:44:45,4,12,13,0.26,13.0
2025-01-19 17:45:50,4,13,13,0.26,14.0
2025-01-19 17:46:23,3,15,14,0.28,16.0
2025-01-19 17:47:36,0,19,16,0.32,15.0
2025-01-19 17:49:01,2,12,15,0.3,14.0
2025-01-19 17:50:12,2,11,14,0.28,14.0
2025-01-19 17:54:56,0,14,14,0.28,15.0
2025-01-19 17:59:13,0,18,15,0.3,15.0
2025-01-19 18:01:36,4,15,15,0.3,13.0
2025-01-19 18:06:02,4,9,13,0.26,13.0
2025-01-19 18:09:25,4,12,13,0.26,14.0
2025-01-19 18:14:09,0,16,14,0.28,16.0
2025-01-19 18:15:47,1,19,16,0.32,15.0
2025-01-19 18:20:06,0,12,15,0.3,14.0
2025-01-19 18:21:42,2,12,14,0.28,16.0
2025-01-19 18:22:47,0,19,16,0.32,16.0
2025-01-19 18:25:55,0,15,16,0.32,15.0
2025-01-19 18:28:53,2,12,15,0.3,15.0
2025-01-19 18:29:49,0,15,15,0.3,13.0
2025-01-19 18:31:30,2,8,13,0.26,14.0
2025-01-19 18:36:07,1,18,14,0.28,14.0
2025-01-19 18:38:17,0,15,14,0.28,15.0
2025-01-19 18:41:56,1,18,15,0.3,15.0
2025-01-19 18:44:01,1,16,15,0.3,14.0
2025-01-19 18:44:47,3,10,14,0.28,16.0
2025-01-19 18:49:39,2,19,16,0.32,16.0
2025-01-19 18:51:55,2,15,16,0.32,15.0
2025-01-19 18:53:32,0,13,15,0.3,13.0
2025-01-19 18:56:09,1,8,13,0.26,11.0
2025-01-19 18:58:14,0,6,11,0.22,12.0
2025-01-19 18:58:44,3,14,12,0.24,13.0
2025-01-19 19:02:13,0,17,13,0.26,15.0
2025-01-19 19:05:43,1,19,15,0.3,12.0
2025-01-19 19:10:07,0,6,12,0.24,11.0
2025-01-19 19:10:44,2,8,11,0.22,12.0
2025-01-19 19:11:40,4,16,12,0.24,13.0
2025-01-19 19:14:35,2,16,13,0.26,14.0
2025-01-19 19:16:35,3,15,14,0.28,12.0
2025-01-19 19:17:09,3,9,12,0.24,12.0
2025-01-19 19:19:00,4,12,12,0.24,10.0
2025-01-19 19:23:08,2,6,10,0.2,12.0
2025-01-19 19:25:35,4,15,12,0.24,13.0
2025-01-19 19:27:25,4,17,13,0.26,11.0
2025-01-19 19:29:04,4,7,11,0.22,13.0
2025-01-19 19:31:28,0,17,13,0.26,13.0
2025-01-19 19:36:20,3,12,13,0.26,14.0
2025-01-19 19:39:11,3,17,14,0.28,15.0
2025-01-19 19:43:07,1,18,15,0.3,13.0
2025-01-19 19:45:27,4,9,13,0.26,11.0
2025-01-19 19:47:48,0,7,11,0.22,10.0
2025-01-19 19:49:00,2,9,10,0.2,12.0
2025-01-19 19:51:37,0,18,12,0.24,10.0
2025-01-19 19:55:11,0,6,10,0.2,10.0
2025-01-19 19:59:29,1,10,10,0.2,12.0
2025-01-19 20:03:39,1,16,12,0.24,11.0
2025-01-19 20:06:05,2,9,11,0.22,10.0
2025-01-19 20:07:44,3,7,10,0.2,12.0
2025-01-19 20:09:23,4,16,12,0.24,12.0
2025-01-19 20:11:42,3,11,12,0.24,13.0
2025-01-19 20:14:23,2,15,13,0.26,12.0
2025-01-19 20:15:48,3,9,12,0.24,11.0
2025-01-19 20:17:46,3,10,11,0.22,10.0
2025-01-19 20:20:32,0,8,10,0.2,9.0
2025-01-19 20:23:12,2,8,9,0.18,9.0
2025-01-19 20:27:19,4,10,9,0.18,12.0
2025-01-19 20:30:44,3,19,12,0.24,14.0
2025-01-19 20:34:04,4,19,14,0.28,12.0
2025-01-19 20:36:13,0,9,12,0.24,13.0
2025-01-19 20:38:51,4,15,13,0.26,13.0
2025-01-19 20:40:17,4,12,13,0.26,13.0
2025-01-19 20:43:47,4,14,13,0.26,12.0
2025-01-19 20:48:22,0,11,12,0.24,11.0
2025-01-19 20:51:15,4,9,11,0.22,11.0
2025-01-19 20:52:35,3,10,11,0.22,11.0
2025-01-19 20:56:42,2,10,11,0.22,10.0
2025-01-19 20:58:55,1,6,10,0.2,12.0
2025-01-19 21:00:19,1,16,12,0.24,13.0
2025-01-19 21:05:05,2,16,13,0.26,13.0
2025-01-19 21:08:10,2,13,13,0.26,13.0
2025-01-19 21:09:32,1,14,13,0.26,14.0
2025-01-19 21:13:08,3,17,14,0.28,16.0
2025-01-19 21:16:07,4,19,16,0.32,13.0
2025-01-19 21:21:00,0,6,13,0.26,13.0
2025-01-19 21:25:39,2,14,13,0.26,11.0
2025-01-19 21:29:39,3,6,11,0.22,10.0
2025-01-19 21:30:33,2,6,10,0.2,9.0
2025-01-19 21:33:34,0,7,9,0.18,10.0
2025-01-19 21:34:27,1,12,10,0.2,12.0
2025-01-19 21:39:08,2,18,12,0.24,12.0
2025-01-19 21:40:37,0,11,12,0.24,11.0
2025-01-19 21:42:12,4,10,11,0.22,10.0
2025-01-19 21:43:34,3,7,10,0.2,12.0
2025-01-19 21:45:49,3,17,12,0.24,12.0
2025-01-19 21:47:54,3,11,12,0.24,13.0
2025-01-19 21:51:19,0,16,13,0.26,11.0
2025-01-19 21:52:27,2,6,11,0.22,12.0
2025-01-19 21:55:44,0,15,12,0.24,14.0
2025-01-19 21:56:55,4,19,14,0.28,13.0
2025-01-19 21:59:08,0,11,13,0.26,11.0
2025-01-19 22:03:01,2,7,11,0.22,8.0
2025-01-19 22:03:38,0,1,8,0.16,6.0
2025-01-19 22:04:50,4,2,6,0.12,5.0
2025-01-19 22:07:09,4,3,5,0.1,5.0
2025-01-19 22:11:08,1,4,5,0.1,4.0
2025-01-19 22:15:34,3,0,4,0.08,3.0
2025-01-19 22:16:52,3,2,3,0.06,2.0
2025-01-19 22:19:16,1,0,2,0.04,1.0
2025-01-19 22:22:20,2,0,1,0.02,2.0
2025-01-19 22:25:06,4,3,2,0.04,1.0
2025-01-19 22:28:22,1,0,1,0.02,1.0
2025-01-19 22:32:10,3,1,1,0.02,2.0
2025-01-19 22:33:50,2,4,2,0.04,3.0
2025-01-19 22:34:26,3,4,3,0.06,3.0
2025-01-19 22:38:15,3,4,3,0.06,3.0
2025-01-19 22:39:51,0,4,3,0.06,2.0
2025-01-19 22:42:38,3,1,2,0.04,2.0
2025-01-19 22:47:09,1,3,2,0.04,3.0
2025-01-19 22:51:11,2,5,3,0.06,3.0
2025-01-19 22:54:41,0,3,3,0.06,3.0
2025-01-19 22:59:24,0,4,3,0.06,3.0
2025-01-19 23:01:34,2,3,3,0.06,4.0
2025-01-19 23:03:30,3,7,4,0.08,5.0
2025-01-19 23:07:04,2,7,5,0.1,4.0
2025-01-19 23:09:04,4,1,4,0.08,5.0
2025-01-19 23:13:41,0,7,5,0.1,4.0
2025-01-19 23:17:44,0,2,4,0.08,5.0
2025-01-19 23:22:22,1,6,5,0.1,4.0
2025-01-19 23:24:57,2,3,4,0.08,4.0
2025-01-19 23:25:30,2,4,4,0.08,4.0
2025-01-19 23:27:27,3,5,4,0.08,4.0
2025-01-19 23:30:27,4,3,4,0.08,4.0
2025-01-19 23:33:52,1,4,4,0.08,5.0
2025-01-19 23:37:52,0,6,5,0.1,6.0
2025-01-19 23:42:40,2,7,6,0.12,4.0
2025-01-19 23:44:40,0,1,4,0.08,5.0
2025-01-19 23:49:28,1,6,5,0.1,5.0
2025-01-19 23:53:08,4,5,5,0.1,5.0
2025-01-19 23:54:58,3,4,5,0.1,6.0
2025-01-19 23:57:45,2,7,6,0.12,5.0
2025-01-20 00:00:20,2,2,5,0.1,4.0
2025-01-20 00:04:39,1,1,4,0.08,3.0
2025-01-20 00:05:28,3,2,3,0.06,2.0
2025-01-20 00:06:46,1,0,2,0.04,2.0
2025-01-20 00:09:30,4,2,2,0.04,2.0
2025-01-20 00:10:28,0,1,2,0.04,2.0
2025-01-20 00:11:45,0,1,2,0.04,1.0
2025-01-20 00:16:43,1,0,1,0.02,1.0
2025-01-20 00:17:15,1,0,1,0.02,1.0
2025-01-20 00:22:02,3,1,1,0.02,2.0
2025-01-20 00:22:47,0,4,2,0.04,4.0
2025-01-20 00:24:50,1,7,4,0.08,3.0
2025-01-20 00:27:33,1,0,3,0.06,4.0
2025-01-20 00:30:15,1,5,4,0.08,3.0
2025-01-20 00:31:16,4,1,3,0.06,2.0
2025-01-20 00:36:14,4,0,2,0.04,4.0
2025-01-20 00:37:08,4,7,4,0.08,5.0
2025-01-20 00:38:36,4,7,5,0.1,5.0
2025-01-20 00:42:38,3,4,5,0.1,4.0
2025-01-20 00:45:43,0,0,4,0.08,3.0
2025-01-20 00:49:42,0,1,3,0.06,4.0
2025-01-20 00:51:08,4,5,4,0.08,3.0
2025-01-20 00:54:42,0,2,3,0.06,4.0
2025-01-20 00:56:05,2,6,4,0.08,5.0
2025-01-20 01:00:03,3,7,5,0.1,4.0
2025-01-20 01:04:44,1,1,4,0.08,3.0
2025-01-20 01:07:05,3,1,3,0.06,3.0
2025-01-20 01:07:40,2,4,3,0.06,2.0
2025-01-20 01:11:20,4,0,2,0.04,2.0
2025-01-20 01:12:02,1,1,2,0.04,3.0
2025-01-20 01:13:15,4,6,3,0.06,3.0
2025-01-20 01:15:29,4,2,3,0.06,3.0
2025-01-20 01:18:38,1,3,3,0.06,3.0
2025-01-20 01:21:41,0,2,3,0.06,4.0
2025-01-20 01:26:12,1,6,4,0.08,5.0
2025-01-20 01:29:42,4,6,5,0.1,4.0
2025-01-20 01:30:25,1,2,4,0.08,3.0
2025-01-20 01:33:54,0,0,3,0.06,4.0
2025-01-20 01:38:47,4,5,4,0.08,4.0
2025-01-20 01:42:04,4,3,4,0.08,3.0
2025-01-20 01:46:07,4,2,3,0.06,3.0
2025-01-20 01:49:06,3,2,3,0.06,4.0
2025-01-20 01:49:51,4,5,4,0.08,3.0
2025-01-20 01:51:51,2,0,3,0.06,4.0
2025-01-20 01:54:20,2,6,4,0.08,3.0
2025-01-20 01:59:02,4,0,3,0.06,3.0
2025-01-20 02:00:31,1,3,3,0.06,3.0
2025-01-20 02:05:26,4,4,3,0.06,3.0
2025-01-20 02:06:26,2,2,3,0.06,3.0
2025-01-20 02:07:16,3,3,3,0.06,3.0
2025-01-20 02:11:24,0,3,3,0.06,4.0
2025-01-20 02:13:14,1,6,4,0.08,3.0
2025-01-20 02:14:14,3,1,3,0.06,4.0
2025-01-20 02:18:37,2,7,4,0.08,3.0
2025-01-20 02:19:42,4,1,3,0.06,2.0
2025-01-20 02:22:23,2,0,2,0.04,1.0
2025-01-20 02:25:04,4,0,1,0.02,1.0
2025-01-20 02:25:42,0,1,1,0.02,2.0
2025-01-20 02:26:41,0,5,2,0.04,1.0
2025-01-20 02:29:05,4,0,1,0.02,2.0
2025-01-20 02:29:38,2,6,2,0.04,4.0
2025-01-20 02:34:04,2,7,4,0.08,4.0
2025-01-20 02:34:56,0,4,4,0.08,5.0
2025-01-20 02:35:41,0,7,5,0.1,4.0
2025-01-20 02:36:32,1,3,4,0.08,3.0
2025-01-20 02:38:13,2,1,3,0.06,3.0
2025-01-20 02:42:32,0,4,3,0.06,4.0
2025-01-20 02:44:48,1,6,4,0.08,4.0
2025-01-20 02:48:45,4,4,4,0.08,5.0
2025-01-20 02:52:42,0,7,5,0.1,6.0
2025-01-20 02:57:34,4,7,6,0.12,4.0
2025-01-20 02:58:54,3,1,4,0.08,3.0
2025-01-20 03:00:28,3,1,3,0.06,4.0
2025-01-20 03:05:22,4,6,4,0.08,3.0
2025-01-20 03:08:46,0,1,3,0.06,4.0
2025-01-20 03:11:47,4,5,4,0.08,3.0
2025-01-20 03:16:42,3,0,3,0.06,4.0
2025-01-20 03:19:54,2,6,4,0.08,3.0
2025-01-20 03:24:21,3,2,3,0.06,3.0
2025-01-20 03:28:09,4,2,3,0.06,3.0
2025-01-20 03:28:54,1,4,3,0.06,3.0
2025-01-20 03:33:22,2,4,3,0.06,4.0
2025-01-20 03:35:00,0,6,4,0.08,5.0
2025-01-20 03:35:35,1,7,5,0.1,4.0
2025-01-20 03:39:44,2,0,4,0.08,5.0
2025-01-20 03:44:27,0,6,5,0.1,4.0
2025-01-20 03:46:43,4,2,4,0.08,3.0
2025-01-20 03:49:10,3,1,3,0.06,3.0
2025-01-20 03:52:27,4,2,3,0.06,4.0
2025-01-20 03:57:07,0,5,4,0.08,4.0
2025-01-20 03:58:58,0,4,4,0.08,3.0
2025-01-20 04:00:21,0,0,3,0.06,4.0
2025-01-20 04:04:50,0,5,4,0.08,5.0
2025-01-20 04:05:31,1,6,5,0.1,5.0
2025-01-20 04:09:29,0,5,5,0.1,4.0
2025-01-20 04:12:43,3,1,4,0.08,3.0
2025-01-20 04:13:19,0,1,3,0.06,4.0
2025-01-20 04:15:06,3,6,4,0.08,5.0
2025-01-20 04:16:40,4,6,5,0.1,4.0
2025-01-20 04:18:51,4,1,4,0.08,4.0
2025-01-20 04:22:11,1,3,4,0.08,3.0
2025-01-20 04:23:57,1,0,3,0.06,2.0
2025-01-20 04:25:14,2,0,2,0.04,2.0
2025-01-20 04:29:58,1,1,2,0.04,4.0
2025-01-20 04:31:49,4,7,4,0.08,4.0
2025-01-20 04:35:47,3,4,4,0.08,3.0
2025-01-20 04:39:45,4,0,3,0.06,4.0
2025-01-20 04:41:38,3,7,4,0.08,3.0
2025-01-20 04:42:17,0,0,3,0.06,2.0
2025-01-20 04:43:15,2,0,2,0.04,1.0
2025-01-20 04:45:40,3,0,1,0.02,1.0
2025-01-20 04:50:38,0,0,1,0.02,2.0
2025-01-20 04:51:54,1,3,2,0.04,1.0
2025-01-20 04:53:54,3,0,1,0.02,2.0
2025-01-20 04:55:16,3,4,2,0.04,2.0
2025-01-20 04:59:23,4,2,2,0.04,3.0
2025-01-20 05:01:09,1,5,3,0.06,2.0
2025-01-20 05:05:02,3,1,2,0.04,2.0
2025-01-20 05:06:15,0,3,2,0.04,3.0
2025-01-20 05:09:20,0,6,3,0.06,4.0
2025-01-20 05:09:51,2,5,4,0.08,5.0
2025-01-20 05:11:17,0,6,5,0.1,5.0
2025-01-20 05:12:44,3,5,5,0.1,6.0
2025-01-20 05:17:27,3,7,6,0.12,4.0
2025-01-20 05:20:56,2,0,4,0.08,4.0
2025-01-20 05:24:02,3,5,4,0.08,4.0
2025-01-20 05:25:06,2,5,4,0.08,4.0
2025-01-20 05:26:50,2,3,4,0.08,3.0
2025-01-20 05:28:34,2,2,3,0.06,2.0
2025-01-20 05:30:21,1,0,2,0.04,3.0
2025-01-20 05:35:05,2,5,3,0.06,4.0
2025-01-20 05:39:59,2,5,4,0.08,4.0
2025-01-20 05:41:35,3,5,4,0.08,4.0
2025-01-20 05:45:45,1,5,4,0.08,4.0
2025-01-20 05:48:58,3,3,4,0.08,3.0
2025-01-20 05:53:07,4,2,3,0.06,4.0
2025-01-20 05:56:28,1,6,4,0.08,4.0
2025-01-20 06:01:11,4,3,4,0.08,4.0
2025-01-20 06:05:10,3,4,4,0.08,3.0
2025-01-20 06:08:47,0,2,3,0.06,3.0
2025-01-20 06:12:27,2,3,3,0.06,2.0
2025-01-20 06:16:31,2,1,2,0.04,3.0
2025-01-20 06:18:26,1,4,3,0.06,4.0
2025-01-20 06:20:41,1,7,4,0.08,3.0
2025-01-20 06:21:29,0,0,3,0.06,3.0
2025-01-20 06:22:45,2,3,3,0.06,3.0
2025-01-20 06:24:19,0,3,3,0.06,3.0
2025-01-20 06:27:14,0,4,3,0.06,3.0
2025-01-20 06:28:49,4,2,3,0.06,4.0
2025-01-20 06:29:23,3,6,4,0.08,4.0
2025-01-20 06:31:25,0,3,4,0.08,3.0
2025-01-20 06:33:28,3,0,3,0.06,4.0
2025-01-20 06:35:43,3,6,4,0.08,3.0
2025-01-20 06:38:25,2,1,3,0.06,2.0
2025-01-20 06:40:13,1,1,2,0.04,2.0
2025-01-20 06:44:14,2,3,2,0.04,2.0
2025-01-20 06:44:51,1,3,2,0.04,2.0
2025-01-20 06:47:59,3,1,2,0.04,1.0
2025-01-20 06:52:56,0,0,1,0.02,2.0
2025-01-20 06:55:54,4,3,2,0.04,3.0
2025-01-20 06:57:54,0,4,3,0.06,3.0
2025-01-20 07:02:19,1,2,3,0.06,4.0
2025-01-20 07:05:36,2,6,4,0.08,5.0
2025-01-20 07:09:18,0,6,5,0.1,6.0
2025-01-20 07:12:54,3,7,6,0.12,5.0
2025-01-20 07:17:54,0,4,5,0.1,4.0
2025-01-20 07:20:17,2,2,4,0.08,4.0
2025-01-20 07:20:57,0,5,4,0.08,3.0
2025-01-20 07:22:21,2,1,3,0.06,2.0
2025-01-20 07:27:08,1,1,2,0.04,3.0
2025-01-20 07:28:42,3,6,3,0.06,2.0
2025-01-20 07:32:03,0,0,2,0.04,2.0
2025-01-20 07:35:02,3,1,2,0.04,4.0
2025-01-20 07:37:57,2,7,4,0.08,3.0
2025-01-20 07:41:55,0,2,3,0.06,4.0
2025-01-20 07:42:34,1,6,4,0.08,4.0
2025-01-20 07:46:50,3,3,4,0.08,3.0
2025-01-20 07:50:25,2,2,3,0.06,4.0
2025-01-20 07:51:56,4,6,4,0.08,4.0
2025-01-20 07:53:50,1,4,4,0.08,4.0
2025-01-20 07:56:33,3,4,4,0.08,4.0
2025-01-20 07:59:53,0,4,4,0.08,7.0
2025-01-20 08:03:55,2,14,7,0.14,10.0
2025-01-20 08:04:42,1,16,10,0.2,11.0
2025-01-20 08:06:11,0,13,11,0.22,11.0
2025-01-20 08:08:08,1,11,11,0.22,12.0
2025-01-20 08:09:04,4,15,12,0.24,13.0
2025-01-20 08:10:41,1,16,13,0.26,13.0
2025-01-20 08:11:50,1,13,13,0.26,12.0
2025-01-20 08:14:08,2,8,12,0.24,13.0
2025-01-20 08:15:51,2,14,13,0.26,12.0
2025-01-20 08:17:26,0,10,12,0.24,12.0
2025-01-20 08:20:43,1,12,12,0.24,11.0
2025-01-20 08:25:34,4,10,11,0.22,12.0
2025-01-20 08:30:00,1,14,12,0.24,10.0
2025-01-20 08:34:04,3,6,10,0.2,10.0
2025-01-20 08:37:02,0,9,10,0.2,12.0
2025-01-20 08:39:18,1,15,12,0.24,13.0
2025-01-20 08:42:08,4,16,13,0.26,13.0
2025-01-20 08:43:53,4,14,13,0.26,14.0
2025-01-20 08:44:31,3,18,14,0.28,15.0
2025-01-20 08:48:16,0,17,15,0.3,16.0
2025-01-20 08:50:43,0,19,16,0.32,16.0
2025-01-20 08:52:13,0,15,16,0.32,13.0
2025-01-20 08:53:33,1,7,13,0.26,13.0
2025-01-20 08:54:54,1,14,13,0.26,14.0
2025-01-20 08:57:25,1,18,14,0.28,15.0
2025-01-20 09:00:41,4,18,15,0.3,16.0
2025-01-20 09:01:18,2,18,16,0.32,17.0
2025-01-20 09:02:32,2,19,17,0.34,15.0
2025-01-20 09:07:06,1,12,15,0.3,14.0
2025-01-20 09:09:22,0,11,14,0.28,12.0
2025-01-20 09:10:18,2,7,12,0.24,12.0
2025-01-20 09:14:00,3,11,12,0.24,12.0
2025-01-20 09:15:31,3,11,12,0.24,13.0
2025-01-20 09:17:02,2,15,13,0.26,13.0
2025-01-20 09:19:32,4,13,13,0.26,14.0
2025-01-20 09:20:40,1,16,14,0.28,15.0
2025-01-20 09:22:43,3,16,15,0.3,16.0
2025-01-20 09:25:07,4,19,16,0.32,13.0
2025-01-20 09:28:32,1,7,13,0.26,11.0
2025-01-20 09:31:02,4,6,11,0.22,11.0
2025-01-20 09:31:44,1,12,11,0.22,12.0
2025-01-20 09:34:56,2,16,12,0.24,11.0
2025-01-20 09:38:21,2,8,11,0.22,12.0
2025-01-20 09:41:43,3,15,12,0.24,14.0
2025-01-20 09:43:16,2,18,14,0.28,12.0
2025-01-20 09:45:26,1,7,12,0.24,11.0
2025-01-20 09:47:01,0,8,11,0.22,12.0
2025-01-20 09:48:15,4,15,12,0.24,14.0
2025-01-20 09:50:11,0,18,14,0.28,13.0
2025-01-20 09:51:47,1,11,13,0.26,13.0
2025-01-20 09:56:35,1,14,13,0.26,14.0
2025-01-20 10:00:29,0,15,14,0.28,16.0
2025-01-20 10:03:56,3,19,16,0.32,14.0
2025-01-20 10:04:42,2,8,14,0.28,12.0
2025-01-20 10:08:33,0,8,12,0.24,13.0
2025-01-20 10:11:54,1,15,13,0.26,14.0
2025-01-20 10:16:45,1,18,14,0.28,13.0
2025-01-20 10:20:28,3,11,13,0.26,14.0
2025-01-20 10:23:26,3,16,14,0.28,12.0
2025-01-20 10:24:30,0,8,12,0.24,11.0
2025-01-20 10:25:28,1,9,11,0.22,10.0
2025-01-20 10:30:20,4,8,10,0.2,12.0
2025-01-20 10:34:30,0,17,12,0.24,12.0
2025-01-20 10:35:52,4,11,12,0.24,12.0
2025-01-20 10:37:37,0,12,12,0.24,13.0
2025-01-20 10:41:02,3,16,13,0.26,13.0
2025-01-20 10:41:41,4,14,13,0.26,12.0
2025-01-20 10:44:07,4,11,12,0.24,10.0
2025-01-20 10:48:14,0,7,10,0.2,11.0
2025-01-20 10:51:38,3,13,11,0.22,13.0
2025-01-20 10:56:01,1,17,13,0.26,14.0
2025-01-20 11:00:42,0,18,14,0.28,16.0
2025-01-20 11:01:17,4,19,16,0.32,13.0
2025-01-20 11:02:07,0,6,13,0.26,13.0
2025-01-20 11:03:49,4,14,13,0.26,15.0
2025-01-20 11:04:54,4,19,15,0.3,16.0
2025-01-20 11:09:16,2,18,16,0.32,17.0
2025-01-20 11:13:21,1,18,17,0.34,14.0
2025-01-20 11:17:16,0,8,14,0.28,13.0
2025-01-20 11:18:29,3,11,13,0.26,12.0
2025-01-20 11:20:29,2,11,12,0.24,11.0
2025-01-20 11:22:31,0,8,11,0.22,11.0
2025-01-20 11:24:23,4,10,11,0.22,10.0
2025-01-20 11:25:13,4,8,10,0.2,12.0
2025-01-20 11:29:30,3,16,12,0.24,12.0
2025-01-20 11:32:09,3,11,12,0.24,13.0
2025-01-20 11:35:33,1,14,13,0.26,14.0
2025-01-20 11:37:50,4,15,14,0.28,12.0
2025-01-20 11:39:30,3,7,12,0.24,13.0
2025-01-20 11:40:49,3,14,13,0.26,13.0
2025-01-20 11:42:53,2,12,13,0.26,12.0
2025-01-20 11:45:34,4,10,12,0.24,10.0
2025-01-20 11:46:16,2,7,10,0.2,12.0
2025-01-20 11:46:48,1,15,12,0.24,10.0
2025-01-20 11:51:01,2,7,10,0.2,12.0
2025-01-20 11:54:25,4,15,12,0.24,13.0
2025-01-20 11:56:24,2,15,13,0.26,10.0
2025-01-20 12:00:54,3,2,10,0.2,7.0
2025-01-20 12:01:58,2,1,7,0.14,6.0
2025-01-20 12:02:41,1,5,6,0.12,4.0
2025-01-20 12:06:25,4,0,4,0.08,4.0
2025-01-20 12:10:27,1,4,4,0.08,5.0
2025-01-20 12:10:59,4,6,5,0.1,6.0
2025-01-20 12:14:27,4,7,6,0.12,6.0
2025-01-20 12:15:36,0,6,6,0.12,5.0
2025-01-20 12:18:49,4,4,5,0.1,4.0
2025-01-20 12:23:13,4,2,4,0.08,3.0
2025-01-20 12:27:59,4,1,3,0.06,2.0
2025-01-20 12:30:24,4,1,2,0.04,2.0
2025-01-20 12:31:45,4,1,2,0.04,4.0
2025-01-20 12:34:36,1,7,4,0.08,4.0
2025-01-20 12:36:31,0,4,4,0.08,3.0
2025-01-20 12:37:46,2,2,3,0.06,3.0
2025-01-20 12:42:13,2,2,3,0.06,4.0
2025-01-20 12:42:52,0,7,4,0.08,4.0
2025-01-20 12:45:53,0,5,4,0.08,5.0
2025-01-20 12:47:23,4,7,5,0.1,4.0
2025-01-20 12:48:10,2,0,4,0.08,5.0
2025-01-20 12:50:05,3,6,5,0.1,5.0
2025-01-20 12:52:51,1,4,5,0.1,5.0
2025-01-20 12:57:10,2,5,5,0.1,5.0
2025-01-20 12:59:47,2,6,5,0.1,4.0
2025-01-20 13:02:00,0,2,4,0.08,4.0
2025-01-20 13:05:35,1,5,4,0.08,4.0
2025-01-20 13:09:02,2,4,4,0.08,5.0
2025-01-20 13:09:37,1,7,5,0.1,4.0
2025-01-20 13:10:42,0,3,4,0.08,3.0
2025-01-20 13:11:25,1,2,3,0.06,4.0
2025-01-20 13:15:51,1,6,4,0.08,3.0
2025-01-20 13:17:10,1,2,3,0.06,2.0
2025-01-20 13:22:00,4,1,2,0.04,1.0
2025-01-20 13:24:19,4,0,1,0.02,1.0
2025-01-20 13:28:05,0,0,1,0.02,2.0
2025-01-20 13:32:46,2,4,2,0.04,3.0
2025-01-20 13:34:43,1,6,3,0.06,4.0
2025-01-20 13:35:38,3,7,4,0.08,4.0
2025-01-20 13:40:29,4,4,4,0.08,3.0
2025-01-20 13:43:22,1,2,3,0.06,4.0
2025-01-20 13:44:51,4,5,4,0.08,4.0
2025-01-20 13:49:48,1,3,4,0.08,4.0
2025-01-20 13:51:32,4,4,4,0.08,4.0
2025-01-20 13:52:04,0,5,4,0.08,3.0
2025-01-20 13:53:36,4,0,3,0.06,4.0
2025-01-20 13:58:01,2,7,4,0.08,3.0
2025-01-20 14:02:19,4,0,3,0.06,4.0
2025-01-20 14:03:06,1,5,4,0.08,5.0
2025-01-20 14:04:55,3,7,5,0.1,4.0
2025-01-20 14:08:59,4,0,4,0.08,3.0
2025-01-20 14:12:19,1,0,3,0.06,4.0
2025-01-20 14:17:03,2,7,4,0.08,4.0
2025-01-20 14:19:38,1,4,4,0.08,4.0
2025-01-20 14:24:22,4,3,4,0.08,5.0
2025-01-20 14:26:03,3,7,5,0.1,6.0
2025-01-20 14:27:10,2,7,6,0.12,5.0
2025-01-20 14:31:03,4,4,5,0.1,6.0
2025-01-20 14:34:24,1,7,6,0.12,4.0
2025-01-20 14:38:36,4,0,4,0.08,3.0
2025-01-20 14:42:42,4,2,3,0.06,3.0
2025-01-20 14:47:16,4,4,3,0.06,4.0
2025-01-20 14:50:56,4,6,4,0.08,5.0
2025-01-20 14:54:27,2,7,5,0.1,6.0
2025-01-20 14:58:21,1,7,6,0.12,4.0
2025-01-20 15:02:09,2,0,4,0.08,3.0
2025-01-20 15:05:23,3,2,3,0.06,2.0
2025-01-20 15:09:54,1,0,2,0.04,4.0
2025-01-20 15:12:33,1,7,4,0.08,5.0
2025-01-20 15:16:49,3,7,5,0.1,4.0
2025-01-20 15:19:20,2,3,4,0.08,3.0
2025-01-20 15:20:33,1,1,3,0.06,4.0
2025-01-20 15:24:18,1,5,4,0.08,3.0
2025-01-20 15:28:11,1,2,3,0.06,3.0
2025-01-20 15:32:57,3,4,3,0.06,4.0
2025-01-20 15:33:43,3,6,4,0.08,4.0
2025-01-20 15:34:21,3,5,4,0.08,5.0
2025-01-20 15:38:59,3,6,5,0.1,5.0
2025-01-20 15:42:49,0,4,5,0.1,4.0
2025-01-20 15:44:17,3,1,4,0.08,3.0
2025-01-20 15:47:06,1,1,3,0.06,4.0
2025-01-20 15:49:34,4,7,4,0.08,5.0
2025-01-20 15:50:44,1,6,5,0.1,5.0
2025-01-20 15:55:40,3,6,5,0.1,5.0
2025-01-20 15:56:17,1,5,5,0.1,5.0
2025-01-20 15:59:49,3,4,5,0.1,5.0
2025-01-20 16:02:32,2,4,5,0.1,4.0
2025-01-20 16:06:02,1,0,4,0.08,3.0
2025-01-20 16:07:43,1,1,3,0.06,4.0
2025-01-20 16:10:05,2,6,4,0.08,4.0
2025-01-20 16:12:21,0,5,4,0.08,4.0
2025-01-20 16:14:47,2,4,4,0.08,3.0
2025-01-20 16:17:16,3,2,3,0.06,4.0
2025-01-20 16:20:12,2,5,4,0.08,5.0
2025-01-20 16:24:11,2,7,5,0.1,4.0
2025-01-20 16:26:23,3,1,4,0.08,4.0
2025-01-20 16:28:56,0,4,4,0.08,5.0
2025-01-20 16:33:30,4,7,5,0.1,4.0
2025-01-20 16:37:28,1,3,4,0.08,3.0
2025-01-20 16:39:46,4,0,3,0.06,4.0
2025-01-20 16:41:05,0,5,4,0.08,3.0
2025-01-20 16:43:19,0,0,3,0.06,3.0
2025-01-20 16:44:15,3,2,3,0.06,4.0
2025-01-20 16:49:01,3,5,4,0.08,3.0
2025-01-20 16:51:47,4,1,3,0.06,2.0
2025-01-20 16:52:48,4,1,2,0.04,1.0
2025-01-20 16:54:02,4,0,1,0.02,2.0
2025-01-20 16:58:56,0,4,2,0.04,3.0
2025-01-20 16:59:55,1,6,3,0.06,7.0
2025-01-20 17:01:48,1,18,7,0.14,7.0
2025-01-20 17:05:03,3,7,7,0.14,9.0
2025-01-20 17:05:33,0,13,9,0.18,10.0
2025-01-20 17:10:11,2,14,10,0.2,10.0
2025-01-20 17:15:01,1,11,10,0.2,11.0
2025-01-20 17:16:33,2,13,11,0.22,13.0
2025-01-20 17:19:46,0,19,13,0.26,13.0
2025-01-20 17:23:36,0,12,13,0.26,15.0
2025-01-20 17:27:47,2,19,15,0.3,12.0
2025-01-20 17:30:48,0,6,12,0.24,11.0
2025-01-20 17:33:29,4,9,11,0.22,13.0
2025-01-20 17:35:52,3,19,13,0.26,14.0
2025-01-20 17:39:58,3,18,14,0.28,12.0
2025-01-20 17:43:43,1,9,12,0.24,13.0
2025-01-20 17:47:34,3,16,13,0.26,14.0
2025-01-20 17:50:18,3,15,14,0.28,12.0
2025-01-20 17:54:41,1,8,12,0.24,12.0
2025-01-20 17:57:31,4,11,12,0.24,12.0
2025-01-20 18:01:16,2,12,12,0.24,10.0
2025-01-20 18:02:28,1,6,10,0.2,9.0
2025-01-20 18:03:54,1,6,9,0.18,9.0
2025-01-20 18:06:45,1,10,9,0.18,12.0
2025-01-20 18:10:44,3,19,12,0.24,10.0
2025-01-20 18:12:25,0,6,10,0.2,11.0
2025-01-20 18:16:38,1,12,11,0.22,10.0
2025-01-20 18:17:34,3,9,10,0.2,11.0
2025-01-20 18:20:11,1,13,11,0.22,12.0
2025-01-20 18:22:26,4,16,12,0.24,13.0
2025-01-20 18:25:40,3,15,13,0.26,12.0
2025-01-20 18:29:44,1,10,12,0.24,11.0
2025-01-20 18:31:24,2,10,11,0.22,13.0
2025-01-20 18:35:17,2,17,13,0.26,13.0
2025-01-20 18:38:19,2,12,13,0.26,12.0
2025-01-20 18:39:55,2,9,12,0.24,13.0
2025-01-20 18:41:54,1,15,13,0.26,14.0
2025-01-20 18:46:43,1,18,14,0.28,14.0
2025-01-20 18:51:00,4,15,14,0.28,12.0
2025-01-20 18:52:48,3,6,12,0.24,13.0
2025-01-20 18:54:53,4,15,13,0.26,13.0
2025-01-20 18:59:28,2,13,13,0.26,14.0
2025-01-20 19:02:34,1,16,14,0.28,15.0
2025-01-20 19:04:59,4,17,15,0.3,16.0
2025-01-20 19:05:46,4,19,16,0.32,17.0
2025-01-20 19:09:07,4,18,17,0.34,17.0
2025-01-20 19:09:52,3,18,17,0.34,17.0
2025-01-20 19:14:21,3,18,17,0.34,15.0
2025-01-20 19:15:46,3,9,15,0.3,13.0
2025-01-20 19:17:34,0,8,13,0.26,15.0
2025-01-20 19:19:46,1,19,15,0.3,13.0
2025-01-20 19:23:28,0,8,13,0.26,12.0
2025-01-20 19:24:02,2,11,12,0.24,14.0
2025-01-20 19:26:17,3,19,14,0.28,12.0
2025-01-20 19:28:26,4,9,12,0.24,12.0
2025-01-20 19:32:53,3,12,12,0.24,13.0
2025-01-20 19:37:51,1,16,13,0.26,13.0
2025-01-20 19:39:46,3,12,13,0.26,15.0
2025-01-20 19:40:47,0,19,15,0.3,14.0
2025-01-20 19:42:07,2,11,14,0.28,14.0
2025-01-20 19:43:55,4,14,14,0.28,15.0
2025-01-20 19:47:30,1,18,15,0.3,15.0
2025-01-20 19:50:53,1,16,15,0.3,15.0
2025-01-20 19:53:08,1,14,15,0.3,14.0
2025-01-20 19:54:40,0,12,14,0.28,12.0
2025-01-20 19:56:25,4,7,12,0.24,13.0
2025-01-20 19:58:15,1,16,13,0.26,12.0
2025-01-20 20:00:52,0,11,12,0.24,14.0
2025-01-20 20:04:24,2,19,14,0.28,14.0
2025-01-20 20:08:56,4,13,14,0.28,13.0
2025-01-20 20:12:30,4,12,13,0.26,14.0
2025-01-20 20:16:39,2,17,14,0.28,14.0
2025-01-20 20:18:19,1,13,14,0.28,15.0
2025-01-20 20:21:22,1,18,15,0.3,14.0
2025-01-20 20:25:56,1,12,14,0.28,13.0
2025-01-20 20:28:45,0,12,13,0.26,12.0
2025-01-20 20:30:25,1,11,12,0.24,12.0
2025-01-20 20:31:40,3,12,12,0.24,13.0
2025-01-20 20:32:56,2,16,13,0.26,11.0
2025-01-20 20:34:44,3,6,11,0.22,11.0
2025-01-20 20:37:42,3,11,11,0.22,10.0
2025-01-20 20:40:21,3,8,10,0.2,10.0
2025-01-20 20:42:57,4,11,10,0.2,9.0
2025-01-20 20:45:25,1,7,9,0.18,9.0
2025-01-20 20:50:16,2,8,9,0.18,10.0
2025-01-20 20:54:49,3,11,10,0.2,13.0
2025-01-20 20:57:01,0,19,13,0.26,14.0
2025-01-20 20:58:07,2,16,14,0.28,12.0
2025-01-20 21:00:58,3,8,12,0.24,11.0
2025-01-20 21:02:04,2,10,11,0.22,11.0
2025-01-20 21:02:41,3,10,11,0.22,11.0
2025-01-20 21:07:01,0,11,11,0.22,12.0
2025-01-20 21:09:17,1,15,12,0.24,14.0
2025-01-20 21:10:04,1,19,14,0.28,14.0
2025-01-20 21:11:56,3,15,14,0.28,12.0
2025-01-20 21:15:39,3,7,12,0.24,13.0
2025-01-20 21:19:43,2,14,13,0.26,12.0
2025-01-20 21:23:52,2,8,12,0.24,12.0
2025-01-20 21:27:35,3,12,12,0.24,13.0
2025-01-20 21:30:42,3,17,13,0.26,11.0
2025-01-20 21:32:55,4,6,11,0.22,13.0
2025-01-20 21:33:58,3,17,13,0.26,14.0
2025-01-20 21:36:09,1,16,14,0.28,12.0
2025-01-20 21:38:45,0,7,12,0.24,13.0
2025-01-20 21:42:48,4,15,13,0.26,12.0
2025-01-20 21:46:16,0,8,12,0.24,10.0
2025-01-20 21:48:05,1,7,10,0.2,10.0
2025-01-20 21:50:55,2,11,10,0.2,9.0
2025-01-20 21:51:55,2,6,9,0.18,10.0
2025-01-20 21:53:27,1,14,10,0.2,12.0
2025-01-20 21:54:44,2,16,12,0.24,14.0
2025-01-20 21:56:40,2,18,14,0.28,14.0
2025-01-20 21:58:10,0,13,14,0.28,13.0
2025-01-20 21:59:59,2,10,13,0.26,10.0
2025-01-20 22:03:28,4,2,10,0.2,7.0
2025-01-20 22:05:14,2,1,7,0.14,6.0
2025-01-20 22:09:24,1,3,6,0.12,5.0
2025-01-20 22:10:21,1,2,5,0.1,4.0
2025-01-20 22:12:07,1,0,4,0.08,4.0
2025-01-20 22:15:20,2,4,4,0.08,3.0
2025-01-20 22:15:58,3,1,3,0.06,2.0
2025-01-20 22:19:22,0,0,2,0.04,3.0
2025-01-20 22:21:07,1,6,3,0.06,3.0
2025-01-20 22:25:41,0,4,3,0.06,4.0
2025-01-20 22:28:12,1,6,4,0.08,3.0
2025-01-20 22:31:46,0,1,3,0.06,2.0
2025-01-20 22:32:47,1,1,2,0.04,3.0
2025-01-20 22:37:26,3,5,3,0.06,2.0
2025-01-20 22:38:52,1,1,2,0.04,3.0
2025-01-20 22:41:45,0,4,3,0.06,4.0
2025-01-20 22:43:38,4,7,4,0.08,3.0
2025-01-20 22:45:03,4,2,3,0.06,4.0
2025-01-20 22:48:18,2,6,4,0.08,3.0
2025-01-20 22:51:25,4,2,3,0.06,3.0
2025-01-20 22:56:03,4,3,3,0.06,4.0
2025-01-20 22:59:38,0,5,4,0.08,4.0
2025-01-20 23:01:25,3,4,4,0.08,4.0
2025-01-20 23:02:16,3,4,4,0.08,3.0
2025-01-20 23:04:33,1,0,3,0.06,3.0
2025-01-20 23:09:14,3,3,3,0.06,4.0
2025-01-20 23:09:58,3,5,4,0.08,3.0
2025-01-20 23:13:07,2,0,3,0.06,3.0
2025-01-20 23:17:01,0,3,3,0.06,4.0
2025-01-20 23:19:23,1,5,4,0.08,4.0
2025-01-20 23:22:40,2,3,4,0.08,5.0
2025-01-20 23:27:22,0,7,5,0.1,4.0
2025-01-20 23:30:57,2,1,4,0.08,5.0
2025-01-20 23:35:13,1,7,5,0.1,6.0
2025-01-20 23:35:58,2,7,6,0.12,5.0
2025-01-20 23:39:03,4,4,5,0.1,5.0
2025-01-20 23:41:23,1,4,5,0.1,5.0
2025-01-20 23:41:53,0,4,5,0.1,4.0
2025-01-20 23:43:03,4,0,4,0.08,3.0
2025-01-20 23:44:20,2,2,3,0.06,2.0
2025-01-20 23:46:37,2,1,2,0.04,3.0
2025-01-20 23:49:47,3,6,3,0.06,4.0
2025-01-20 23:52:57,2,7,4,0.08,5.0
2025-01-20 23:55:34,0,7,5,0.1,5.0
2025-01-20 23:59:33,2,5,5,0.1,5.0
2025-01-21 00:02:33,1,6,5,0.1,4.0
2025-01-21 00:07:17,1,2,4,0.08,4.0
2025-01-21 00:11:24,4,3,4,0.08,4.0
2025-01-21 00:12:23,0,3,4,0.08,4.0
2025-01-21 00:13:37,3,5,4,0.08,4.0
2025-01-21 00:15:26,0,3,4,0.08,3.0
2025-01-21 00:16:34,4,0,3,0.06,3.0
2025-01-21 00:21:03,2,4,3,0.06,2.0
2025-01-21 00:22:17,0,1,2,0.04,4.0
2025-01-21 00:24:04,3,7,4,0.08,4.0
2025-01-21 00:26:29,4,3,4,0.08,3.0
2025-01-21 00:31:27,0,1,3,0.06,3.0
2025-01-21 00:32:49,1,4,3,0.06,2.0
2025-01-21 00:34:26,3,0,2,0.04,2.0
2025-01-21 00:37:57,4,3,2,0.04,2.0
2025-01-21 00:39:00,3,1,2,0.04,4.0
2025-01-21 00:43:38,1,7,4,0.08,4.0
2025-01-21 00:45:58,2,4,4,0.08,3.0
2025-01-21 00:48:01,1,1,3,0.06,3.0
2025-01-21 00:51:29,2,4,3,0.06,3.0
2025-01-21 00:52:45,0,3,3,0.06,3.0
2025-01-21 00:54:46,0,4,3,0.06,3.0
2025-01-21 00:58:47,2,2,3,0.06,4.0
2025-01-21 01:00:31,1,7,4,0.08,5.0
2025-01-21 01:04:22,0,7,5,0.1,4.0
2025-01-21 01:08:22,2,0,4,0.08,4.0
2025-01-21 01:11:05,0,5,4,0.08,5.0
2025-01-21 01:12:40,3,6,5,0.1,4.0
2025-01-21 01:13:37,1,2,4,0.08,3.0
2025-01-21 01:16:03,1,1,3,0.06,2.0
2025-01-21 01:18:26,2,0,2,0.04,4.0
2025-01-21 01:20:10,1,7,4,0.08,3.0
2025-01-21 01:24:01,0,2,3,0.06,3.0
2025-01-21 01:25:29,3,3,3,0.06,3.0
2025-01-21 01:26:13,0,3,3,0.06,2.0
2025-01-21 01:30:33,0,1,2,0.04,4.0
2025-01-21 01:32:47,2,7,4,0.08,4.0
2025-01-21 01:36:01,2,3,4,0.08,3.0
2025-01-21 01:39:49,4,0,3,0.06,3.0
2025-01-21 01:40:53,0,4,3,0.06,2.0
2025-01-21 01:44:04,2,1,2,0.04,1.0
2025-01-21 01:48:38,0,0,1,0.02,2.0
2025-01-21 01:49:26,3,4,2,0.04,2.0
2025-01-21 01:52:57,1,3,2,0.04,2.0
2025-01-21 01:55:53,1,1,2,0.04,3.0
2025-01-21 01:59:18,4,6,3,0.06,2.0
2025-01-21 02:02:30,1,0,2,0.04,3.0
2025-01-21 02:05:54,2,4,3,0.06,2.0
2025-01-21 02:07:10,2,0,2,0.04,2.0
2025-01-21 02:11:55,3,3,2,0.04,1.0
2025-01-21 02:15:18,1,0,1,0.02,1.0
2025-01-21 02:17:30,1,0,1,0.02,2.0
2025-01-21 02:20:00,3,5,2,0.04,3.0
2025-01-21 02:22:54,0,6,3,0.06,2.0
2025-01-21 02:24:05,1,0,2,0.04,2.0
2025-01-21 02:25:03,3,3,2,0.04,2.0
2025-01-21 02:25:46,1,1,2,0.04,3.0
2025-01-21 02:29:24,1,5,3,0.06,3.0
2025-01-21 02:32:56,3,3,3,0.06,2.0
2025-01-21 02:34:01,3,0,2,0.04,3.0
2025-01-21 02:35:07,2,5,3,0.06,3.0
2025-01-21 02:35:50,1,2,3,0.06,4.0
2025-01-21 02:38:22,1,6,4,0.08,3.0
2025-01-21 02:40:14,0,1,3,0.06,3.0
2025-01-21 02:43:22,2,2,3,0.06,3.0
2025-01-21 02:45:33,2,3,3,0.06,3.0
2025-01-21 02:47:25,0,3,3,0.06,2.0
2025-01-21 02:48:38,1,1,2,0.04,3.0
2025-01-21 02:50:15,3,5,3,0.06,3.0
2025-01-21 02:51:32,3,4,3,0.06,4.0
2025-01-21 02:52:58,0,5,4,0.08,4.0
2025-01-21 02:54:42,2,5,4,0.08,4.0
2025-01-21 02:55:33,0,3,4,0.08,5.0
2025-01-21 02:58:14,1,7,5,0.1,5.0
2025-01-21 03:03:10,4,4,5,0.1,4.0
2025-01-21 03:05:39,2,3,4,0.08,4.0
2025-01-21 03:10:14,3,5,4,0.08,4.0
2025-01-21 03:11:39,4,4,4,0.08,4.0
2025-01-21 03:12:46,1,5,4,0.08,3.0
2025-01-21 03:17:20,2,2,3,0.06,4.0
2025-01-21 03:18:10,4,6,4,0.08,4.0
2025-01-21 03:20:29,3,4,4,0.08,4.0
2025-01-21 03:22:32,1,3,4,0.08,4.0
2025-01-21 03:25:17,3,4,4,0.08,3.0
2025-01-21 03:29:37,2,1,3,0.06,4.0
2025-01-21 03:30:14,4,7,4,0.08,3.0
2025-01-21 03:34:54,4,0,3,0.06,3.0
2025-01-21 03:36:50,4,3,3,0.06,4.0
2025-01-21 03:40:43,0,6,4,0.08,5.0
2025-01-21 03:44:51,4,6,5,0.1,5.0
2025-01-21 03:49:21,3,6,5,0.1,4.0
2025-01-21 03:54:08,3,2,4,0.08,3.0
2025-01-21 03:56:26,3,1,3,0.06,2.0
2025-01-21 04:01:11,4,1,2,0.04,2.0
2025-01-21 04:05:20,4,1,2,0.04,2.0
2025-01-21 04:07:12,3,1,2,0.04,1.0
2025-01-21 04:09:28,4,0,1,0.02,1.0
2025-01-21 04:11:06,0,1,1,0.02,2.0
2025-01-21 04:13:12,1,6,2,0.04,4.0
2025-01-21 04:17:13,1,7,4,0.08,3.0
2025-01-21 04:21:39,3,1,3,0.06,2.0
2025-01-21 04:22:16,0,1,2,0.04,3.0
2025-01-21 04:25:54,1,5,3,0.06,4.0
2025-01-21 04:27:44,2,5,4,0.08,5.0
2025-01-21 04:30:01,4,6,5,0.1,4.0
2025-01-21 04:31:37,2,3,4,0.08,3.0
2025-01-21 04:35:00,0,2,3,0.06,2.0
2025-01-21 04:36:12,3,0,2,0.04,2.0
2025-01-21 04:39:48,4,3,2,0.04,2.0
2025-01-21 04:43:37,3,1,2,0.04,2.0
2025-01-21 04:44:45,1,3,2,0.04,3.0
2025-01-21 04:48:54,0,4,3,0.06,3.0
2025-01-21 04:49:27,1,4,3,0.06,2.0
2025-01-21 04:51:57,0,0,2,0.04,4.0
2025-01-21 04:53:43,0,7,4,0.08,4.0
2025-01-21 04:57:11,1,4,4,0.08,4.0
2025-01-21 04:59:53,4,4,4,0.08,3.0
2025-01-21 05:04:11,3,2,3,0.06,4.0
2025-01-21 05:07:12,4,6,4,0.08,3.0
2025-01-21 05:10:25,1,2,3,0.06,3.0
2025-01-21 05:12:43,4,2,3,0.06,4.0
2025-01-21 05:15:18,1,7,4,0.08,3.0
2025-01-21 05:19:47,4,2,3,0.06,2.0
2025-01-21 05:22:42,1,1,2,0.04,3.0
2025-01-21 05:27:23,3,6,3,0.06,4.0
2025-01-21 05:30:55,4,5,4,0.08,4.0
2025-01-21 05:32:36,1,3,4,0.08,3.0
2025-01-21 05:36:44,2,1,3,0.06,3.0
2025-01-21 05:40:40,0,3,3,0.06,3.0
2025-01-21 05:44:02,3,4,3,0.06,2.0
2025-01-21 05:46:52,2,1,2,0.04,3.0
2025-01-21 05:50:55,4,4,3,0.06,3.0
2025-01-21 05:55:53,1,2,3,0.06,4.0
2025-01-21 05:56:42,0,7,4,0.08,3.0
2025-01-21 05:58:17,0,2,3,0.06,3.0
2025-01-21 06:01:13,4,3,3,0.06,4.0
2025-01-21 06:04:27,1,5,4,0.08,3.0
2025-01-21 06:05:02,1,0,3,0.06,3.0
2025-01-21 06:05:45,0,3,3,0.06,2.0
2025-01-21 06:08:26,1,1,2,0.04,3.0
2025-01-21 06:12:58,3,6,3,0.06,3.0
2025-01-21 06:17:18,3,2,3,0.06,2.0
2025-01-21 06:21:35,0,0,2,0.04,3.0
2025-01-21 06:24:46,1,4,3,0.06,4.0
2025-01-21 06:29:38,0,5,4,0.08,3.0
2025-01-21 06:32:18,2,2,3,0.06,3.0
2025-01-21 06:36:32,0,3,3,0.06,4.0
2025-01-21 06:41:19,0,5,4,0.08,5.0
2025-01-21 06:45:42,4,7,5,0.1,5.0
2025-01-21 06:46:35,4,4,5,0.1,5.0
2025-01-21 06:51:35,0,6,5,0.1,4.0
2025-01-21 06:53:39,3,3,4,0.08,5.0
2025-01-21 06:56:30,3,7,5,0.1,5.0
2025-01-21 07:00:01,3,6,5,0.1,4.0
2025-01-21 07:03:56,0,2,4,0.08,3.0
2025-01-21 07:05:46,0,1,3,0.06,3.0
2025-01-21 07:09:43,2,3,3,0.06,3.0
2025-01-21 07:10:51,0,2,3,0.06,4.0
2025-01-21 07:13:24,1,7,4,0.08,5.0
2025-01-21 07:16:53,3,6,5,0.1,4.0
2025-01-21 07:18:59,3,2,4,0.08,4.0
2025-01-21 07:22:39,3,3,4,0.08,4.0
2025-01-21 07:24:22,3,4,4,0.08,4.0
2025-01-21 07:25:40,1,3,4,0.08,5.0
2025-01-21 07:29:39,1,6,5,0.1,5.0
2025-01-21 07:32:04,4,4,5,0.1,4.0
2025-01-21 07:32:56,2,3,4,0.08,3.0
2025-01-21 07:35:03,0,2,3,0.06,3.0
2025-01-21 07:38:42,2,2,3,0.06,2.0
2025-01-21 07:42:13,0,1,2,0.04,3.0
2025-01-21 07:45:10,0,6,3,0.06,2.0
2025-01-21 07:46:02,2,1,2,0.04,2.0
2025-01-21 07:48:16,0,2,2,0.04,2.0
2025-01-21 07:51:28,0,2,2,0.04,2.0
2025-01-21 07:53:04,3,2,2,0.04,2.0
2025-01-21 07:54:19,4,1,2,0.04,3.0
2025-01-21 07:56:09,3,6,3,0.06,3.0
2025-01-21 07:59:05,4,2,3,0.06,8.0
2025-01-21 08:03:16,3,19,8,0.16,9.0
2025-01-21 08:04:00,1,11,9,0.18,12.0
2025-01-21 08:06:30,4,18,12,0.24,10.0
2025-01-21 08:08:17,3,7,10,0.2,10.0
2025-01-21 08:12:47,1,10,10,0.2,10.0
2025-01-21 08:13:34,3,11,10,0.2,9.0
2025-01-21 08:18:19,0,8,9,0.18,9.0
2025-01-21 08:19:15,2,8,9,0.18,10.0
2025-01-21 08:19:46,2,14,10,0.2,11.0
2025-01-21 08:24:14,2,13,11,0.22,12.0
2025-01-21 08:24:56,1,15,12,0.24,13.0
2025-01-21 08:28:29,4,17,13,0.26,12.0
2025-01-21 08:32:12,3,11,12,0.24,12.0
2025-01-21 08:33:37,1,13,12,0.24,13.0
2025-01-21 08:37:56,0,15,13,0.26,13.0
2025-01-21 08:38:53,1,14,13,0.26,12.0
2025-01-21 08:40:33,3,8,12,0.24,10.0
2025-01-21 08:44:32,1,7,10,0.2,9.0
2025-01-21 08:48:05,3,6,9,0.18,11.0
2025-01-21 08:49:15,4,17,11,0.22,12.0
2025-01-21 08:54:04,4,15,12,0.24,13.0
2025-01-21 08:55:57,4,14,13,0.26,14.0
2025-01-21 08:57:12,1,16,14,0.28,14.0
2025-01-21 09:00:20,3,15,14,0.28,14.0
2025-01-21 09:00:56,4,13,14,0.28,12.0
2025-01-21 09:03:41,4,9,12,0.24,12.0
2025-01-21 09:07:13,4,12,12,0.24,12.0
2025-01-21 09:10:59,0,13,12,0.24,12.0
2025-01-21 09:14:20,4,13,12,0.24,13.0
2025-01-21 09:16:07,4,17,13,0.26,12.0
2025-01-21 09:19:34,1,10,12,0.24,10.0
2025-01-21 09:20:30,1,7,10,0.2,9.0
2025-01-21 09:22:59,1,8,9,0.18,11.0
2025-01-21 09:26:44,2,16,11,0.22,13.0
2025-01-21 09:27:31,3,19,13,0.26,11.0
2025-01-21 09:32:31,4,7,11,0.22,11.0
2025-01-21 09:33:53,0,12,11,0.22,11.0
2025-01-21 09:35:14,4,12,11,0.22,12.0
2025-01-21 09:39:19,4,15,12,0.24,13.0
2025-01-21 09:41:00,1,15,13,0.26,14.0
2025-01-21 09:41:57,2,18,14,0.28,12.0
2025-01-21 09:46:38,3,9,12,0.24,11.0
2025-01-21 09:47:42,3,9,11,0.22,12.0
2025-01-21 09:51:32,1,14,12,0.24,13.0
2025-01-21 09:56:10,3,14,13,0.26,12.0
2025-01-21 09:58:18,4,9,12,0.24,13.0
2025-01-21 10:01:07,1,17,13,0.26,14.0
2025-01-21 10:02:59,3,17,14,0.28,14.0
2025-01-21 10:04:16,1,14,14,0.28,12.0
2025-01-21 10:08:53,4,8,12,0.24,11.0
2025-01-21 10:12:19,0,8,11,0.22,10.0
2025-01-21 10:13:40,4,9,10,0.2,11.0
2025-01-21 10:15:28,1,13,11,0.22,12.0
2025-01-21 10:17:01,4,13,12,0.24,14.0
2025-01-21 10:17:38,0,19,14,0.28,15.0
2025-01-21 10:21:41,0,17,15,0.3,14.0
2025-01-21 10:22:35,1,12,14,0.28,12.0
2025-01-21 10:27:20,3,8,12,0.24,13.0
2025-01-21 10:31:52,0,17,13,0.26,13.0
2025-01-21 10:35:39,0,13,13,0.26,11.0
2025-01-21 10:37:42,3,6,11,0.22,10.0
2025-01-21 10:41:38,4,6,10,0.2,13.0
2025-01-21 10:42:22,4,19,13,0.26,14.0
2025-01-21 10:45:49,3,18,14,0.28,12.0
2025-01-21 10:47:33,1,6,12,0.24,13.0
2025-01-21 10:49:46,3,14,13,0.26,14.0
2025-01-21 10:53:03,3,18,14,0.28,14.0
2025-01-21 10:55:27,3,14,14,0.28,14.0
2025-01-21 10:56:35,3,15,14,0.28,14.0
2025-01-21 10:59:19,2,13,14,0.28,12.0
2025-01-21 11:03:40,0,9,12,0.24,13.0
2025-01-21 11:04:48,4,16,13,0.26,13.0
2025-01-21 11:06:04,1,14,13,0.26,12.0
2025-01-21 11:07:09,3,9,12,0.24,10.0
2025-01-21 11:09:13,3,6,10,0.2,12.0
2025-01-21 11:09:55,4,17,12,0.24,12.0
2025-01-21 11:12:50,3,13,12,0.24,13.0
2025-01-21 11:14:24,4,17,13,0.26,12.0
2025-01-21 11:18:41,3,11,12,0.24,14.0
2025-01-21 11:23:12,4,19,14,0.28,14.0
2025-01-21 11:23:49,3,15,14,0.28,14.0
2025-01-21 11:25:01,2,14,14,0.28,14.0
2025-01-21 11:29:34,3,15,14,0.28,12.0
2025-01-21 11:33:04,2,6,12,0.24,11.0
2025-01-21 11:34:58,3,10,11,0.22,11.0
2025-01-21 11:38:02,4,11,11,0.22,12.0
2025-01-21 11:38:54,2,15,12,0.24,14.0
2025-01-21 11:41:18,2,19,14,0.28,13.0
2025-01-21 11:43:26,4,11,13,0.26,14.0
2025-01-21 11:45:39,1,18,14,0.28,12.0
2025-01-21 11:46:59,3,6,12,0.24,13.0
2025-01-21 11:49:20,2,14,13,0.26,14.0
2025-01-21 11:53:53,1,17,14,0.28,14.0
2025-01-21 11:57:11,0,14,14,0.28,15.0
2025-01-21 11:58:52,1,17,15,0.3,12.0
2025-01-21 12:01:40,1,6,12,0.24,10.0
2025-01-21 12:06:00,0,5,10,0.2,9.0
2025-01-21 12:10:28,0,6,9,0.18,8.0
2025-01-21 12:15:10,3,4,8,0.16,7.0
2025-01-21 12:16:28,1,6,7,0.14,5.0
2025-01-21 12:18:09,3,2,5,0.1,6.0
2025-01-21 12:23:01,4,7,6,0.12,5.0
2025-01-21 12:27:12,0,3,5,0.1,4.0
2025-01-21 12:28:58,3,3,4,0.08,5.0
2025-01-21 12:30:29,3,6,5,0.1,5.0
2025-01-21 12:33:35,2,5,5,0.1,5.0
2025-01-21 12:36:09,3,4,5,0.1,4.0
2025-01-21 12:40:27,2,3,4,0.08,3.0
2025-01-21 12:43:37,3,1,3,0.06,4.0
2025-01-21 12:44:35,3,6,4,0.08,3.0
2025-01-21 12:46:58,3,1,3,0.06,3.0
2025-01-21 12:48:46,3,3,3,0.06,3.0
2025-01-21 12:49:38,0,4,3,0.06,3.0
2025-01-21 12:51:53,1,4,3,0.06,3.0
2025-01-21 12:54:33,4,4,3,0.06,3.0
2025-01-21 12:57:55,1,2,3,0.06,4.0
2025-01-21 13:02:48,1,7,4,0.08,3.0
2025-01-21 13:03:19,4,1,3,0.06,2.0
2025-01-21 13:07:41,2,1,2,0.04,2.0
2025-01-21 13:12:21,4,3,2,0.04,2.0
2025-01-21 13:14:38,3,3,2,0.04,4.0
2025-01-21 13:18:07,4,7,4,0.08,4.0
2025-01-21 13:22:09,4,5,4,0.08,3.0
2025-01-21 13:23:50,2,1,3,0.06,3.0
2025-01-21 13:27:14,3,4,3,0.06,3.0
2025-01-21 13:29:46,2,4,3,0.06,2.0
2025-01-21 13:34:02,3,0,2,0.04,1.0
2025-01-21 13:35:54,0,0,1,0.02,3.0
2025-01-21 13:40:36,2,7,3,0.06,4.0
2025-01-21 13:43:31,4,7,4,0.08,3.0
2025-01-21 13:46:00,1,0,3,0.06,3.0
2025-01-21 13:47:34,3,4,3,0.06,3.0
2025-01-21 13:49:49,2,4,3,0.06,4.0
2025-01-21 13:52:05,2,6,4,0.08,4.0
2025-01-21 13:53:10,3,3,4,0.08,4.0
2025-01-21 13:56:06,2,3,4,0.08,5.0
2025-01-21 14:00:57,4,7,5,0.1,4.0
2025-01-21 14:04:05,0,0,4,0.08,3.0
2025-01-21 14:08:59,2,1,3,0.06,3.0
2025-01-21 14:12:50,4,3,3,0.06,4.0
2025-01-21 14:15:54,2,5,4,0.08,5.0
2025-01-21 14:16:36,1,7,5,0.1,6.0
2025-01-21 14:18:30,0,7,6,0.12,5.0
2025-01-21 14:23:04,0,4,5,0.1,6.0
2025-01-21 14:23:42,4,7,6,0.12,6.0
2025-01-21 14:28:18,3,7,6,0.12,6.0
2025-01-21 14:32:45,4,7,6,0.12,6.0
2025-01-21 14:36:37,3,6,6,0.12,5.0
2025-01-21 14:41:13,0,2,5,0.1,5.0
2025-01-21 14:45:37,4,4,5,0.1,4.0
2025-01-21 14:47:27,0,1,4,0.08,3.0
2025-01-21 14:48:09,3,2,3,0.06,3.0
2025-01-21 14:48:54,1,2,3,0.06,3.0
2025-01-21 14:50:08,3,2,3,0.06,2.0
2025-01-21 14:52:56,1,0,2,0.04,3.0
2025-01-21 14:55:53,4,6,3,0.06,3.0
2025-01-21 15:00:18,0,4,3,0.06,4.0
2025-01-21 15:03:58,2,7,4,0.08,5.0
2025-01-21 15:06:08,4,6,5,0.1,4.0
2025-01-21 15:08:22,3,1,4,0.08,5.0
2025-01-21 15:13:01,2,7,5,0.1,5.0
2025-01-21 15:15:04,3,5,5,0.1,5.0
2025-01-21 15:19:13,2,5,5,0.1,4.0
2025-01-21 15:21:55,3,1,4,0.08,3.0
2025-01-21 15:24:59,3,1,3,0.06,4.0
2025-01-21 15:25:56,2,6,4,0.08,5.0
2025-01-21 15:28:21,1,7,5,0.1,5.0
2025-01-21 15:32:44,2,6,5,0.1,5.0
2025-01-21 15:33:14,2,5,5,0.1,6.0
2025-01-21 15:37:43,3,7,6,0.12,6.0
2025-01-21 15:39:10,3,6,6,0.12,4.0
2025-01-21 15:42:42,4,1,4,0.08,4.0
2025-01-21 15:43:37,0,5,4,0.08,5.0
2025-01-21 15:45:23,3,7,5,0.1,6.0
2025-01-21 15:49:29,2,7,6,0.12,4.0
2025-01-21 15:54:20,1,0,4,0.08,3.0
2025-01-21 15:55:12,0,0,3,0.06,3.0
2025-01-21 15:59:45,4,4,3,0.06,2.0
2025-01-21 16:02:52,4,0,2,0.04,3.0
2025-01-21 16:06:47,4,6,3,0.06,2.0
2025-01-21 16:08:43,3,0,2,0.04,3.0
2025-01-21 16:13:39,0,4,3,0.06,4.0
2025-01-21 16:16:22,3,7,4,0.08,5.0
2025-01-21 16:21:18,4,7,5,0.1,4.0
2025-01-21 16:26:15,4,0,4,0.08,4.0
2025-01-21 16:27:37,0,3,4,0.08,4.0
2025-01-21 16:29:45,2,3,4,0.08,3.0
2025-01-21 16:34:21,2,1,3,0.06,3.0
2025-01-21 16:35:26,3,4,3,0.06,4.0
2025-01-21 16:36:23,0,7,4,0.08,5.0
2025-01-21 16:40:32,3,6,5,0.1,5.0
2025-01-21 16:42:43,0,4,5,0.1,5.0
2025-01-21 16:47:35,2,6,5,0.1,6.0
2025-01-21 16:52:35,3,7,6,0.12,4.0
2025-01-21 16:56:48,4,1,4,0.08,4.0
2025-01-21 16:59:36,3,4,4,0.08,5.0
2025-01-21 17:04:15,2,8,5,0.1,6.0
2025-01-21 17:06:02,1,7,6,0.12,9.0
2025-01-21 17:06:44,0,17,9,0.18,9.0
2025-01-21 17:08:35,0,8,9,0.18,10.0
2025-01-21 17:09:13,0,13,10,0.2,12.0
2025-01-21 17:13:15,1,17,12,0.24,10.0
2025-01-21 17:14:32,3,6,10,0.2,9.0
2025-01-21 17:15:50,0,7,9,0.18,8.0
2025-01-21 17:16:59,1,6,8,0.16,9.0
2025-01-21 17:21:14,1,11,9,0.18,12.0
2025-01-21 17:23:31,4,18,12,0.24,13.0
2025-01-21 17:28:05,3,17,13,0.26,14.0
2025-01-21 17:32:49,4,16,14,0.28,12.0
2025-01-21 17:33:51,4,7,12,0.24,14.0
2025-01-21 17:34:43,3,19,14,0.28,16.0
2025-01-21 17:36:06,3,19,16,0.32,17.0
2025-01-21 17:37:24,3,19,17,0.34,14.0
2025-01-21 17:39:11,0,7,14,0.28,15.0
2025-01-21 17:41:42,4,17,15,0.3,15.0
2025-01-21 17:43:41,4,14,15,0.3,14.0
2025-01-21 17:47:23,3,13,14,0.28,14.0
2025-01-21 17:51:56,0,15,14,0.28,14.0
2025-01-21 17:54:54,3,14,14,0.28,13.0
2025-01-21 17:57:49,3,12,13,0.26,14.0
2025-01-21 18:00:39,2,17,14,0.28,14.0
2025-01-21 18:02:59,1,15,14,0.28,15.0
2025-01-21 18:05:16,2,17,15,0.3,14.0
2025-01-21 18:06:35,3,13,14,0.28,12.0
2025-01-21 18:07:18,1,9,12,0.24,13.0
2025-01-21 18:10:01,1,16,13,0.26,14.0
2025-01-21 18:11:46,4,17,14,0.28,12.0
2025-01-21 18:13:39,3,6,12,0.24,12.0
2025-01-21 18:16:46,2,11,12,0.24,12.0
2025-01-21 18:18:49,4,12,12,0.24,14.0
2025-01-21 18:20:52,2,19,14,0.28,12.0
2025-01-21 18:22:18,3,9,12,0.24,13.0
2025-01-21 18:25:31,2,14,13,0.26,12.0
2025-01-21 18:27:38,0,10,12,0.24,13.0
2025-01-21 18:28:23,3,16,13,0.26,13.0
2025-01-21 18:30:10,3,14,13,0.26,11.0
2025-01-21 18:31:51,1,7,11,0.22,12.0
2025-01-21 18:36:50,0,14,12,0.24,11.0
2025-01-21 18:38:25,4,8,11,0.22,11.0
2025-01-21 18:40:02,1,10,11,0.22,10.0
2025-01-21 18:43:44,1,7,10,0.2,12.0
2025-01-21 18:45:08,4,17,12,0.24,10.0
2025-01-21 18:48:25,1,6,10,0.2,13.0
2025-01-21 18:49:19,2,19,13,0.26,13.0
2025-01-21 18:51:59,0,12,13,0.26,11.0
2025-01-21 18:54:10,0,6,11,0.22,13.0
2025-01-21 18:59:02,1,18,13,0.26,14.0
2025-01-21 19:01:31,3,16,14,0.28,15.0
2025-01-21 19:05:51,2,16,15,0.3,16.0
2025-01-21 19:09:01,2,19,16,0.32,14.0
2025-01-21 19:12:11,2,9,14,0.28,16.0
2025-01-21 19:13:58,2,19,16,0.32,15.0
2025-01-21 19:15:05,1,12,15,0.3,16.0
2025-01-21 19:16:02,1,19,16,0.32,13.0
2025-01-21 19:18:11,0,7,13,0.26,12.0
2025-01-21 19:20:44,2,11,12,0.24,12.0
2025-01-21 19:22:45,4,12,12,0.24,14.0
2025-01-21 19:27:29,4,18,14,0.28,12.0
2025-01-21 19:29:35,1,9,12,0.24,10.0
2025-01-21 19:30:10,1,7,10,0.2,10.0
2025-01-21 19:33:28,3,11,10,0.2,12.0
2025-01-21 19:38:28,0,16,12,0.24,12.0
2025-01-21 19:40:45,1,12,12,0.24,12.0
2025-01-21 19:42:01,2,13,12,0.24,14.0
2025-01-21 19:44:09,0,18,14,0.28,15.0
2025-01-21 19:44:52,2,18,15,0.3,13.0
2025-01-21 19:48:35,4,8,13,0.26,12.0
2025-01-21 19:51:41,0,11,12,0.24,11.0
2025-01-21 19:54:44,4,10,11,0.22,13.0
2025-01-21 19:57:08,4,19,13,0.26,13.0
2025-01-21 20:01:55,3,14,13,0.26,13.0
2025-01-21 20:04:49,4,14,13,0.26,14.0
2025-01-21 20:05:28,1,15,14,0.28,15.0
2025-01-21 20:09:31,3,16,15,0.3,14.0
2025-01-21 20:13:53,2,13,14,0.28,12.0
2025-01-21 20:17:13,1,8,12,0.24,10.0
2025-01-21 20:18:03,2,6,10,0.2,9.0
2025-01-21 20:18:47,3,8,9,0.18,11.0
2025-01-21 20:21:22,0,15,11,0.22,13.0
2025-01-21 20:25:24,0,17,13,0.26,13.0
2025-01-21 20:29:01,0,13,13,0.26,12.0
2025-01-21 20:32:22,3,8,12,0.24,13.0
2025-01-21 20:36:58,4,16,13,0.26,11.0
2025-01-21 20:37:32,3,6,11,0.22,10.0
2025-01-21 20:41:52,2,7,10,0.2,10.0
2025-01-21 20:45:42,4,10,10,0.2,12.0
2025-01-21 20:48:40,2,18,12,0.24,13.0
2025-01-21 20:50:21,3,15,13,0.26,11.0
2025-01-21 20:54:36,1,6,11,0.22,12.0
2025-01-21 20:56:19,3,16,12,0.24,13.0
2025-01-21 20:59:37,3,14,13,0.26,13.0
2025-01-21 21:04:15,0,13,13,0.26,13.0
2025-01-21 21:07:16,0,12,13,0.26,12.0
2025-01-21 21:11:29,2,10,12,0.24,12.0
2025-01-21 21:15:43,1,13,12,0.24,14.0
2025-01-21 21:16:50,4,18,14,0.28,15.0
2025-01-21 21:18:03,0,17,15,0.3,15.0
2025-01-21 21:21:37,3,14,15,0.3,14.0
2025-01-21 21:26:07,2,11,14,0.28,12.0
2025-01-21 21:30:06,4,6,12,0.24,14.0
2025-01-21 21:30:58,0,18,14,0.28,14.0
2025-01-21 21:33:31,2,14,14,0.28,13.0
2025-01-21 21:35:26,0,11,13,0.26,14.0
2025-01-21 21:36:38,4,16,14,0.28,12.0
2025-01-21 21:37:47,0,8,12,0.24,10.0
2025-01-21 21:41:05,0,7,10,0.2,12.0
2025-01-21 21:44:29,4,15,12,0.24,12.0
2025-01-21 21:45:18,3,11,12,0.24,12.0
2025-01-21 21:47:36,4,11,12,0.24,14.0
2025-01-21 21:51:18,4,18,14,0.28,15.0
2025-01-21 21:55:51,4,16,15,0.3,11.0
2025-01-21 22:00:08,0,3,11,0.22,8.0
2025-01-21 22:01:13,4,1,8,0.16,6.0
2025-01-21 22:02:27,4,1,6,0.12,6.0
2025-01-21 22:03:24,2,7,6,0.12,4.0
2025-01-21 22:06:27,4,1,4,0.08,4.0
2025-01-21 22:07:19,3,4,4,0.08,4.0
2025-01-21 22:11:15,3,3,4,0.08,5.0
2025-01-21 22:13:15,2,6,5,0.1,6.0
2025-01-21 22:14:22,1,7,6,0.12,5.0
2025-01-21 22:18:39,0,2,5,0.1,5.0
2025-01-21 22:22:30,4,4,5,0.1,6.0
2025-01-21 22:27:13,4,7,6,0.12,5.0
2025-01-21 22:28:20,4,3,5,0.1,5.0
2025-01-21 22:32:30,3,6,5,0.1,4.0
2025-01-21 22:36:06,2,0,4,0.08,5.0
2025-01-21 22:37:18,2,7,5,0.1,5.0
2025-01-21 22:39:41,2,6,5,0.1,4.0
2025-01-21 22:44:30,1,3,4,0.08,4.0
2025-01-21 22:45:04,1,5,4,0.08,3.0
2025-01-21 22:46:41,1,0,3,0.06,2.0
2025-01-21 22:50:58,4,0,2,0.04,3.0
2025-01-21 22:53:30,2,6,3,0.06,4.0
2025-01-21 22:56:52,3,6,4,0.08,3.0
2025-01-21 22:59:54,3,0,3,0.06,3.0
2025-01-21 23:04:50,2,3,3,0.06,4.0
2025-01-21 23:07:56,4,6,4,0.08,4.0
2025-01-21 23:11:07,1,4,4,0.08,4.0
2025-01-21 23:15:10,4,5,4,0.08,3.0
2025-01-21 23:16:05,3,2,3,0.06,2.0
2025-01-21 23:19:43,0,0,2,0.04,4.0
2025-01-21 23:22:14,4,7,4,0.08,5.0
2025-01-21 23:26:33,1,7,5,0.1,4.0
2025-01-21 23:28:01,1,0,4,0.08,3.0
2025-01-21 23:30:06,1,0,3,0.06,4.0
2025-01-21 23:34:57,1,6,4,0.08,4.0
2025-01-21 23:37:42,2,3,4,0.08,3.0
2025-01-21 23:40:11,4,0,3,0.06,3.0
2025-01-21 23:41:05,3,2,3,0.06,3.0
2025-01-21 23:44:00,3,3,3,0.06,3.0
2025-01-21 23:44:41,0,4,3,0.06,2.0
2025-01-21 23:46:37,1,0,2,0.04,2.0
2025-01-21 23:48:55,1,1,2,0.04,3.0
2025-01-21 23:53:50,2,4,3,0.06,4.0
2025-01-21 23:58:01,0,6,4,0.08,3.0
2025-01-21 23:59:44,4,1,3,0.06,3.0
2025-01-22 00:01:55,1,4,3,0.06,4.0
2025-01-22 00:04:41,3,6,4,0.08,4.0
2025-01-22 00:08:21,3,3,4,0.08,3.0
2025-01-22 00:11:12,4,1,3,0.06,3.0
2025-01-22 00:12:54,0,4,3,0.06,4.0
2025-01-22 00:16:10,3,6,4,0.08,3.0
2025-01-22 00:19:27,0,1,3,0.06,3.0
2025-01-22 00:20:50,0,4,3,0.06,3.0
2025-01-22 00:25:38,2,3,3,0.06,3.0
2025-01-22 00:27:58,3,3,3,0.06,2.0
2025-01-22 00:32:19,2,1,2,0.04,3.0
2025-01-22 00:35:29,2,6,3,0.06,3.0
2025-01-22 00:36:17,4,2,3,0.06,2.0
2025-01-22 00:37:36,4,0,2,0.04,3.0
2025-01-22 00:41:00,2,5,3,0.06,2.0
2025-01-22 00:44:33,3,1,2,0.04,4.0
2025-01-22 00:48:07,3,7,4,0.08,4.0
2025-01-22 00:49:57,4,4,4,0.08,3.0
2025-01-22 00:53:02,3,1,3,0.06,4.0
2025-01-22 00:57:40,4,6,4,0.08,5.0
2025-01-22 01:00:36,0,6,5,0.1,5.0
2025-01-22 01:01:12,4,4,5,0.1,4.0
2025-01-22 01:04:18,0,2,4,0.08,3.0
2025-01-22 01:07:38,1,0,3,0.06,4.0
2025-01-22 01:09:16,2,7,4,0.08,3.0
2025-01-22 01:11:19,2,0,3,0.06,3.0
2025-01-22 01:14:54,3,2,3,0.06,4.0
2025-01-22 01:18:13,0,6,4,0.08,4.0
2025-01-22 01:22:06,4,3,4,0.08,5.0
2025-01-22 01:23:17,4,7,5,0.1,4.0
2025-01-22 01:23:59,4,3,4,0.08,4.0
2025-01-22 01:27:02,1,3,4,0.08,5.0
2025-01-22 01:28:22,2,7,5,0.1,6.0
2025-01-22 01:32:23,1,7,6,0.12,4.0
2025-01-22 01:35:16,1,0,4,0.08,3.0
2025-01-22 01:35:48,4,1,3,0.06,4.0
2025-01-22 01:40:31,3,5,4,0.08,3.0
2025-01-22 01:45:16,4,0,3,0.06,2.0
2025-01-22 01:47:23,2,0,2,0.04,2.0
2025-01-22 01:50:45,4,3,2,0.04,2.0
2025-01-22 01:53:44,2,1,2,0.04,2.0
2025-01-22 01:55:12,0,1,2,0.04,2.0
2025-01-22 01:57:34,4,2,2,0.04,2.0
2025-01-22 02:02:06,1,1,2,0.04,1.0
2025-01-22 02:03:32,0,0,1,0.02,2.0
2025-01-22 02:05:01,3,5,2,0.04,4.0
2025-01-22 02:09:06,3,7,4,0.08,4.0
2025-01-22 02:13:28,0,5,4,0.08,5.0
2025-01-22 02:14:52,3,7,5,0.1,5.0
2025-01-22 02:18:49,1,5,5,0.1,4.0
2025-01-22 02:20:21,2,0,4,0.08,3.0
2025-01-22 02:23:54,4,0,3,0.06,3.0
2025-01-22 02:24:49,0,4,3,0.06,4.0
2025-01-22 02:28:15,2,7,4,0.08,3.0
2025-01-22 02:29:47,2,0,3,0.06,4.0
2025-01-22 02:31:29,1,5,4,0.08,3.0
2025-01-22 02:34:45,2,1,3,0.06,4.0
2025-01-22 02:38:59,3,6,4,0.08,3.0
2025-01-22 02:40:33,4,1,3,0.06,2.0
2025-01-22 02:42:11,3,0,2,0.04,3.0
2025-01-22 02:42:49,4,6,3,0.06,4.0
2025-01-22 02:47:14,0,7,4,0.08,4.0
2025-01-22 02:51:01,3,4,4,0.08,3.0
2025-01-22 02:54:23,0,2,3,0.06,4.0
2025-01-22 02:55:20,4,7,4,0.08,4.0
2025-01-22 02:58:03,4,5,4,0.08,5.0
2025-01-22 02:58:59,3,6,5,0.1,4.0
2025-01-22 03:00:06,3,3,4,0.08,3.0
2025-01-22 03:03:51,1,2,3,0.06,3.0
2025-01-22 03:07:43,2,4,3,0.06,3.0
2025-01-22 03:09:37,2,4,3,0.06,4.0
2025-01-22 03:10:36,0,5,4,0.08,3.0
2025-01-22 03:12:44,4,1,3,0.06,3.0
2025-01-22 03:16:23,1,3,3,0.06,3.0
2025-01-22 03:17:04,0,4,3,0.06,4.0
2025-01-22 03:19:04,4,5,4,0.08,4.0
2025-01-22 03:20:03,4,4,4,0.08,3.0
2025-01-22 03:24:05,4,1,3,0.06,3.0
2025-01-22 03:25:12,2,3,3,0.06,3.0
2025-01-22 03:26:41,0,3,3,0.06,4.0
2025-01-22 03:29:33,1,6,4,0.08,5.0
2025-01-22 03:33:02,2,7,5,0.1,4.0
2025-01-22 03:35:23,1,1,4,0.08,4.0
2025-01-22 03:39:42,3,4,4,0.08,3.0
2025-01-22 03:40:32,4,2,3,0.06,4.0
2025-01-22 03:43:26,2,7,4,0.08,4.0
2025-01-22 03:46:21,3,5,4,0.08,4.0
2025-01-22 03:49:36,2,4,4,0.08,5.0
2025-01-22 03:52:25,4,6,5,0.1,4.0
2025-01-22 03:56:17,0,1,4,0.08,3.0
2025-01-22 04:00:50,3,2,3,0.06,3.0
2025-01-22 04:03:12,0,2,3,0.06,3.0
2025-01-22 04:07:02,2,2,3,0.06,4.0
2025-01-22 04:11:50,2,5,4,0.08,4.0
2025-01-22 04:16:34,0,3,4,0.08,4.0
2025-01-22 04:17:26,0,5,4,0.08,4.0
2025-01-22 04:22:01,2,3,4,0.08,5.0
2025-01-22 04:23:57,2,7,5,0.1,5.0
2025-01-22 04:28:05,0,5,5,0.1,4.0
2025-01-22 04:29:01,1,2,4,0.08,5.0
2025-01-22 04:33:13,2,7,5,0.1,6.0
2025-01-22 04:36:40,2,7,6,0.12,5.0
2025-01-22 04:39:37,0,4,5,0.1,4.0
2025-01-22 04:43:53,1,0,4,0.08,3.0
2025-01-22 04:47:28,1,1,3,0.06,2.0
2025-01-22 04:48:38,4,0,2,0.04,3.0
2025-01-22 04:52:18,3,4,3,0.06,2.0
2025-01-22 04:54:06,3,0,2,0.04,4.0
2025-01-22 04:58:00,2,7,4,0.08,3.0
2025-01-22 04:59:01,3,1,3,0.06,4.0
2025-01-22 05:01:52,3,5,4,0.08,3.0
2025-01-22 05:06:32,1,0,3,0.06,4.0
2025-01-22 05:08:39,1,7,4,0.08,4.0
2025-01-22 05:11:24,3,4,4,0.08,4.0
2025-01-22 05:12:36,3,4,4,0.08,3.0
2025-01-22 05:15:05,0,0,3,0.06,3.0
2025-01-22 05:19:14,3,2,3,0.06,4.0
2025-01-22 05:20:29,3,7,4,0.08,3.0
2025-01-22 05:24:54,1,1,3,0.06,4.0
2025-01-22 05:26:11,4,7,4,0.08,3.0
2025-01-22 05:29:58,0,2,3,0.06,3.0
2025-01-22 05:31:51,4,3,3,0.06,3.0
2025-01-22 05:32:51,1,2,3,0.06,3.0
2025-01-22 05:36:01,4,2,3,0.06,2.0
2025-01-22 05:37:41,1,0,2,0.04,3.0
2025-01-22 05:38:18,1,5,3,0.06,2.0
2025-01-22 05:39:39,1,0,2,0.04,3.0
2025-01-22 05:40:53,1,4,3,0.06,3.0
2025-01-22 05:42:00,2,3,3,0.06,4.0
2025-01-22 05:46:20,4,6,4,0.08,3.0
2025-01-22 05:51:11,4,0,3,0.06,3.0
2025-01-22 05:52:48,1,3,3,0.06,4.0
2025-01-22 05:56:16,1,7,4,0.08,4.0
2025-01-22 05:59:51,4,5,4,0.08,3.0
2025-01-22 06:03:41,1,1,3,0.06,3.0
2025-01-22 06:04:23,0,3,3,0.06,4.0
2025-01-22 06:08:26,2,5,4,0.08,4.0
2025-01-22 06:12:35,0,4,4,0.08,3.0
2025-01-22 06:17:08,0,2,3,0.06,4.0
2025-01-22 06:21:55,4,7,4,0.08,4.0
2025-01-22 06:23:22,3,5,4,0.08,4.0
2025-01-22 06:24:27,3,3,4,0.08,3.0
2025-01-22 06:28:09,4,0,3,0.06,2.0
2025-01-22 06:29:28,1,1,2,0.04,2.0
2025-01-22 06:30:29,0,3,2,0.04,2.0
2025-01-22 06:32:36,0,1,2,0.04,3.0
2025-01-22 06:33:48,3,4,3,0.06,3.0
2025-01-22 06:35:04,3,2,3,0.06,3.0
2025-01-22 06:40:03,1,2,3,0.06,4.0
2025-01-22 06:41:35,2,6,4,0.08,4.0
2025-01-22 06:42:23,0,5,4,0.08,5.0
2025-01-22 06:44:33,2,7,5,0.1,4.0
2025-01-22 06:45:39,1,1,4,0.08,5.0
2025-01-22 06:47:55,3,6,5,0.1,4.0
2025-01-22 06:49:56,0,1,4,0.08,3.0
2025-01-22 06:53:30,4,2,3,0.06,2.0
2025-01-22 06:57:35,2,1,2,0.04,2.0
2025-01-22 06:58:32,4,3,2,0.04,2.0
2025-01-22 06:59:37,0,3,2,0.04,2.0
2025-01-22 07:00:24,2,3,2,0.04,3.0
2025-01-22 07:04:09,3,4,3,0.06,3.0
2025-01-22 07:05:56,0,3,3,0.06,4.0
2025-01-22 07:09:12,2,6,4,0.08,4.0
2025-01-22 07:11:11,2,3,4,0.08,3.0
2025-01-22 07:16:04,0,1,3,0.06,4.0
2025-01-22 07:20:01,0,5,4,0.08,3.0
2025-01-22 07:24:02,2,0,3,0.06,4.0
2025-01-22 07:29:02,3,6,4,0.08,4.0
2025-01-22 07:33:54,2,3,4,0.08,3.0
2025-01-22 07:37:57,1,2,3,0.06,4.0
2025-01-22 07:39:30,4,7,4,0.08,5.0
2025-01-22 07:40:11,4,7,5,0.1,6.0
2025-01-22 07:44:10,0,7,6,0.12,5.0
2025-01-22 07:47:33,0,3,5,0.1,5.0
2025-01-22 07:52:18,3,6,5,0.1,4.0
2025-01-22 07:54:28,1,3,4,0.08,3.0
2025-01-22 07:55:13,2,2,3,0.06,3.0
2025-01-22 07:58:59,4,2,3,0.06,7.0
2025-01-22 08:03:46,4,16,7,0.14,8.0
2025-01-22 08:08:19,0,11,8,0.16,9.0
2025-01-22 08:12:57,4,12,9,0.18,11.0
2025-01-22 08:15:11,1,17,11,0.22,10.0
2025-01-22 08:18:42,3,7,10,0.2,10.0
2025-01-22 08:21:46,0,11,10,0.2,9.0
2025-01-22 08:25:04,3,7,9,0.18,11.0
2025-01-22 08:26:20,4,15,11,0.22,13.0
2025-01-22 08:27:32,1,19,13,0.26,12.0
2025-01-22 08:31:42,4,11,12,0.24,14.0
2025-01-22 08:32:12,4,19,14,0.28,14.0
2025-01-22 08:36:01,1,13,14,0.28,12.0
2025-01-22 08:38:54,4,7,12,0.24,10.0
2025-01-22 08:39:51,0,7,10,0.2,9.0
2025-01-22 08:41:01,2,8,9,0.18,11.0
2025-01-22 08:43:57,2,17,11,0.22,10.0
2025-01-22 08:47:24,2,6,10,0.2,9.0
2025-01-22 08:50:40,0,8,9,0.18,9.0
2025-01-22 08:53:12,2,10,9,0.18,10.0
2025-01-22 08:54:55,3,13,10,0.2,11.0
2025-01-22 08:59:23,2,13,11,0.22,10.0
2025-01-22 09:04:01,0,8,10,0.2,11.0
2025-01-22 09:08:53,0,13,11,0.22,11.0
2025-01-22 09:13:34,3,11,11,0.22,10.0
2025-01-22 09:15:54,0,7,10,0.2,11.0
2025-01-22 09:19:23,1,13,11,0.22,10.0
2025-01-22 09:23:00,2,9,10,0.2,13.0
2025-01-22 09:26:56,2,19,13,0.26,13.0
2025-01-22 09:31:19,1,12,13,0.26,14.0
2025-01-22 09:32:12,3,17,14,0.28,12.0
2025-01-22 09:33:07,1,6,12,0.24,14.0
2025-01-22 09:37:14,0,19,14,0.28,14.0
2025-01-22 09:37:53,0,15,14,0.28,14.0
2025-01-22 09:38:39,3,14,14,0.28,15.0
2025-01-22 09:43:13,2,17,15,0.3,15.0
2025-01-22 09:47:08,3,16,15,0.3,13.0
2025-01-22 09:51:55,0,9,13,0.26,14.0
2025-01-22 09:54:16,3,16,14,0.28,12.0
2025-01-22 09:58:10,1,7,12,0.24,11.0
2025-01-22 09:59:06,1,8,11,0.22,13.0
2025-01-22 10:00:46,0,19,13,0.26,14.0
2025-01-22 10:04:11,3,16,14,0.28,13.0
2025-01-22 10:08:02,1,12,13,0.26,11.0
2025-01-22 10:12:39,3,6,11,0.22,13.0
2025-01-22 10:15:06,0,18,13,0.26,13.0
2025-01-22 10:15:44,1,13,13,0.26,11.0
2025-01-22 10:17:39,4,6,11,0.22,12.0
2025-01-22 10:18:31,4,13,12,0.24,10.0
2025-01-22 10:23:00,3,6,10,0.2,11.0
2025-01-22 10:24:42,3,12,11,0.22,11.0
2025-01-22 10:25:38,2,10,11,0.22,10.0
2025-01-22 10:27:28,3,8,10,0.2,12.0
2025-01-22 10:29:21,3,16,12,0.24,10.0
2025-01-22 10:33:09,3,7,10,0.2,9.0
2025-01-22 10:34:21,4,7,9,0.18,11.0
2025-01-22 10:39:13,4,16,11,0.22,10.0
2025-01-22 10:41:14,0,6,10,0.2,13.0
2025-01-22 10:43:07,4,19,13,0.26,13.0
2025-01-22 10:45:51,3,13,13,0.26,14.0
2025-01-22 10:47:19,2,17,14,0.28,15.0
2025-01-22 10:51:49,0,18,15,0.3,16.0
2025-01-22 10:53:56,4,18,16,0.32,15.0
2025-01-22 10:55:27,2,13,15,0.3,16.0
2025-01-22 11:00:20,0,17,16,0.32,14.0
2025-01-22 11:02:42,0,8,14,0.28,14.0
2025-01-22 11:05:37,3,14,14,0.28,16.0
2025-01-22 11:09:42,3,19,16,0.32,16.0
2025-01-22 11:14:27,1,16,16,0.32,14.0
2025-01-22 11:19:14,2,8,14,0.28,12.0
2025-01-22 11:22:57,0,7,12,0.24,14.0
2025-01-22 11:23:40,1,18,14,0.28,13.0
2025-01-22 11:25:52,0,10,13,0.26,14.0
2025-01-22 11:30:26,3,15,14,0.28,15.0
2025-01-22 11:35:00,1,16,15,0.3,15.0
2025-01-22 11:39:57,0,15,15,0.3,16.0
2025-01-22 11:44:10,1,17,16,0.32,15.0
2025-01-22 11:48:19,3,13,15,0.3,14.0
2025-01-22 11:52:25,1,10,14,0.28,12.0
2025-01-22 11:52:58,2,9,12,0.24,13.0
2025-01-22 11:54:03,3,14,13,0.26,11.0
2025-01-22 11:57:30,1,6,11,0.22,8.0
2025-01-22 12:02:16,4,1,8,0.16,6.0
2025-01-22 12:03:02,2,0,6,0.12,6.0
2025-01-22 12:06:50,2,6,6,0.12,5.0
2025-01-22 12:08:07,2,3,5,0.1,5.0
2025-01-22 12:09:38,0,5,5,0.1,4.0
2025-01-22 12:11:16,0,1,4,0.08,3.0
2025-01-22 12:14:12,1,0,3,0.06,4.0
2025-01-22 12:17:23,0,5,4,0.08,3.0
2025-01-22 12:21:39,3,2,3,0.06,4.0
2025-01-22 12:25:58,3,6,4,0.08,3.0
2025-01-22 12:29:25,1,0,3,0.06,3.0
2025-01-22 12:30:50,0,4,3,0.06,2.0
2025-01-22 12:32:37,4,0,2,0.04,2.0
2025-01-22 12:37:36,3,3,2,0.04,3.0
2025-01-22 12:41:31,4,6,3,0.06,2.0
2025-01-22 12:45:48,0,1,2,0.04,2.0
2025-01-22 12:50:16,3,2,2,0.04,2.0
2025-01-22 12:52:07,3,3,2,0.04,4.0
2025-01-22 12:56:46,1,7,4,0.08,4.0
2025-01-22 13:00:28,1,4,4,0.08,4.0
2025-01-22 13:02:43,0,3,4,0.08,4.0
2025-01-22 13:06:21,0,3,4,0.08,4.0
2025-01-22 13:08:04,0,5,4,0.08,4.0
2025-01-22 13:08:43,3,3,4,0.08,3.0
2025-01-22 13:11:15,1,0,3,0.06,2.0
2025-01-22 13:15:20,1,1,2,0.04,3.0
2025-01-22 13:16:29,2,6,3,0.06,2.0
2025-01-22 13:20:11,2,0,2,0.04,2.0
2025-01-22 13:22:47,0,2,2,0.04,2.0
2025-01-22 13:24:27,0,2,2,0.04,3.0
2025-01-22 13:27:13,4,4,3,0.06,4.0
2025-01-22 13:30:06,0,7,4,0.08,3.0
2025-01-22 13:35:04,0,0,3,0.06,2.0
2025-01-22 13:37:52,0,1,2,0.04,3.0
2025-01-22 13:39:13,3,5,3,0.06,3.0
2025-01-22 13:39:59,4,4,3,0.06,4.0
2025-01-22 13:43:13,0,6,4,0.08,4.0
2025-01-22 13:43:55,0,4,4,0.08,3.0
2025-01-22 13:47:34,4,0,3,0.06,3.0
2025-01-22 13:52:27,3,4,3,0.06,4.0
2025-01-22 13:56:37,2,6,4,0.08,4.0
2025-01-22 13:58:50,3,3,4,0.08,4.0
2025-01-22 14:02:37,3,4,4,0.08,4.0
2025-01-22 14:05:55,4,5,4,0.08,3.0
2025-01-22 14:08:53,0,1,3,0.06,3.0
2025-01-22 14:13:31,1,2,3,0.06,4.0
2025-01-22 14:18:16,0,5,4,0.08,3.0
2025-01-22 14:19:27,2,0,3,0.06,3.0
2025-01-22 14:23:18,0,3,3,0.06,3.0
2025-01-22 14:27:51,4,2,3,0.06,2.0
2025-01-22 14:30:57,0,0,2,0.04,2.0
2025-01-22 14:35:24,3,3,2,0.04,3.0
2025-01-22 14:36:12,4,6,3,0.06,2.0
2025-01-22 14:37:34,3,0,2,0.04,3.0
2025-01-22 14:39:28,2,6,3,0.06,4.0
2025-01-22 14:43:30,0,5,4,0.08,4.0
2025-01-22 14:45:43,2,5,4,0.08,3.0
2025-01-22 14:49:24,4,1,3,0.06,3.0
2025-01-22 14:52:50,1,3,3,0.06,3.0
2025-01-22 14:55:46,1,3,3,0.06,4.0
2025-01-22 14:57:36,3,5,4,0.08,4.0
2025-01-22 15:01:18,0,4,4,0.08,3.0
2025-01-22 15:02:24,1,2,3,0.06,3.0
2025-01-22 15:05:27,2,2,3,0.06,3.0
2025-01-22 15:08:06,0,3,3,0.06,3.0
2025-01-22 15:09:34,2,3,3,0.06,4.0
2025-01-22 15:13:47,4,5,4,0.08,3.0
2025-01-22 15:18:25,0,0,3,0.06,4.0
2025-01-22 15:22:54,2,5,4,0.08,5.0
2025-01-22 15:26:47,3,7,5,0.1,5.0
2025-01-22 15:28:55,4,5,5,0.1,4.0
2025-01-22 15:32:20,3,1,4,0.08,3.0
2025-01-22 15:37:11,3,0,3,0.06,2.0
2025-01-22 15:42:11,4,1,2,0.04,3.0
2025-01-22 15:45:03,4,6,3,0.06,2.0
2025-01-22 15:48:41,1,1,2,0.04,3.0
2025-01-22 15:49:30,2,6,3,0.06,4.0
2025-01-22 15:50:45,0,7,4,0.08,3.0
2025-01-22 15:52:49,3,2,3,0.06,2.0
2025-01-22 15:54:22,2,1,2,0.04,1.0
2025-01-22 15:57:02,0,0,1,0.02,1.0
2025-01-22 15:57:40,2,1,1,0.02,2.0
2025-01-22 16:01:32,1,4,2,0.04,3.0
2025-01-22 16:04:55,3,6,3,0.06,3.0
2025-01-22 16:06:37,2,2,3,0.06,2.0
2025-01-22 16:08:30,2,1,2,0.04,2.0
2025-01-22 16:09:58,3,2,2,0.04,3.0
2025-01-22 16:10:48,3,5,3,0.06,3.0
2025-01-22 16:13:54,3,4,3,0.06,4.0
2025-01-22 16:15:24,4,6,4,0.08,4.0
2025-01-22 16:16:57,4,3,4,0.08,4.0
2025-01-22 16:20:14,3,5,4,0.08,4.0
2025-01-22 16:24:06,1,3,4,0.08,4.0
2025-01-22 16:26:44,4,3,4,0.08,3.0
2025-01-22 16:31:18,4,1,3,0.06,4.0
2025-01-22 16:33:33,3,7,4,0.08,4.0
2025-01-22 16:36:04,4,3,4,0.08,5.0
2025-01-22 16:39:35,2,7,5,0.1,4.0
2025-01-22 16:41:47,1,1,4,0.08,5.0
2025-01-22 16:46:37,3,7,5,0.1,4.0
2025-01-22 16:48:59,4,1,4,0.08,4.0
2025-01-22 16:50:38,1,3,4,0.08,3.0
2025-01-22 16:53:47,1,0,3,0.06,4.0
2025-01-22 16:58:16,4,5,4,0.08,3.0
2025-01-22 16:58:56,2,1,3,0.06,5.0
2025-01-22 17:01:43,2,11,5,0.1,9.0
2025-01-22 17:04:59,2,17,9,0.18,12.0
2025-01-22 17:09:35,0,18,12,0.24,13.0
2025-01-22 17:10:35,3,14,13,0.26,13.0
2025-01-22 17:11:16,3,13,13,0.26,14.0
2025-01-22 17:15:48,4,16,14,0.28,12.0
2025-01-22 17:18:05,4,8,12,0.24,11.0
2025-01-22 17:21:48,0,10,11,0.22,11.0
2025-01-22 17:24:30,4,12,11,0.22,10.0
2025-01-22 17:27:42,4,7,10,0.2,11.0
2025-01-22 17:31:34,2,14,11,0.22,13.0
2025-01-22 17:33:39,1,18,13,0.26,13.0
2025-01-22 17:37:51,3,13,13,0.26,12.0
2025-01-22 17:42:17,3,8,12,0.24,10.0
2025-01-22 17:44:43,0,7,10,0.2,10.0
2025-01-22 17:48:24,0,11,10,0.2,13.0
2025-01-22 17:50:39,2,19,13,0.26,14.0
2025-01-22 17:51:12,4,18,14,0.28,14.0
2025-01-22 17:51:59,3,13,14,0.28,14.0
2025-01-22 17:52:48,4,14,14,0.28,13.0
2025-01-22 17:55:19,4,11,13,0.26,11.0
2025-01-22 17:58:05,0,6,11,0.22,10.0
2025-01-22 17:59:54,3,7,10,0.2,11.0
2025-01-22 18:02:57,0,13,11,0.22,12.0
2025-01-22 18:03:51,0,15,12,0.24,13.0
2025-01-22 18:07:09,2,16,13,0.26,12.0
2025-01-22 18:08:37,0,8,12,0.24,12.0
2025-01-22 18:09:47,4,13,12,0.24,11.0
2025-01-22 18:10:54,2,10,11,0.22,13.0
2025-01-22 18:13:20,1,17,13,0.26,12.0
2025-01-22 18:18:19,1,8,12,0.24,12.0
2025-01-22 18:20:55,1,12,12,0.24,11.0
2025-01-22 18:21:27,4,8,11,0.22,10.0
2025-01-22 18:22:12,2,9,10,0.2,12.0
2025-01-22 18:27:06,0,15,12,0.24,13.0
2025-01-22 18:31:34,1,14,13,0.26,12.0
2025-01-22 18:36:26,4,8,12,0.24,13.0
2025-01-22 18:39:09,3,16,13,0.26,12.0
2025-01-22 18:43:11,0,11,12,0.24,10.0
2025-01-22 18:43:55,4,7,10,0.2,11.0
2025-01-22 18:46:33,2,12,11,0.22,13.0
2025-01-22 18:49:04,2,17,13,0.26,13.0
2025-01-22 18:53:34,3,12,13,0.26,12.0
2025-01-22 18:55:58,4,8,12,0.24,12.0
2025-01-22 18:59:44,4,13,12,0.24,10.0
2025-01-22 19:03:55,4,7,10,0.2,12.0
2025-01-22 19:07:58,1,17,12,0.24,11.0
2025-01-22 19:09:47,0,10,11,0.22,11.0
2025-01-22 19:14:39,3,12,11,0.22,12.0
2025-01-22 19:17:23,3,15,12,0.24,10.0
2025-01-22 19:21:54,3,7,10,0.2,9.0
2025-01-22 19:26:53,4,6,9,0.18,11.0
2025-01-22 19:28:12,2,16,11,0.22,10.0
2025-01-22 19:31:50,1,8,10,0.2,10.0
2025-01-22 19:32:33,1,10,10,0.2,11.0
2025-01-22 19:36:54,1,12,11,0.22,11.0
2025-01-22 19:41:44,1,12,11,0.22,11.0
2025-01-22 19:45:25,1,12,11,0.22,12.0
2025-01-22 19:49:17,4,13,12,0.24,12.0
2025-01-22 19:54:07,2,12,12,0.24,12.0
2025-01-22 19:56:29,3,13,12,0.24,10.0
2025-01-22 19:57:34,4,7,10,0.2,9.0
2025-01-22 19:59:22,3,6,9,0.18,8.0
2025-01-22 20:02:33,1,7,8,0.16,9.0
2025-01-22 20:03:19,3,12,9,0.18,11.0
2025-01-22 20:07:12,1,17,11,0.22,13.0
2025-01-22 20:07:58,0,18,13,0.26,13.0
2025-01-22 20:11:49,4,12,13,0.26,15.0
2025-01-22 20:15:48,2,19,15,0.3,13.0
2025-01-22 20:17:35,2,8,13,0.26,11.0
2025-01-22 20:19:00,0,7,11,0.22,12.0
2025-01-22 20:20:49,1,14,12,0.24,13.0
2025-01-22 20:22:16,1,15,13,0.26,11.0
2025-01-22 20:23:03,1,6,11,0.22,10.0
2025-01-22 20:27:00,3,9,10,0.2,10.0
2025-01-22 20:29:44,1,9,10,0.2,10.0
2025-01-22 20:30:23,1,9,10,0.2,10.0
2025-01-22 20:32:01,3,11,10,0.2,9.0
2025-01-22 20:33:53,4,7,9,0.18,11.0
2025-01-22 20:36:11,4,16,11,0.22,10.0
2025-01-22 20:37:24,2,8,10,0.2,10.0
2025-01-22 20:40:05,2,9,10,0.2,12.0
2025-01-22 20:40:52,4,16,12,0.24,13.0
2025-01-22 20:42:54,1,16,13,0.26,12.0
2025-01-22 20:45:51,1,11,12,0.24,12.0
2025-01-22 20:49:12,3,13,12,0.24,12.0
2025-01-22 20:50:32,4,12,12,0.24,12.0
2025-01-22 20:51:20,0,12,12,0.24,14.0
2025-01-22 20:53:49,4,19,14,0.28,16.0
2025-01-22 20:58:03,0,19,16,0.32,15.0
2025-01-22 20:59:38,2,13,15,0.3,12.0
2025-01-22 21:02:28,2,6,12,0.24,12.0
2025-01-22 21:06:06,4,11,12,0.24,11.0
2025-01-22 21:09:13,3,10,11,0.22,13.0
2025-01-22 21:11:20,3,19,13,0.26,13.0
2025-01-22 21:14:27,2,12,13,0.26,15.0
2025-01-22 21:19:02,2,19,15,0.3,15.0
2025-01-22 21:23:27,1,15,15,0.3,16.0
2025-01-22 21:24:29,1,19,16,0.32,14.0
2025-01-22 21:28:59,0,10,14,0.28,12.0
2025-01-22 21:30:39,3,8,12,0.24,12.0
2025-01-22 21:34:44,2,13,12,0.24,14.0
2025-01-22 21:36:32,0,19,14,0.28,12.0
2025-01-22 21:39:50,3,8,12,0.24,11.0
2025-01-22 21:43:19,0,9,11,0.22,10.0
2025-01-22 21:45:44,4,9,10,0.2,12.0
2025-01-22 21:50:33,0,17,12,0.24,13.0
2025-01-22 21:55:22,2,14,13,0.26,14.0
2025-01-22 21:55:56,3,17,14,0.28,16.0
2025-01-22 21:58:13,0,19,16,0.32,13.0
2025-01-22 22:00:39,2,5,13,0.26,11.0
2025-01-22 22:01:21,2,6,11,0.22,9.0
2025-01-22 22:04:12,4,4,9,0.18,6.0
2025-01-22 22:07:49,2,0,6,0.12,5.0
2025-01-22 22:10:13,4,2,5,0.1,5.0
2025-01-22 22:14:38,4,6,5,0.1,6.0
2025-01-22 22:15:17,0,7,6,0.12,6.0
2025-01-22 22:19:05,2,6,6,0.12,4.0
2025-01-22 22:23:46,4,0,4,0.08,5.0
2025-01-22 22:25:05,3,7,5,0.1,5.0
2025-01-22 22:27:56,2,4,5,0.1,4.0
2025-01-22 22:32:56,2,0,4,0.08,4.0
2025-01-22 22:33:41,4,4,4,0.08,3.0
2025-01-22 22:34:12,4,1,3,0.06,3.0
2025-01-22 22:37:19,0,2,3,0.06,2.0
2025-01-22 22:38:18,1,0,2,0.04,3.0
2025-01-22 22:40:09,2,5,3,0.06,4.0
2025-01-22 22:41:09,4,7,4,0.08,4.0
2025-01-22 22:45:34,0,3,4,0.08,3.0
2025-01-22 22:48:31,1,2,3,0.06,3.0
2025-01-22 22:51:57,2,3,3,0.06,4.0
2025-01-22 22:53:01,4,7,4,0.08,4.0
2025-01-22 22:53:53,0,5,4,0.08,5.0
2025-01-22 22:56:08,4,6,5,0.1,4.0
2025-01-22 22:58:14,0,1,4,0.08,4.0
2025-01-22 23:02:33,0,3,4,0.08,5.0
2025-01-22 23:06:49,4,6,5,0.1,5.0
2025-01-22 23:08:58,2,5,5,0.1,5.0
2025-01-22 23:10:22,2,6,5,0.1,4.0
2025-01-22 23:14:06,1,2,4,0.08,3.0
2025-01-22 23:14:43,2,1,3,0.06,3.0
2025-01-22 23:17:20,4,3,3,0.06,3.0
2025-01-22 23:18:21,2,3,3,0.06,3.0
2025-01-22 23:20:23,1,4,3,0.06,2.0
2025-01-22 23:20:59,0,0,2,0.04,3.0
2025-01-22 23:25:46,3,4,3,0.06,4.0
2025-01-22 23:29:55,4,7,4,0.08,4.0
2025-01-22 23:34:24,3,3,4,0.08,5.0
2025-01-22 23:36:39,0,7,5,0.1,4.0
2025-01-22 23:37:44,2,1,4,0.08,5.0
2025-01-22 23:38:58,1,6,5,0.1,4.0
2025-01-22 23:39:36,0,2,4,0.08,5.0
2025-01-22 23:41:32,2,6,5,0.1,5.0
2025-01-22 23:44:58,3,5,5,0.1,5.0
2025-01-22 23:47:37,2,4,5,0.1,4.0
2025-01-22 23:51:21,0,1,4,0.08,3.0
2025-01-22 23:52:01,4,0,3,0.06,3.0
2025-01-22 23:54:32,3,3,3,0.06,4.0
2025-01-22 23:58:56,0,7,4,0.08,4.0
2025-01-22 23:59:56,4,3,4,0.08,3.0
2025-01-23 00:04:09,3,0,3,0.06,3.0
2025-01-23 00:07:11,2,2,3,0.06,4.0
2025-01-23 00:11:12,3,5,4,0.08,3.0
2025-01-23 00:13:13,4,2,3,0.06,2.0
2025-01-23 00:15:51,4,1,2,0.04,3.0
2025-01-23 00:19:37,4,5,3,0.06,3.0
2025-01-23 00:20:48,4,3,3,0.06,3.0
2025-01-23 00:25:05,0,3,3,0.06,3.0
2025-01-23 00:28:48,3,3,3,0.06,2.0
2025-01-23 00:29:35,1,0,2,0.04,3.0
2025-01-23 00:34:07,0,5,3,0.06,3.0
2025-01-23 00:36:43,2,3,3,0.06,3.0
2025-01-23 00:38:27,0,3,3,0.06,4.0
2025-01-23 00:39:58,3,7,4,0.08,5.0
2025-01-23 00:43:33,0,6,5,0.1,5.0
2025-01-23 00:47:00,1,4,5,0.1,4.0
2025-01-23 00:50:15,0,1,4,0.08,5.0
2025-01-23 00:53:47,1,7,5,0.1,4.0
2025-01-23 00:54:44,2,2,4,0.08,3.0
2025-01-23 00:59:20,0,1,3,0.06,4.0
2025-01-23 01:00:11,2,5,4,0.08,5.0
2025-01-23 01:02:16,1,6,5,0.1,4.0
2025-01-23 01:04:47,2,3,4,0.08,4.0
2025-01-23 01:09:26,2,4,4,0.08,4.0
2025-01-23 01:12:12,1,5,4,0.08,5.0
2025-01-23 01:13:42,1,7,5,0.1,5.0
2025-01-23 01:18:21,1,5,5,0.1,4.0
2025-01-23 01:20:25,0,0,4,0.08,4.0
2025-01-23 01:23:58,3,5,4,0.08,4.0
2025-01-23 01:28:47,2,3,4,0.08,3.0
2025-01-23 01:31:51,3,1,3,0.06,2.0
2025-01-23 01:35:26,2,1,2,0.04,1.0
2025-01-23 01:37:04,3,0,1,0.02,3.0
2025-01-23 01:41:54,4,7,3,0.06,4.0
2025-01-23 01:44:18,4,7,4,0.08,4.0
2025-01-23 01:44:55,4,4,4,0.08,4.0
2025-01-23 01:49:49,4,4,4,0.08,4.0
2025-01-23 01:54:49,3,4,4,0.08,4.0
2025-01-23 01:59:27,4,4,4,0.08,5.0
2025-01-23 02:01:41,2,6,5,0.1,4.0
2025-01-23 02:06:33,2,3,4,0.08,3.0
2025-01-23 02:10:46,4,1,3,0.06,4.0
2025-01-23 02:15:46,0,7,4,0.08,5.0
2025-01-23 02:19:00,4,7,5,0.1,6.0
2025-01-23 02:20:52,4,7,6,0.12,5.0
2025-01-23 02:23:35,1,2,5,0.1,4.0
2025-01-23 02:27:35,3,2,4,0.08,5.0
2025-01-23 02:29:36,1,6,5,0.1,6.0
2025-01-23 02:32:12,1,7,6,0.12,6.0
2025-01-23 02:35:52,1,7,6,0.12,5.0
2025-01-23 02:39:00,4,2,5,0.1,5.0
2025-01-23 02:39:39,4,4,5,0.1,6.0
2025-01-23 02:41:55,4,7,6,0.12,5.0
2025-01-23 02:43:51,3,4,5,0.1,4.0
2025-01-23 02:45:27,1,0,4,0.08,3.0
2025-01-23 02:46:58,3,0,3,0.06,4.0
2025-01-23 02:49:53,4,6,4,0.08,5.0
2025-01-23 02:52:55,3,6,5,0.1,5.0
2025-01-23 02:55:11,3,5,5,0.1,5.0
2025-01-23 02:58:08,0,6,5,0.1,4.0
2025-01-23 03:01:43,2,1,4,0.08,3.0
2025-01-23 03:05:10,1,2,3,0.06,3.0
2025-01-23 03:10:05,3,4,3,0.06,4.0
2025-01-23 03:13:03,4,6,4,0.08,4.0
2025-01-23 03:17:39,3,5,4,0.08,3.0
2025-01-23 03:22:22,1,2,3,0.06,2.0
2025-01-23 03:23:20,0,0,2,0.04,2.0
2025-01-23 03:28:15,2,1,2,0.04,2.0
2025-01-23 03:28:57,0,3,2,0.04,2.0
2025-01-23 03:30:13,1,2,2,0.04,3.0
2025-01-23 03:33:13,2,4,3,0.06,3.0
2025-01-23 03:34:32,4,2,3,0.06,4.0
2025-01-23 03:38:36,2,5,4,0.08,3.0
2025-01-23 03:41:17,0,0,3,0.06,2.0
2025-01-23 03:43:39,2,0,2,0.04,4.0
2025-01-23 03:48:20,2,7,4,0.08,3.0
2025-01-23 03:49:42,1,2,3,0.06,4.0
2025-01-23 03:52:21,4,5,4,0.08,4.0
2025-01-23 03:56:03,2,5,4,0.08,4.0
2025-01-23 03:57:51,3,4,4,0.08,3.0
2025-01-23 03:59:17,1,0,3,0.06,3.0
2025-01-23 04:01:23,0,4,3,0.06,4.0
2025-01-23 04:05:10,1,7,4,0.08,4.0
2025-01-23 04:07:54,0,5,4,0.08,5.0
2025-01-23 04:10:50,2,6,5,0.1,4.0
2025-01-23 04:14:11,0,2,4,0.08,4.0
2025-01-23 04:15:43,1,5,4,0.08,3.0
2025-01-23 04:17:17,3,0,3,0.06,4.0
2025-01-23 04:21:17,1,5,4,0.08,3.0
2025-01-23 04:23:35,0,1,3,0.06,3.0
2025-01-23 04:26:56,0,4,3,0.06,3.0
2025-01-23 04:27:37,1,4,3,0.06,4.0
2025-01-23 04:31:46,2,7,4,0.08,4.0
2025-01-23 04:35:07,2,5,4,0.08,5.0
2025-01-23 04:39:32,0,6,5,0.1,5.0
2025-01-23 04:42:47,4,5,5,0.1,5.0
2025-01-23 04:46:23,0,5,5,0.1,5.0
2025-01-23 04:49:42,3,6,5,0.1,4.0
2025-01-23 04:51:03,0,0,4,0.08,5.0
2025-01-23 04:54:41,0,7,5,0.1,4.0
2025-01-23 04:57:10,4,0,4,0.08,4.0
2025-01-23 04:59:24,4,5,4,0.08,4.0
2025-01-23 05:02:35,3,4,4,0.08,4.0
2025-01-23 05:03:45,0,3,4,0.08,4.0
2025-01-23 05:06:59,3,4,4,0.08,3.0
2025-01-23 05:10:08,0,2,3,0.06,4.0
2025-01-23 05:15:01,1,6,4,0.08,4.0
2025-01-23 05:15:48,0,4,4,0.08,4.0
2025-01-23 05:19:10,0,5,4,0.08,3.0
2025-01-23 05:20:12,2,1,3,0.06,3.0
2025-01-23 05:25:02,3,3,3,0.06,2.0
2025-01-23 05:29:01,1,1,2,0.04,3.0
2025-01-23 05:32:14,3,6,3,0.06,3.0
2025-01-23 05:32:48,2,2,3,0.06,2.0
2025-01-23 05:33:51,1,0,2,0.04,4.0
2025-01-23 05:36:45,1,7,4,0.08,5.0
2025-01-23 05:38:25,1,7,5,0.1,5.0
2025-01-23 05:42:44,3,5,5,0.1,6.0
2025-01-23 05:45:18,3,7,6,0.12,5.0
2025-01-23 05:50:18,2,3,5,0.1,6.0
2025-01-23 05:51:02,3,7,6,0.12,6.0
2025-01-23 05:55:33,0,7,6,0.12,6.0
2025-01-23 05:58:35,3,5,6,0.12,6.0
2025-01-23 05:59:57,2,7,6,0.12,4.0
2025-01-23 06:02:55,0,1,4,0.08,3.0
2025-01-23 06:07:03,4,2,3,0.06,4.0
2025-01-23 06:09:25,1,5,4,0.08,4.0
2025-01-23 06:11:17,2,3,4,0.08,4.0
2025-01-23 06:15:24,2,4,4,0.08,4.0
2025-01-23 06:19:39,2,3,4,0.08,5.0
2025-01-23 06:24:38,4,7,5,0.1,4.0
2025-01-23 06:25:22,0,2,4,0.08,3.0
2025-01-23 06:30:16,3,0,3,0.06,4.0
2025-01-23 06:34:04,4,6,4,0.08,5.0
2025-01-23 06:37:11,4,7,5,0.1,5.0
2025-01-23 06:41:07,4,4,5,0.1,5.0
2025-01-23 06:44:30,1,4,5,0.1,4.0
2025-01-23 06:48:03,4,2,4,0.08,5.0
2025-01-23 06:52:57,0,6,5,0.1,5.0
2025-01-23 06:57:32,2,6,5,0.1,5.0
2025-01-23 06:58:37,3,5,5,0.1,5.0
2025-01-23 07:03:25,3,6,5,0.1,5.0
2025-01-23 07:04:13,4,6,5,0.1,4.0
2025-01-23 07:05:05,1,1,4,0.08,3.0
2025-01-23 07:07:18,1,2,3,0.06,4.0
2025-01-23 07:11:48,3,5,4,0.08,4.0
2025-01-23 07:15:41,0,4,4,0.08,4.0
2025-01-23 07:20:23,3,5,4,0.08,4.0
2025-01-23 07:23:14,2,3,4,0.08,4.0
2025-01-23 07:26:06,1,5,4,0.08,3.0
2025-01-23 07:31:06,0,0,3,0.06,4.0
2025-01-23 07:33:25,1,6,4,0.08,5.0
2025-01-23 07:34:02,4,7,5,0.1,6.0
2025-01-23 07:35:40,1,7,6,0.12,5.0
2025-01-23 07:39:19,0,4,5,0.1,5.0
2025-01-23 07:42:47,2,5,5,0.1,4.0
2025-01-23 07:44:19,0,3,4,0.08,3.0
2025-01-23 07:45:56,0,0,3,0.06,4.0
2025-01-23 07:49:51,3,7,4,0.08,4.0
2025-01-23 07:50:26,2,4,4,0.08,4.0
2025-01-23 07:52:54,2,5,4,0.08,3.0
2025-01-23 07:53:54,4,2,3,0.06,4.0
2025-01-23 07:54:29,1,5,4,0.08,3.0
2025-01-23 07:58:25,2,1,3,0.06,6.0
2025-01-23 08:01:31,0,14,6,0.12,7.0
2025-01-23 08:03:07,1,9,7,0.14,7.0
2025-01-23 08:05:56,2,6,7,0.14,10.0
2025-01-23 08:06:38,1,17,10,0.2,10.0
2025-01-23 08:09:39,0,9,10,0.2,9.0
2025-01-23 08:11:57,2,8,9,0.18,9.0
2025-01-23 08:14:55,0,8,9,0.18,10.0
2025-01-23 08:18:48,4,12,10,0.2,10.0
2025-01-23 08:19:38,2,11,10,0.2,13.0
2025-01-23 08:21:07,4,19,13,0.26,12.0
2025-01-23 08:21:57,4,8,12,0.24,10.0
2025-01-23 08:26:31,1,7,10,0.2,12.0
2025-01-23 08:28:13,3,16,12,0.24,12.0
2025-01-23 08:29:58,3,13,12,0.24,10.0
2025-01-23 08:33:33,1,6,10,0.2,9.0
2025-01-23 08:35:20,3,7,9,0.18,9.0
2025-01-23 08:36:54,0,8,9,0.18,8.0
2025-01-23 08:38:19,0,7,8,0.16,10.0
2025-01-23 08:43:07,4,15,10,0.2,11.0
2025-01-23 08:46:46,4,12,11,0.22,10.0
2025-01-23 08:47:21,3,6,10,0.2,10.0
2025-01-23 08:47:56,1,9,10,0.2,11.0
2025-01-23 08:51:36,4,13,11,0.22,11.0
2025-01-23 08:54:33,0,10,11,0.22,11.0
2025-01-23 08:59:20,0,12,11,0.22,10.0
2025-01-23 09:03:27,3,9,10,0.2,11.0
2025-01-23 09:05:26,3,13,11,0.22,10.0
2025-01-23 09:06:05,4,8,10,0.2,10.0
2025-01-23 09:08:01,0,10,10,0.2,10.0
2025-01-23 09:12:40,0,10,10,0.2,10.0
2025-01-23 09:15:40,2,11,10,0.2,10.0
2025-01-23 09:18:02,3,11,10,0.2,12.0
2025-01-23 09:19:01,3,16,12,0.24,11.0
2025-01-23 09:21:38,0,9,11,0.22,13.0
2025-01-23 09:23:25,2,17,13,0.26,14.0
2025-01-23 09:24:49,0,15,14,0.28,13.0
2025-01-23 09:25:52,3,12,13,0.26,12.0
2025-01-23 09:28:06,4,9,12,0.24,12.0
2025-01-23 09:31:27,0,13,12,0.24,10.0
2025-01-23 09:32:18,2,6,10,0.2,9.0
2025-01-23 09:34:32,2,7,9,0.18,11.0
2025-01-23 09:37:30,2,16,11,0.22,10.0
2025-01-23 09:40:51,2,7,10,0.2,10.0
2025-01-23 09:42:07,0,11,10,0.2,9.0
2025-01-23 09:44:30,3,7,9,0.18,9.0
2025-01-23 09:48:26,4,10,9,0.18,12.0
2025-01-23 09:52:57,0,19,12,0.24,14.0
2025-01-23 09:56:42,4,18,14,0.28,15.0
2025-01-23 09:59:55,3,18,15,0.3,16.0
2025-01-23 10:03:20,2,18,16,0.32,14.0
2025-01-23 10:08:20,0,11,14,0.28,12.0
2025-01-23 10:10:39,0,6,12,0.24,13.0
2025-01-23 10:14:00,3,17,13,0.26,12.0
2025-01-23 10:17:51,4,11,12,0.24,13.0
2025-01-23 10:21:08,4,16,13,0.26,13.0
2025-01-23 10:23:19,2,14,13,0.26,11.0
2025-01-23 10:25:14,2,6,11,0.22,13.0
2025-01-23 10:28:05,1,19,13,0.26,13.0
2025-01-23 10:32:07,3,13,13,0.26,13.0
2025-01-23 10:33:27,3,12,13,0.26,13.0
2025-01-23 10:35:48,0,12,13,0.26,11.0
2025-01-23 10:40:48,1,6,11,0.22,11.0
2025-01-23 10:42:22,2,10,11,0.22,13.0
2025-01-23 10:45:54,1,19,13,0.26,12.0
2025-01-23 10:46:33,1,11,12,0.24,10.0
2025-01-23 10:50:56,0,6,10,0.2,12.0
2025-01-23 10:55:29,4,18,12,0.24,13.0
2025-01-23 11:00:25,3,14,13,0.26,12.0
2025-01-23 11:02:52,1,10,12,0.24,10.0
2025-01-23 11:05:45,2,6,10,0.2,12.0
2025-01-23 11:09:35,3,16,12,0.24,14.0
2025-01-23 11:14:03,0,19,14,0.28,13.0
2025-01-23 11:18:38,1,11,13,0.26,12.0
2025-01-23 11:19:15,1,9,12,0.24,12.0
2025-01-23 11:22:16,2,13,12,0.24,13.0
2025-01-23 11:26:16,2,15,13,0.26,14.0
2025-01-23 11:29:23,2,18,14,0.28,16.0
2025-01-23 11:30:50,2,19,16,0.32,14.0
2025-01-23 11:32:45,3,11,14,0.28,13.0
2025-01-23 11:34:09,3,11,13,0.26,13.0
2025-01-23 11:37:59,0,14,13,0.26,12.0
2025-01-23 11:40:30,4,8,12,0.24,10.0
2025-01-23 11:42:47,2,6,10,0.2,12.0
2025-01-23 11:45:28,0,17,12,0.24,10.0
2025-01-23 11:49:15,2,6,10,0.2,13.0
2025-01-23 11:50:31,2,19,13,0.26,11.0
2025-01-23 11:54:48,1,7,11,0.22,11.0
2025-01-23 11:59:22,0,10,11,0.22,8.0
2025-01-23 12:03:14,2,1,8,0.16,7.0
2025-01-23 12:08:04,0,5,7,0.14,7.0
2025-01-23 12:11:31,1,6,7,0.14,6.0
2025-01-23 12:12:24,4,4,6,0.12,5.0
2025-01-23 12:15:48,4,4,5,0.1,5.0
2025-01-23 12:20:38,2,5,5,0.1,5.0
2025-01-23 12:21:08,3,4,5,0.1,5.0
2025-01-23 12:23:03,4,5,5,0.1,4.0
2025-01-23 12:24:41,0,1,4,0.08,4.0
2025-01-23 12:25:41,1,5,4,0.08,3.0
2025-01-23 12:29:28,2,0,3,0.06,4.0
2025-01-23 12:31:28,0,7,4,0.08,4.0
2025-01-23 12:32:13,4,3,4,0.08,5.0
2025-01-23 12:35:24,1,6,5,0.1,4.0
2025-01-23 12:39:05,1,0,4,0.08,4.0
2025-01-23 12:42:05,2,4,4,0.08,5.0
2025-01-23 12:44:27,4,6,5,0.1,6.0
2025-01-23 12:47:52,2,7,6,0.12,4.0
2025-01-23 12:50:50,2,1,4,0.08,4.0
2025-01-23 12:54:17,2,5,4,0.08,3.0
2025-01-23 12:58:29,2,2,3,0.06,4.0
2025-01-23 13:03:17,2,5,4,0.08,4.0
2025-01-23 13:06:55,0,5,4,0.08,3.0
2025-01-23 13:08:54,2,2,3,0.06,3.0
2025-01-23 13:13:45,4,4,3,0.06,4.0
2025-01-23 13:16:50,4,6,4,0.08,5.0
2025-01-23 13:20:39,2,7,5,0.1,6.0
2025-01-23 13:22:03,4,7,6,0.12,4.0
2025-01-23 13:26:46,1,0,4,0.08,4.0
2025-01-23 13:30:08,4,4,4,0.08,3.0
2025-01-23 13:33:57,3,0,3,0.06,3.0
2025-01-23 13:36:08,0,3,3,0.06,3.0
2025-01-23 13:39:08,1,4,3,0.06,4.0
2025-01-23 13:41:28,4,6,4,0.08,3.0
2025-01-23 13:46:23,0,0,3,0.06,4.0
2025-01-23 13:48:23,2,5,4,0.08,5.0
2025-01-23 13:51:49,0,7,5,0.1,4.0
2025-01-23 13:56:09,0,2,4,0.08,3.0
2025-01-23 13:57:07,2,2,3,0.06,4.0
2025-01-23 14:00:51,4,5,4,0.08,5.0
2025-01-23 14:05:19,2,7,5,0.1,4.0
2025-01-23 14:10:15,0,3,4,0.08,4.0
2025-01-23 14:14:18,1,5,4,0.08,5.0
2025-01-23 14:16:09,0,6,5,0.1,5.0
2025-01-23 14:18:46,4,4,5,0.1,4.0
2025-01-23 14:23:37,4,2,4,0.08,4.0
2025-01-23 14:25:13,4,5,4,0.08,3.0
2025-01-23 14:26:44,3,0,3,0.06,3.0
2025-01-23 14:29:26,2,3,3,0.06,4.0
2025-01-23 14:32:12,4,6,4,0.08,4.0
2025-01-23 14:33:09,3,4,4,0.08,5.0
2025-01-23 14:37:09,2,6,5,0.1,5.0
2025-01-23 14:41:03,2,4,5,0.1,5.0
2025-01-23 14:45:45,0,5,5,0.1,5.0
2025-01-23 14:46:52,4,5,5,0.1,5.0
2025-01-23 14:48:04,4,4,5,0.1,4.0
2025-01-23 14:50:30,3,3,4,0.08,4.0
2025-01-23 14:54:09,4,4,4,0.08,3.0
2025-01-23 14:55:24,0,0,3,0.06,3.0
2025-01-23 14:58:39,2,2,3,0.06,3.0
2025-01-23 15:02:31,1,3,3,0.06,2.0
2025-01-23 15:06:53,2,0,2,0.04,3.0
2025-01-23 15:11:27,0,6,3,0.06,2.0
2025-01-23 15:15:25,1,0,2,0.04,1.0
2025-01-23 15:20:02,1,0,1,0.02,2.0
2025-01-23 15:23:09,1,6,2,0.04,1.0
2025-01-23 15:23:39,0,0,1,0.02,1.0
2025-01-23 15:27:45,0,2,1,0.02,2.0
2025-01-23 15:32:23,0,6,2,0.04,1.0
2025-01-23 15:34:01,2,0,1,0.02,3.0
2025-01-23 15:35:00,1,7,3,0.06,3.0
2025-01-23 15:37:24,0,2,3,0.06,3.0
2025-01-23 15:38:01,0,4,3,0.06,3.0
2025-01-23 15:39:06,2,2,3,0.06,3.0
2025-01-23 15:40:19,4,3,3,0.06,3.0
2025-01-23 15:43:23,1,2,3,0.06,2.0
2025-01-23 15:45:09,1,0,2,0.04,3.0
2025-01-23 15:46:56,2,6,3,0.06,3.0
2025-01-23 15:49:06,1,2,3,0.06,2.0
2025-01-23 15:50:05,3,1,2,0.04,1.0
2025-01-23 15:51:13,1,0,1,0.02,1.0
2025-01-23 15:55:41,4,0,1,0.02,1.0
2025-01-23 15:56:23,1,2,1,0.02,3.0
2025-01-23 15:58:54,4,7,3,0.06,3.0
2025-01-23 16:01:47,3,2,3,0.06,3.0
2025-01-23 16:05:08,1,2,3,0.06,4.0
2025-01-23 16:09:44,4,7,4,0.08,4.0
2025-01-23 16:14:20,4,4,4,0.08,3.0
2025-01-23 16:15:34,0,2,3,0.06,4.0
2025-01-23 16:20:16,0,6,4,0.08,3.0
2025-01-23 16:24:12,1,2,3,0.06,3.0
2025-01-23 16:24:48,0,2,3,0.06,3.0
2025-01-23 16:29:19,4,2,3,0.06,4.0
2025-01-23 16:31:38,1,7,4,0.08,5.0
2025-01-23 16:34:01,1,6,5,0.1,4.0
2025-01-23 16:36:06,2,3,4,0.08,4.0
2025-01-23 16:39:44,4,5,4,0.08,5.0
2025-01-23 16:42:47,2,7,5,0.1,6.0
2025-01-23 16:44:14,3,7,6,0.12,5.0
2025-01-23 16:45:33,2,3,5,0.1,5.0
2025-01-23 16:49:29,2,5,5,0.1,5.0
2025-01-23 16:50:50,2,6,5,0.1,5.0
2025-01-23 16:53:49,0,6,5,0.1,4.0
2025-01-23 16:55:11,1,3,4,0.08,4.0
2025-01-23 16:59:13,0,5,4,0.08,8.0
2025-01-23 17:00:48,1,18,8,0.16,10.0
2025-01-23 17:05:09,1,15,10,0.2,10.0
2025-01-23 17:08:09,4,9,10,0.2,11.0
2025-01-23 17:12:03,4,14,11,0.22,11.0
2025-01-23 17:16:47,0,11,11,0.22,10.0
2025-01-23 17:19:33,4,9,10,0.2,9.0
2025-01-23 17:22:17,4,7,9,0.18,12.0
2025-01-23 17:23:40,3,19,12,0.24,11.0
2025-01-23 17:25:14,3,9,11,0.22,10.0
2025-01-23 17:25:45,4,6,10,0.2,12.0
2025-01-23 17:28:26,1,15,12,0.24,11.0
2025-01-23 17:29:27,3,8,11,0.22,13.0
2025-01-23 17:33:59,1,19,13,0.26,14.0
2025-01-23 17:37:40,1,17,14,0.28,13.0
2025-01-23 17:40:31,2,10,13,0.26,12.0
2025-01-23 17:43:28,0,9,12,0.24,13.0
2025-01-23 17:45:26,1,14,13,0.26,12.0
2025-01-23 17:46:44,3,10,12,0.24,11.0
2025-01-23 17:49:29,4,8,11,0.22,12.0
2025-01-23 17:53:09,4,15,12,0.24,11.0
2025-01-23 17:56:07,4,8,11,0.22,10.0
2025-01-23 17:58:03,1,9,10,0.2,12.0
2025-01-23 17:58:40,1,16,12,0.24,12.0
2025-01-23 18:02:52,3,11,12,0.24,13.0
2025-01-23 18:03:37,2,16,13,0.26,14.0
2025-01-23 18:05:52,4,15,14,0.28,13.0
2025-01-23 18:08:05,0,10,13,0.26,11.0
2025-01-23 18:11:00,2,6,11,0.22,12.0
2025-01-23 18:12:04,2,15,12,0.24,10.0
2025-01-23 18:14:26,3,7,10,0.2,9.0
2025-01-23 18:15:48,2,6,9,0.18,10.0
2025-01-23 18:17:38,3,13,10,0.2,12.0
2025-01-23 18:19:51,0,18,12,0.24,13.0
2025-01-23 18:24:22,4,15,13,0.26,14.0
2025-01-23 18:25:22,3,18,14,0.28,14.0
2025-01-23 18:29:03,2,13,14,0.28,16.0
2025-01-23 18:33:25,2,19,16,0.32,16.0
2025-01-23 18:35:32,4,17,16,0.32,13.0
2025-01-23 18:36:35,4,6,13,0.26,12.0
2025-01-23 18:41:07,4,9,12,0.24,12.0
2025-01-23 18:42:35,4,11,12,0.24,11.0
2025-01-23 18:47:23,4,10,11,0.22,12.0
2025-01-23 18:48:09,1,14,12,0.24,13.0
2025-01-23 18:49:56,2,15,13,0.26,11.0
2025-01-23 18:53:51,1,7,11,0.22,10.0
2025-01-23 18:57:06,4,7,10,0.2,10.0
2025-01-23 18:59:27,0,10,10,0.2,11.0
2025-01-23 19:02:21,4,12,11,0.22,11.0
2025-01-23 19:05:26,1,10,11,0.22,12.0
2025-01-23 19:08:53,0,14,12,0.24,10.0
2025-01-23 19:11:38,1,7,10,0.2,9.0
2025-01-23 19:12:25,3,6,9,0.18,8.0
2025-01-23 19:15:29,1,7,8,0.16,10.0
2025-01-23 19:20:24,3,14,10,0.2,10.0
2025-01-23 19:21:09,3,11,10,0.2,9.0
2025-01-23 19:21:50,3,8,9,0.18,8.0
2025-01-23 19:23:34,4,7,8,0.16,10.0
2025-01-23 19:27:35,1,14,10,0.2,10.0
2025-01-23 19:31:03,0,11,10,0.2,13.0
2025-01-23 19:33:41,3,19,13,0.26,11.0
2025-01-23 19:37:25,1,6,11,0.22,11.0
2025-01-23 19:42:22,1,10,11,0.22,11.0
2025-01-23 19:43:21,2,12,11,0.22,12.0
2025-01-23 19:43:59,1,14,12,0.24,11.0
2025-01-23 19:47:13,3,9,11,0.22,11.0
2025-01-23 19:50:55,1,11,11,0.22,11.0
2025-01-23 19:55:44,2,11,11,0.22,12.0
2025-01-23 19:59:25,2,14,12,0.24,11.0
2025-01-23 20:01:13,1,10,11,0.22,11.0
2025-01-23 20:04:41,2,11,11,0.22,12.0
2025-01-23 20:06:41,4,13,12,0.24,11.0
2025-01-23 20:10:45,4,8,11,0.22,10.0
2025-01-23 20:12:33,3,9,10,0.2,9.0
2025-01-23 20:14:45,2,7,9,0.18,9.0
2025-01-23 20:17:05,0,9,9,0.18,12.0
2025-01-23 20:21:41,3,19,12,0.24,11.0
2025-01-23 20:26:04,2,9,11,0.22,11.0
2025-01-23 20:27:55,0,10,11,0.22,10.0
2025-01-23 20:30:36,4,6,10,0.2,12.0
2025-01-23 20:35:00,3,16,12,0.24,11.0
2025-01-23 20:37:08,0,10,11,0.22,12.0
2025-01-23 20:38:15,3,14,12,0.24,11.0
2025-01-23 20:41:25,1,9,11,0.22,11.0
2025-01-23 20:43:51,4,11,11,0.22,13.0
2025-01-23 20:48:21,1,17,13,0.26,12.0
2025-01-23 20:49:16,0,8,12,0.24,11.0
2025-01-23 20:52:01,2,10,11,0.22,11.0
2025-01-23 20:53:20,4,10,11,0.22,13.0
2025-01-23 20:56:23,1,17,13,0.26,14.0
2025-01-23 21:00:32,2,18,14,0.28,16.0
2025-01-23 21:03:21,4,19,16,0.32,15.0
2025-01-23 21:04:39,1,13,15,0.3,12.0
2025-01-23 21:07:30,4,6,12,0.24,13.0
2025-01-23 21:08:45,0,16,13,0.26,15.0
2025-01-23 21:11:57,0,19,15,0.3,16.0
2025-01-23 21:16:54,3,17,16,0.32,17.0
2025-01-23 21:19:19,2,18,17,0.34,16.0
2025-01-23 21:21:10,3,13,16,0.32,17.0
2025-01-23 21:22:23,1,19,17,0.34,14.0
2025-01-23 21:26:06,0,7,14,0.28,13.0
2025-01-23 21:30:53,0,11,13,0.26,13.0
2025-01-23 21:32:45,1,14,13,0.26,13.0
2025-01-23 21:34:12,3,13,13,0.26,15.0
2025-01-23 21:35:34,3,19,15,0.3,14.0
2025-01-23 21:36:04,2,10,14,0.28,14.0
2025-01-23 21:40:09,0,15,14,0.28,15.0
2025-01-23 21:44:26,0,16,15,0.3,13.0
2025-01-23 21:49:09,2,8,13,0.26,12.0
2025-01-23 21:52:17,4,9,12,0.24,11.0
2025-01-23 21:53:52,0,10,11,0.22,10.0
2025-01-23 21:55:56,4,7,10,0.2,7.0
2025-01-23 22:00:38,0,1,7,0.14,5.0
2025-01-23 22:03:37,2,1,5,0.1,4.0
2025-01-23 22:04:29,0,2,4,0.08,3.0
2025-01-23 22:09:02,1,1,3,0.06,2.0
2025-01-23 22:13:06,4,0,2,0.04,2.0
2025-01-23 22:15:46,4,3,2,0.04,3.0
2025-01-23 22:18:43,3,5,3,0.06,2.0
2025-01-23 22:21:01,3,1,2,0.04,3.0
2025-01-23 22:22:10,3,6,3,0.06,2.0
2025-01-23 22:24:40,2,1,2,0.04,2.0
2025-01-23 22:27:09,0,3,2,0.04,3.0
2025-01-23 22:27:56,1,4,3,0.06,2.0
2025-01-23 22:31:14,3,1,2,0.04,2.0
2025-01-23 22:35:01,2,2,2,0.04,3.0
2025-01-23 22:37:53,4,4,3,0.06,4.0
2025-01-23 22:38:59,2,6,4,0.08,4.0
2025-01-23 22:42:34,2,5,4,0.08,3.0
2025-01-23 22:47:24,3,2,3,0.06,4.0
2025-01-23 22:51:44,0,6,4,0.08,4.0
2025-01-23 22:56:27,1,4,4,0.08,3.0
2025-01-23 22:57:06,2,2,3,0.06,4.0
2025-01-23 23:01:25,0,7,4,0.08,5.0
2025-01-23 23:02:18,2,6,5,0.1,6.0
2025-01-23 23:04:05,4,7,6,0.12,6.0
2025-01-23 23:07:47,2,5,6,0.12,4.0
2025-01-23 23:10:05,3,0,4,0.08,4.0
2025-01-23 23:14:57,3,4,4,0.08,3.0
2025-01-23 23:19:54,0,1,3,0.06,2.0
2025-01-23 23:24:42,1,1,2,0.04,3.0
2025-01-23 23:26:36,1,5,3,0.06,2.0
2025-01-23 23:27:15,0,1,2,0.04,4.0
2025-01-23 23:28:43,3,7,4,0.08,3.0
2025-01-23 23:33:34,1,2,3,0.06,4.0
2025-01-23 23:36:02,2,5,4,0.08,4.0
2025-01-23 23:39:19,2,5,4,0.08,3.0
2025-01-23 23:42:57,4,1,3,0.06,4.0
2025-01-23 23:47:37,2,6,4,0.08,5.0
2025-01-23 23:51:55,4,7,5,0.1,4.0
2025-01-23 23:55:34,2,3,4,0.08,3.0
2025-01-23 23:58:07,3,0,3,0.06,3.0
2025-01-24 00:00:00,4,3,3,0.06,4.0
2025-01-24 00:04:04,1,7,4,0.08,4.0
2025-01-24 00:08:30,0,5,4,0.08,5.0
2025-01-24 00:10:52,0,6,5,0.1,5.0
2025-01-24 00:14:58,4,4,5,0.1,4.0
2025-01-24 00:19:33,4,3,4,0.08,3.0
2025-01-24 00:20:39,3,1,3,0.06,3.0
2025-01-24 00:22:12,3,3,3,0.06,2.0
2025-01-24 00:26:20,0,0,2,0.04,2.0
2025-01-24 00:27:23,1,3,2,0.04,2.0
2025-01-24 00:28:31,3,2,2,0.04,3.0
2025-01-24 00:30:07,2,4,3,0.06,2.0
2025-01-24 00:34:05,0,0,2,0.04,2.0
2025-01-24 00:37:06,4,2,2,0.04,1.0
2025-01-24 00:40:54,0,0,1,0.02,2.0
2025-01-24 00:42:52,1,3,2,0.04,3.0
2025-01-24 00:47:29,3,4,3,0.06,4.0
2025-01-24 00:49:17,1,6,4,0.08,5.0
2025-01-24 00:50:18,0,6,5,0.1,6.0
2025-01-24 00:52:14,1,7,6,0.12,4.0
2025-01-24 00:53:22,3,0,4,0.08,5.0
2025-01-24 00:55:32,0,7,5,0.1,4.0
2025-01-24 01:00:05,3,1,4,0.08,3.0
2025-01-24 01:04:26,1,1,3,0.06,3.0
2025-01-24 01:06:03,0,2,3,0.06,2.0
2025-01-24 01:09:44,1,0,2,0.04,3.0
2025-01-24 01:10:41,0,6,3,0.06,3.0
2025-01-24 01:15:40,0,4,3,0.06,4.0
2025-01-24 01:19:55,3,5,4,0.08,3.0
2025-01-24 01:21:41,4,0,3,0.06,4.0
2025-01-24 01:25:53,1,5,4,0.08,5.0
2025-01-24 01:29:09,0,7,5,0.1,6.0
2025-01-24 01:32:50,3,7,6,0.12,5.0
2025-01-24 01:34:48,2,4,5,0.1,4.0
2025-01-24 01:35:49,1,1,4,0.08,5.0
2025-01-24 01:38:35,1,7,5,0.1,6.0
2025-01-24 01:41:40,4,7,6,0.12,4.0
2025-01-24 01:46:19,0,0,4,0.08,4.0
2025-01-24 01:48:23,0,5,4,0.08,5.0
2025-01-24 01:49:09,0,6,5,0.1,6.0
2025-01-24 01:51:35,1,7,6,0.12,5.0
2025-01-24 01:52:14,1,2,5,0.1,5.0
2025-01-24 01:54:03,2,6,5,0.1,6.0
2025-01-24 01:56:46,2,7,6,0.12,4.0
2025-01-24 02:00:38,3,0,4,0.08,4.0
2025-01-24 02:03:03,3,4,4,0.08,3.0
2025-01-24 02:07:12,3,2,3,0.06,4.0
2025-01-24 02:11:54,2,5,4,0.08,3.0
2025-01-24 02:15:12,1,1,3,0.06,4.0
2025-01-24 02:19:06,0,5,4,0.08,5.0
2025-01-24 02:23:43,4,6,5,0.1,6.0
2025-01-24 02:25:23,1,7,6,0.12,6.0
2025-01-24 02:28:28,4,5,6,0.12,6.0
2025-01-24 02:30:39,0,7,6,0.12,6.0
2025-01-24 02:31:21,4,5,6,0.12,6.0
2025-01-24 02:36:21,1,6,6,0.12,6.0
2025-01-24 02:40:30,1,7,6,0.12,5.0
2025-01-24 02:41:14,3,3,5,0.1,5.0
2025-01-24 02:45:41,3,5,5,0.1,5.0
2025-01-24 02:48:07,4,5,5,0.1,4.0
2025-01-24 02:49:32,0,1,4,0.08,3.0
2025-01-24 02:52:13,1,2,3,0.06,4.0
2025-01-24 02:56:28,3,7,4,0.08,4.0
2025-01-24 03:00:39,3,5,4,0.08,4.0
2025-01-24 03:04:01,3,4,4,0.08,4.0
2025-01-24 03:07:07,0,4,4,0.08,4.0
2025-01-24 03:10:07,3,5,4,0.08,4.0
2025-01-24 03:13:41,3,4,4,0.08,4.0
2025-01-24 03:17:08,1,4,4,0.08,4.0
2025-01-24 03:17:58,2,4,4,0.08,3.0
2025-01-24 03:20:19,1,0,3,0.06,2.0
2025-01-24 03:23:39,1,0,2,0.04,2.0
2025-01-24 03:26:26,4,3,2,0.04,2.0
2025-01-24 03:30:48,0,3,2,0.04,3.0
2025-01-24 03:31:47,0,5,3,0.06,2.0
2025-01-24 03:34:57,0,1,2,0.04,4.0
2025-01-24 03:36:44,4,7,4,0.08,3.0
2025-01-24 03:37:34,3,0,3,0.06,4.0
2025-01-24 03:40:26,4,5,4,0.08,3.0
2025-01-24 03:41:31,2,0,3,0.06,3.0
2025-01-24 03:45:34,3,2,3,0.06,2.0
2025-01-24 03:46:35,1,1,2,0.04,3.0
2025-01-24 03:50:10,0,5,3,0.06,3.0
2025-01-24 03:53:33,1,4,3,0.06,3.0
2025-01-24 03:54:56,1,2,3,0.06,3.0
2025-01-24 03:58:06,1,2,3,0.06,3.0
2025-01-24 04:02:45,4,3,3,0.06,4.0
2025-01-24 04:07:25,0,7,4,0.08,3.0
2025-01-24 04:10:45,1,2,3,0.06,2.0
2025-01-24 04:14:17,2,0,2,0.04,3.0
2025-01-24 04:14:48,2,5,3,0.06,3.0
2025-01-24 04:18:31,1,3,3,0.06,4.0
2025-01-24 04:21:46,0,6,4,0.08,3.0
2025-01-24 04:26:22,1,1,3,0.06,3.0
2025-01-24 04:30:55,2,4,3,0.06,4.0
2025-01-24 04:33:14,2,6,4,0.08,4.0
2025-01-24 04:34:54,4,4,4,0.08,3.0
2025-01-24 04:38:07,2,1,3,0.06,2.0
2025-01-24 04:40:29,3,0,2,0.04,3.0
2025-01-24 04:44:46,4,5,3,0.06,2.0
2025-01-24 04:45:31,0,0,2,0.04,2.0
2025-01-24 04:46:31,4,1,2,0.04,1.0
2025-01-24 04:49:42,3,0,1,0.02,3.0
2025-01-24 04:53:24,0,7,3,0.06,3.0
2025-01-24 04:57:23,3,3,3,0.06,3.0
2025-01-24 05:01:44,4,3,3,0.06,4.0
2025-01-24 05:05:17,3,6,4,0.08,4.0
2025-01-24 05:06:01,0,4,4,0.08,5.0
2025-01-24 05:09:59,3,6,5,0.1,5.0
2025-01-24 05:13:20,2,6,5,0.1,4.0
2025-01-24 05:18:15,2,0,4,0.08,3.0
2025-01-24 05:19:04,1,2,3,0.06,3.0
2025-01-24 05:20:43,1,4,3,0.06,3.0
2025-01-24 05:21:20,1,4,3,0.06,2.0
2025-01-24 05:22:23,2,0,2,0.04,1.0
2025-01-24 05:26:36,4,0,1,0.02,1.0
2025-01-24 05:30:04,2,2,1,0.02,2.0
2025-01-24 05:34:39,0,4,2,0.04,2.0
2025-01-24 05:39:28,0,2,2,0.04,1.0
2025-01-24 05:41:45,0,0,1,0.02,3.0
2025-01-24 05:46:16,2,7,3,0.06,3.0
2025-01-24 05:47:09,1,3,3,0.06,3.0
2025-01-24 05:51:14,0,4,3,0.06,3.0
2025-01-24 05:52:38,4,2,3,0.06,3.0
2025-01-24 05:53:33,3,3,3,0.06,3.0
2025-01-24 05:57:08,0,2,3,0.06,3.0
2025-01-24 05:57:49,3,3,3,0.06,3.0
2025-01-24 06:00:27,2,3,3,0.06,3.0
2025-01-24 06:04:24,1,4,3,0.06,3.0
2025-01-24 06:07:06,0,2,3,0.06,3.0
2025-01-24 06:10:51,2,2,3,0.06,4.0
2025-01-24 06:15:42,1,5,4,0.08,3.0
2025-01-24 06:17:54,1,1,3,0.06,3.0
2025-01-24 06:20:23,2,4,3,0.06,4.0
2025-01-24 06:23:55,0,5,4,0.08,3.0
2025-01-24 06:24:33,1,1,3,0.06,4.0
2025-01-24 06:25:47,2,6,4,0.08,3.0
2025-01-24 06:30:20,1,0,3,0.06,3.0
2025-01-24 06:35:19,3,2,3,0.06,4.0
2025-01-24 06:37:40,4,5,4,0.08,4.0
2025-01-24 06:39:04,2,5,4,0.08,5.0
2025-01-24 06:39:48,1,7,5,0.1,5.0
2025-01-24 06:40:54,0,5,5,0.1,5.0
2025-01-24 06:44:21,3,6,5,0.1,4.0
2025-01-24 06:46:57,0,0,4,0.08,3.0
2025-01-24 06:49:23,2,0,3,0.06,3.0
2025-01-24 06:51:04,4,2,3,0.06,4.0
2025-01-24 06:53:24,3,6,4,0.08,4.0
2025-01-24 06:56:22,0,5,4,0.08,4.0
2025-01-24 06:59:56,1,5,4,0.08,4.0
2025-01-24 07:02:10,0,5,4,0.08,4.0
2025-01-24 07:05:06,3,5,4,0.08,3.0
2025-01-24 07:09:16,2,0,3,0.06,3.0
2025-01-24 07:09:51,3,2,3,0.06,4.0
2025-01-24 07:14:40,4,7,4,0.08,3.0
2025-01-24 07:15:51,3,0,3,0.06,4.0
2025-01-24 07:20:39,1,5,4,0.08,4.0
2025-01-24 07:25:39,1,5,4,0.08,4.0
2025-01-24 07:26:55,2,4,4,0.08,4.0
2025-01-24 07:28:49,3,5,4,0.08,3.0
2025-01-24 07:32:12,3,0,3,0.06,4.0
2025-01-24 07:33:39,4,7,4,0.08,4.0
2025-01-24 07:37:27,4,3,4,0.08,4.0
2025-01-24 07:41:25,4,4,4,0.08,4.0
2025-01-24 07:46:02,1,3,4,0.08,3.0
2025-01-24 07:50:02,4,0,3,0.06,4.0
2025-01-24 07:51:10,2,6,4,0.08,4.0
2025-01-24 07:55:51,3,4,4,0.08,4.0
2025-01-24 07:58:31,2,4,4,0.08,6.0
2025-01-24 08:03:10,1,12,6,0.12,7.0
2025-01-24 08:04:31,3,9,7,0.14,8.0
2025-01-24 08:05:14,3,11,8,0.16,10.0
2025-01-24 08:08:19,3,16,10,0.2,12.0
2025-01-24 08:09:18,0,15,12,0.24,10.0
2025-01-24 08:11:17,4,6,10,0.2,9.0
2025-01-24 08:14:33,2,6,9,0.18,10.0
2025-01-24 08:16:11,2,14,10,0.2,9.0
2025-01-24 08:19:23,4,8,9,0.18,10.0
2025-01-24 08:23:54,4,14,10,0.2,12.0
2025-01-24 08:25:15,1,17,12,0.24,13.0
2025-01-24 08:28:06,3,14,13,0.26,12.0
2025-01-24 08:29:38,3,11,12,0.24,14.0
2025-01-24 08:31:38,4,18,14,0.28,12.0
2025-01-24 08:34:39,1,7,12,0.24,12.0
2025-01-24 08:37:45,1,12,12,0.24,12.0
2025-01-24 08:40:44,1,12,12,0.24,12.0
2025-01-24 08:45:44,4,12,12,0.24,12.0
2025-01-24 08:47:22,2,13,12,0.24,14.0
2025-01-24 08:49:47,2,18,14,0.28,13.0
2025-01-24 08:53:28,4,10,13,0.26,13.0
2025-01-24 08:54:01,1,13,13,0.26,12.0
2025-01-24 08:55:45,3,8,12,0.24,14.0
2025-01-24 09:00:15,3,19,14,0.28,13.0
2025-01-24 09:01:14,3,11,13,0.26,14.0
2025-01-24 09:04:06,3,15,14,0.28,13.0
2025-01-24 09:07:38,1,10,13,0.26,13.0
2025-01-24 09:08:23,3,12,13,0.26,11.0
2025-01-24 09:10:43,4,7,11,0.22,10.0
2025-01-24 09:14:33,3,7,10,0.2,12.0
2025-01-24 09:16:49,0,15,12,0.24,11.0
2025-01-24 09:20:00,4,9,11,0.22,10.0
2025-01-24 09:24:58,1,8,10,0.2,13.0
2025-01-24 09:28:02,1,19,13,0.26,13.0
2025-01-24 09:29:44,3,13,13,0.26,15.0
2025-01-24 09:33:30,3,19,15,0.3,12.0
2025-01-24 09:38:02,4,6,12,0.24,12.0
2025-01-24 09:39:57,1,11,12,0.24,10.0
2025-01-24 09:44:45,2,7,10,0.2,11.0
2025-01-24 09:47:43,1,12,11,0.22,12.0
2025-01-24 09:51:22,0,15,12,0.24,13.0
2025-01-24 09:55:28,1,16,13,0.26,11.0
2025-01-24 09:57:23,4,7,11,0.22,11.0
2025-01-24 10:01:28,1,11,11,0.22,10.0
2025-01-24 10:03:55,1,6,10,0.2,13.0
2025-01-24 10:05:51,1,19,13,0.26,12.0
2025-01-24 10:07:00,1,9,12,0.24,13.0
2025-01-24 10:10:10,3,16,13,0.26,14.0
2025-01-24 10:13:50,2,16,14,0.28,13.0
2025-01-24 10:14:44,0,11,13,0.26,13.0
2025-01-24 10:17:45,1,13,13,0.26,12.0
2025-01-24 10:19:49,1,8,12,0.24,13.0
2025-01-24 10:21:04,0,15,13,0.26,11.0
2025-01-24 10:23:51,2,6,11,0.22,10.0
2025-01-24 10:27:04,3,8,10,0.2,12.0
2025-01-24 10:27:49,1,15,12,0.24,10.0
2025-01-24 10:28:36,0,6,10,0.2,11.0
2025-01-24 10:31:21,2,12,11,0.22,13.0
2025-01-24 10:35:57,3,17,13,0.26,11.0
2025-01-24 10:40:34,0,6,11,0.22,13.0
2025-01-24 10:44:21,3,17,13,0.26,13.0
2025-01-24 10:44:51,2,13,13,0.26,14.0
2025-01-24 10:48:30,1,17,14,0.28,15.0
2025-01-24 10:49:44,4,17,15,0.3,13.0
2025-01-24 10:50:45,0,9,13,0.26,13.0
2025-01-24 10:53:12,4,14,13,0.26,11.0
2025-01-24 10:56:45,3,7,11,0.22,10.0
2025-01-24 11:00:25,4,9,10,0.2,11.0
2025-01-24 11:04:49,2,12,11,0.22,12.0
2025-01-24 11:09:16,2,13,12,0.24,12.0
2025-01-24 11:13:21,1,12,12,0.24,13.0
2025-01-24 11:15:04,3,17,13,0.26,12.0
2025-01-24 11:17:24,0,9,12,0.24,12.0
2025-01-24 11:19:36,2,11,12,0.24,12.0
2025-01-24 11:21:19,4,12,12,0.24,12.0
2025-01-24 11:26:00,0,11,12,0.24,12.0
2025-01-24 11:28:23,0,13,12,0.24,11.0
2025-01-24 11:32:50,3,8,11,0.22,10.0
2025-01-24 11:36:12,4,7,10,0.2,9.0
2025-01-24 11:38:00,1,8,9,0.18,9.0
2025-01-24 11:40:02,2,8,9,0.18,11.0
2025-01-24 11:41:21,2,16,11,0.22,13.0
2025-01-24 11:45:33,0,17,13,0.26,13.0
2025-01-24 11:47:23,2,12,13,0.26,14.0
2025-01-24 11:52:18,1,15,14,0.28,14.0
2025-01-24 11:55:22,0,15,14,0.28,14.0
2025-01-24 11:59:44,1,14,14,0.28,11.0
2025-01-24 12:04:09,0,3,11,0.22,8.0
2025-01-24 12:07:17,3,0,8,0.16,6.0
2025-01-24 12:11:57,0,2,6,0.12,6.0
2025-01-24 12:14:08,1,5,6,0.12,4.0
2025-01-24 12:15:28,3,1,4,0.08,3.0
2025-01-24 12:16:49,4,1,3,0.06,4.0
2025-01-24 12:20:47,1,7,4,0.08,4.0
2025-01-24 12:23:27,3,3,4,0.08,4.0
2025-01-24 12:28:26,4,3,4,0.08,5.0
2025-01-24 12:32:20,0,6,5,0.1,4.0
2025-01-24 12:36:28,1,2,4,0.08,4.0
2025-01-24 12:41:14,0,5,4,0.08,4.0
2025-01-24 12:44:48,0,3,4,0.08,5.0
2025-01-24 12:47:42,0,6,5,0.1,5.0
2025-01-24 12:51:09,3,4,5,0.1,5.0
2025-01-24 12:51:52,3,5,5,0.1,4.0
2025-01-24 12:56:27,1,1,4,0.08,3.0
2025-01-24 13:00:03,1,1,3,0.06,4.0
2025-01-24 13:04:51,0,5,4,0.08,3.0
2025-01-24 13:06:00,1,0,3,0.06,2.0
2025-01-24 13:07:58,1,1,2,0.04,2.0
2025-01-24 13:10:32,1,2,2,0.04,3.0
2025-01-24 13:11:10,2,6,3,0.06,2.0
2025-01-24 13:13:03,3,1,2,0.04,3.0
2025-01-24 13:13:53,0,4,3,0.06,3.0
2025-01-24 13:17:14,4,3,3,0.06,4.0
2025-01-24 13:18:08,2,5,4,0.08,3.0
2025-01-24 13:20:20,2,0,3,0.06,4.0
2025-01-24 13:23:59,2,6,4,0.08,3.0
2025-01-24 13:28:24,4,0,3,0.06,2.0
2025-01-24 13:29:30,1,0,2,0.04,4.0
2025-01-24 13:32:31,2,7,4,0.08,3.0
2025-01-24 13:33:20,0,1,3,0.06,2.0
2025-01-24 13:36:06,4,0,2,0.04,2.0
2025-01-24 13:37:04,3,2,2,0.04,1.0
2025-01-24 13:38:04,3,0,1,0.02,1.0
2025-01-24 13:38:52,1,2,1,0.02,3.0
2025-01-24 13:41:49,2,7,3,0.06,4.0
2025-01-24 13:45:01,4,6,4,0.08,4.0
2025-01-24 13:47:23,3,3,4,0.08,3.0
2025-01-24 13:50:22,1,1,3,0.06,2.0
2025-01-24 13:55:06,2,0,2,0.04,3.0
2025-01-24 13:57:02,4,6,3,0.06,2.0
2025-01-24 13:59:09,2,0,2,0.04,2.0
2025-01-24 14:01:50,4,1,2,0.04,2.0
2025-01-24 14:03:56,1,1,2,0.04,4.0
2025-01-24 14:06:03,3,7,4,0.08,3.0
2025-01-24 14:10:19,0,2,3,0.06,4.0
2025-01-24 14:13:13,3,6,4,0.08,5.0
2025-01-24 14:16:18,2,7,5,0.1,5.0
2025-01-24 14:21:17,2,5,5,0.1,4.0
2025-01-24 14:24:28,4,2,4,0.08,4.0
2025-01-24 14:26:49,0,3,4,0.08,4.0
2025-01-24 14:30:23,1,3,4,0.08,4.0
2025-01-24 14:34:17,2,5,4,0.08,3.0
2025-01-24 14:36:23,3,1,3,0.06,2.0
2025-01-24 14:37:47,1,0,2,0.04,2.0
2025-01-24 14:40:13,4,1,2,0.04,2.0
2025-01-24 14:42:15,1,3,2,0.04,2.0
2025-01-24 14:46:08,0,3,2,0.04,2.0
2025-01-24 14:49:46,0,1,2,0.04,3.0
2025-01-24 14:51:39,1,5,3,0.06,4.0
2025-01-24 14:55:08,2,7,4,0.08,4.0
2025-01-24 14:58:38,4,4,4,0.08,5.0
2025-01-24 15:02:08,4,7,5,0.1,4.0
2025-01-24 15:04:23,3,0,4,0.08,5.0
2025-01-24 15:07:01,4,6,5,0.1,6.0
2025-01-24 15:11:52,1,7,6,0.12,4.0
2025-01-24 15:12:32,2,1,4,0.08,5.0
2025-01-24 15:15:43,0,7,5,0.1,4.0
2025-01-24 15:19:13,1,1,4,0.08,5.0
2025-01-24 15:23:15,2,6,5,0.1,4.0
2025-01-24 15:24:05,3,2,4,0.08,4.0
2025-01-24 15:28:54,3,3,4,0.08,3.0
2025-01-24 15:31:19,2,1,3,0.06,4.0
2025-01-24 15:32:13,0,5,4,0.08,4.0
2025-01-24 15:36:56,4,3,4,0.08,3.0
2025-01-24 15:40:56,0,1,3,0.06,2.0
2025-01-24 15:45:42,3,1,2,0.04,3.0
2025-01-24 15:48:59,1,5,3,0.06,3.0
2025-01-24 15:49:49,1,3,3,0.06,3.0
2025-01-24 15:51:44,2,3,3,0.06,3.0
2025-01-24 15:52:28,2,2,3,0.06,3.0
2025-01-24 15:53:47,2,2,3,0.06,3.0
2025-01-24 15:57:32,1,4,3,0.06,4.0
2025-01-24 16:02:06,2,5,4,0.08,4.0
2025-01-24 16:05:56,4,4,4,0.08,3.0
2025-01-24 16:09:38,1,1,3,0.06,3.0
2025-01-24 16:12:33,3,3,3,0.06,4.0
2025-01-24 16:15:09,2,7,4,0.08,3.0
2025-01-24 16:18:33,3,0,3,0.06,2.0
2025-01-24 16:21:16,3,0,2,0.04,3.0
2025-01-24 16:22:51,4,5,3,0.06,3.0
2025-01-24 16:27:26,4,4,3,0.06,4.0
2025-01-24 16:31:52,0,5,4,0.08,3.0
2025-01-24 16:35:12,3,2,3,0.06,3.0
2025-01-24 16:36:32,0,3,3,0.06,4.0
2025-01-24 16:39:34,4,5,4,0.08,5.0
2025-01-24 16:41:23,2,7,5,0.1,4.0
2025-01-24 16:44:17,2,3,4,0.08,3.0
2025-01-24 16:47:21,1,2,3,0.06,3.0
2025-01-24 16:50:13,1,2,3,0.06,4.0
2025-01-24 16:51:16,0,7,4,0.08,4.0
2025-01-24 16:55:44,1,4,4,0.08,5.0
2025-01-24 16:58:31,2,6,5,0.1,9.0
2025-01-24 17:03:14,2,18,9,0.18,9.0
2025-01-24 17:03:48,1,8,9,0.18,8.0
2025-01-24 17:07:13,2,6,8,0.16,9.0
2025-01-24 17:11:16,1,11,9,0.18,10.0
2025-01-24 17:12:08,2,13,10,0.2,10.0
2025-01-24 17:12:50,4,11,10,0.2,11.0
2025-01-24 17:17:20,2,14,11,0.22,11.0
2025-01-24 17:19:21,0,11,11,0.22,10.0
2025-01-24 17:21:38,4,6,10,0.2,12.0
2025-01-24 17:25:56,3,18,12,0.24,13.0
2025-01-24 17:28:57,2,14,13,0.26,14.0
2025-01-24 17:31:14,2,18,14,0.28,12.0
2025-01-24 17:34:39,4,6,12,0.24,11.0
2025-01-24 17:39:09,0,9,11,0.22,10.0
2025-01-24 17:42:03,3,8,10,0.2,9.0
2025-01-24 17:42:46,4,6,9,0.18,10.0
2025-01-24 17:44:26,0,11,10,0.2,12.0
2025-01-24 17:48:10,2,15,12,0.24,14.0
2025-01-24 17:48:50,4,18,14,0.28,14.0
2025-01-24 17:51:05,3,15,14,0.28,15.0
2025-01-24 17:55:52,3,18,15,0.3,13.0
2025-01-24 17:59:37,3,9,13,0.26,15.0
2025-01-24 18:02:31,0,19,15,0.3,13.0
2025-01-24 18:06:40,2,7,13,0.26,14.0
2025-01-24 18:10:03,4,15,14,0.28,12.0
2025-01-24 18:14:08,2,7,12,0.24,13.0
2025-01-24 18:16:10,4,14,13,0.26,11.0
2025-01-24 18:20:59,4,6,11,0.22,10.0
2025-01-24 18:22:31,0,8,10,0.2,9.0
2025-01-24 18:23:29,2,8,9,0.18,10.0
2025-01-24 18:25:08,1,11,10,0.2,10.0
2025-01-24 18:29:28,3,10,10,0.2,12.0
2025-01-24 18:34:12,0,17,12,0.24,13.0
2025-01-24 18:37:33,1,16,13,0.26,12.0
2025-01-24 18:41:02,0,10,12,0.24,13.0
2025-01-24 18:45:55,3,16,13,0.26,14.0
2025-01-24 18:49:27,4,17,14,0.28,13.0
2025-01-24 18:53:21,4,10,13,0.26,11.0
2025-01-24 18:57:59,4,6,11,0.22,12.0
2025-01-24 19:02:01,0,13,12,0.24,13.0
2025-01-24 19:05:09,2,15,13,0.26,12.0
2025-01-24 19:07:18,0,9,12,0.24,13.0
2025-01-24 19:09:39,4,16,13,0.26,14.0
2025-01-24 19:12:54,0,17,14,0.28,13.0
2025-01-24 19:13:59,2,10,13,0.26,14.0
2025-01-24 19:16:20,2,15,14,0.28,14.0
2025-01-24 19:18:16,1,14,14,0.28,14.0
2025-01-24 19:21:48,4,15,14,0.28,12.0
2025-01-24 19:23:42,0,8,12,0.24,14.0
2025-01-24 19:28:40,1,19,14,0.28,13.0
2025-01-24 19:31:54,1,10,13,0.26,13.0
2025-01-24 19:33:53,2,12,13,0.26,12.0
2025-01-24 19:38:20,3,11,12,0.24,13.0
2025-01-24 19:39:11,3,14,13,0.26,14.0
2025-01-24 19:42:27,3,16,14,0.28,12.0
2025-01-24 19:46:31,2,8,12,0.24,11.0
2025-01-24 19:47:58,3,10,11,0.22,10.0
2025-01-24 19:48:57,2,7,10,0.2,11.0
2025-01-24 19:51:12,3,12,11,0.22,10.0
2025-01-24 19:54:28,0,7,10,0.2,9.0
2025-01-24 19:57:31,3,7,9,0.18,10.0
2025-01-24 19:58:07,3,13,10,0.2,12.0
2025-01-24 20:01:53,1,15,12,0.24,12.0
2025-01-24 20:03:08,2,11,12,0.24,13.0
2025-01-24 20:03:55,2,17,13,0.26,14.0
2025-01-24 20:06:57,0,16,14,0.28,13.0
2025-01-24 20:11:50,3,12,13,0.26,14.0
2025-01-24 20:13:33,0,16,14,0.28,16.0
2025-01-24 20:16:27,2,19,16,0.32,15.0
2025-01-24 20:18:38,2,13,15,0.3,14.0
2025-01-24 20:21:08,3,11,14,0.28,13.0
2025-01-24 20:24:33,1,12,13,0.26,12.0
2025-01-24 20:26:05,1,11,12,0.24,11.0
2025-01-24 20:27:58,1,9,11,0.22,12.0
2025-01-24 20:28:42,4,13,12,0.24,13.0
2025-01-24 20:31:25,2,15,13,0.26,12.0
2025-01-24 20:33:55,0,8,12,0.24,14.0
2025-01-24 20:36:32,3,19,14,0.28,12.0
2025-01-24 20:40:01,2,6,12,0.24,13.0
2025-01-24 20:41:52,0,16,13,0.26,12.0
2025-01-24 20:42:34,4,11,12,0.24,10.0
2025-01-24 20:43:27,4,7,10,0.2,12.0
2025-01-24 20:46:44,4,18,12,0.24,12.0
2025-01-24 20:51:43,4,11,12,0.24,13.0
2025-01-24 20:53:22,3,15,13,0.26,13.0
2025-01-24 20:55:20,4,14,13,0.26,14.0
2025-01-24 20:58:58,0,18,14,0.28,14.0
2025-01-24 21:03:44,0,13,14,0.28,15.0
2025-01-24 21:07:50,2,17,15,0.3,13.0
2025-01-24 21:08:51,2,9,13,0.26,12.0
2025-01-24 21:11:41,1,11,12,0.24,13.0
2025-01-24 21:14:51,1,17,13,0.26,13.0
2025-01-24 21:15:52,3,14,13,0.26,12.0
2025-01-24 21:18:53,0,11,12,0.24,14.0
2025-01-24 21:23:42,4,19,14,0.28,14.0
2025-01-24 21:27:47,4,14,14,0.28,12.0
2025-01-24 21:29:54,4,8,12,0.24,11.0
2025-01-24 21:30:53,4,8,11,0.22,13.0
2025-01-24 21:32:52,1,18,13,0.26,14.0
2025-01-24 21:35:49,0,15,14,0.28,13.0
2025-01-24 21:38:42,1,11,13,0.26,12.0
2025-01-24 21:40:18,1,8,12,0.24,13.0
2025-01-24 21:41:45,3,14,13,0.26,14.0
2025-01-24 21:46:10,3,16,14,0.28,14.0
2025-01-24 21:48:47,2,13,14,0.28,14.0
2025-01-24 21:52:45,0,13,14,0.28,12.0
2025-01-24 21:56:20,3,7,12,0.24,11.0
2025-01-24 21:59:38,1,9,11,0.22,8.0
2025-01-24 22:02:59,1,0,8,0.16,7.0
2025-01-24 22:07:48,4,4,7,0.14,6.0
2025-01-24 22:11:42,4,5,6,0.12,5.0
2025-01-24 22:14:26,3,3,5,0.1,4.0
2025-01-24 22:15:41,2,0,4,0.08,3.0
2025-01-24 22:16:19,2,1,3,0.06,3.0
2025-01-24 22:19:29,1,3,3,0.06,3.0
2025-01-24 22:21:44,0,3,3,0.06,4.0
2025-01-24 22:23:41,1,5,4,0.08,4.0
2025-01-24 22:27:22,4,3,4,0.08,5.0
2025-01-24 22:30:24,4,6,5,0.1,6.0
2025-01-24 22:33:10,3,7,6,0.12,6.0
2025-01-24 22:36:08,2,7,6,0.12,6.0
2025-01-24 22:39:45,0,5,6,0.12,4.0
2025-01-24 22:42:35,3,0,4,0.08,3.0
2025-01-24 22:45:15,1,0,3,0.06,2.0
2025-01-24 22:45:48,4,0,2,0.04,2.0
2025-01-24 22:50:40,1,3,2,0.04,3.0
2025-01-24 22:51:35,0,6,3,0.06,4.0
2025-01-24 22:52:28,4,6,4,0.08,4.0
2025-01-24 22:57:23,2,5,4,0.08,3.0
2025-01-24 23:01:41,4,0,3,0.06,4.0
2025-01-24 23:06:39,4,5,4,0.08,4.0
2025-01-24 23:09:13,4,4,4,0.08,3.0
2025-01-24 23:12:34,3,2,3,0.06,3.0
2025-01-24 23:16:57,3,4,3,0.06,4.0
2025-01-24 23:18:42,2,5,4,0.08,5.0
2025-01-24 23:22:45,2,6,5,0.1,5.0
2025-01-24 23:25:52,1,5,5,0.1,4.0
2025-01-24 23:29:45,4,1,4,0.08,4.0
2025-01-24 23:32:43,2,3,4,0.08,3.0
2025-01-24 23:34:27,1,0,3,0.06,2.0
2025-01-24 23:38:45,0,1,2,0.04,4.0
2025-01-24 23:40:16,3,7,4,0.08,5.0
2025-01-24 23:41:43,3,7,5,0.1,4.0
2025-01-24 23:44:00,4,3,4,0.08,4.0
2025-01-24 23:47:36,0,4,4,0.08,4.0
2025-01-24 23:51:54,2,5,4,0.08,3.0
2025-01-24 23:53:11,2,0,3,0.06,2.0
2025-01-24 23:58:08,4,0,2,0.04,2.0
2025-01-25 00:02:12,1,3,2,0.04,3.0
2025-01-25 00:06:55,0,6,3,0.06,2.0
2025-01-25 00:08:51,1,0,2,0.04,3.0
2025-01-25 00:12:21,0,6,3,0.06,4.0
2025-01-25 00:13:15,3,7,4,0.08,4.0
2025-01-25 00:17:26,1,5,4,0.08,5.0
2025-01-25 00:18:44,1,7,5,0.1,4.0
2025-01-25 00:22:08,3,3,4,0.08,3.0
2025-01-25 00:23:12,3,1,3,0.06,4.0
2025-01-25 00:27:18,3,5,4,0.08,5.0
2025-01-25 00:31:16,3,7,5,0.1,4.0
2025-01-25 00:34:25,0,1,4,0.08,3.0
2025-01-25 00:35:01,1,2,3,0.06,4.0
2025-01-25 00:39:59,2,7,4,0.08,4.0
2025-01-25 00:42:34,3,3,4,0.08,3.0
2025-01-25 00:44:33,3,0,3,0.06,4.0
2025-01-25 00:45:44,2,6,4,0.08,3.0
2025-01-25 00:48:52,1,1,3,0.06,4.0
2025-01-25 00:52:43,0,6,4,0.08,5.0
2025-01-25 00:54:43,2,6,5,0.1,4.0
2025-01-25 00:57:17,4,3,4,0.08,5.0
2025-01-25 00:59:52,0,7,5,0.1,4.0
2025-01-25 01:01:13,4,0,4,0.08,5.0
2025-01-25 01:03:25,1,6,5,0.1,5.0
2025-01-25 01:07:01,1,5,5,0.1,4.0
2025-01-25 01:10:55,4,1,4,0.08,5.0
2025-01-25 01:11:38,3,7,5,0.1,6.0
2025-01-25 01:13:51,3,7,6,0.12,6.0
2025-01-25 01:16:17,2,5,6,0.12,5.0
2025-01-25 01:18:19,1,2,5,0.1,5.0
2025-01-25 01:21:12,0,4,5,0.1,4.0
2025-01-25 01:23:31,4,3,4,0.08,5.0
2025-01-25 01:26:43,2,7,5,0.1,5.0
2025-01-25 01:28:05,3,5,5,0.1,5.0
2025-01-25 01:28:37,3,5,5,0.1,6.0
2025-01-25 01:30:14,4,7,6,0.12,6.0
2025-01-25 01:34:49,2,5,6,0.12,5.0
2025-01-25 01:37:36,0,4,5,0.1,4.0
2025-01-25 01:39:11,4,3,4,0.08,5.0
2025-01-25 01:42:15,4,6,5,0.1,5.0
2025-01-25 01:44:11,0,6,5,0.1,5.0
2025-01-25 01:45:13,3,4,5,0.1,6.0
2025-01-25 01:46:50,1,7,6,0.12,4.0
2025-01-25 01:50:26,2,1,4,0.08,3.0
2025-01-25 01:54:07,2,0,3,0.06,2.0
2025-01-25 01:58:09,0,1,2,0.04,4.0
2025-01-25 02:00:06,4,7,4,0.08,4.0
2025-01-25 02:02:23,3,4,4,0.08,5.0
2025-01-25 02:06:52,1,7,5,0.1,5.0
2025-01-25 02:10:57,0,4,5,0.1,5.0
2025-01-25 02:14:23,4,5,5,0.1,4.0
2025-01-25 02:15:45,2,2,4,0.08,3.0
2025-01-25 02:17:03,2,2,3,0.06,3.0
2025-01-25 02:19:26,3,2,3,0.06,3.0
2025-01-25 02:21:30,3,2,3,0.06,3.0
2025-01-25 02:22:24,4,3,3,0.06,4.0
2025-01-25 02:25:05,0,5,4,0.08,3.0
2025-01-25 02:28:33,0,2,3,0.06,2.0
2025-01-25 02:31:27,3,1,2,0.04,3.0
2025-01-25 02:35:14,1,6,3,0.06,3.0
2025-01-25 02:37:07,2,3,3,0.06,2.0
2025-01-25 02:40:13,4,1,2,0.04,4.0
2025-01-25 02:42:07,1,7,4,0.08,5.0
2025-01-25 02:46:49,3,7,5,0.1,5.0
2025-01-25 02:48:30,3,5,5,0.1,4.0
2025-01-25 02:52:42,1,0,4,0.08,4.0
2025-01-25 02:57:35,2,4,4,0.08,3.0
2025-01-25 03:02:10,1,0,3,0.06,2.0
2025-01-25 03:03:40,1,0,2,0.04,3.0
2025-01-25 03:08:28,2,6,3,0.06,3.0
2025-01-25 03:09:04,4,2,3,0.06,2.0
2025-01-25 03:12:41,4,0,2,0.04,2.0
2025-01-25 03:13:14,2,1,2,0.04,2.0
2025-01-25 03:17:34,3,2,2,0.04,2.0
2025-01-25 03:20:16,4,3,2,0.04,1.0
2025-01-25 03:22:50,1,0,1,0.02,2.0
2025-01-25 03:23:34,2,4,2,0.04,2.0
2025-01-25 03:24:16,2,2,2,0.04,2.0
2025-01-25 03:26:43,4,1,2,0.04,2.0
2025-01-25 03:31:12,2,1,2,0.04,2.0
2025-01-25 03:36:04,4,3,2,0.04,2.0
2025-01-25 03:36:39,4,3,2,0.04,3.0
2025-01-25 03:40:59,2,6,3,0.06,3.0
2025-01-25 03:41:58,3,3,3,0.06,3.0
2025-01-25 03:42:49,3,4,3,0.06,3.0
2025-01-25 03:45:54,2,3,3,0.06,3.0
2025-01-25 03:48:21,4,4,3,0.06,2.0
2025-01-25 03:52:03,4,0,2,0.04,4.0
2025-01-25 03:55:47,2,7,4,0.08,4.0
2025-01-25 03:59:04,0,3,4,0.08,5.0
2025-01-25 04:03:32,3,6,5,0.1,5.0
2025-01-25 04:08:05,1,4,5,0.1,6.0
2025-01-25 04:09:43,3,7,6,0.12,6.0
2025-01-25 04:11:47,4,5,6,0.12,6.0
2025-01-25 04:13:33,2,5,6,0.12,6.0
2025-01-25 04:16:53,4,5,6,0.12,4.0
2025-01-25 04:17:23,1,0,4,0.08,5.0
2025-01-25 04:18:54,1,6,5,0.1,4.0
2025-01-25 04:22:50,2,1,4,0.08,3.0
2025-01-25 04:25:53,3,1,3,0.06,4.0
2025-01-25 04:27:10,2,6,4,0.08,4.0
2025-01-25 04:29:56,0,4,4,0.08,3.0
2025-01-25 04:30:26,0,2,3,0.06,3.0
2025-01-25 04:34:50,4,2,3,0.06,2.0
2025-01-25 04:39:35,2,0,2,0.04,3.0
2025-01-25 04:41:51,0,6,3,0.06,2.0
2025-01-25 04:45:13,1,1,2,0.04,3.0
2025-01-25 04:47:52,1,5,3,0.06,3.0
2025-01-25 04:49:01,1,3,3,0.06,2.0
2025-01-25 04:49:46,4,1,2,0.04,4.0
2025-01-25 04:52:22,0,7,4,0.08,3.0
2025-01-25 04:56:14,1,0,3,0.06,2.0
2025-01-25 04:58:57,2,0,2,0.04,3.0
2025-01-25 05:03:45,1,5,3,0.06,4.0
2025-01-25 05:04:28,1,5,4,0.08,4.0
2025-01-25 05:06:03,2,3,4,0.08,3.0
2025-01-25 05:09:47,1,1,3,0.06,2.0
2025-01-25 05:12:10,1,0,2,0.04,3.0
2025-01-25 05:15:18,1,5,3,0.06,2.0
2025-01-25 05:18:28,1,1,2,0.04,2.0
2025-01-25 05:23:11,2,3,2,0.04,4.0
2025-01-25 05:23:55,3,7,4,0.08,5.0
2025-01-25 05:25:01,0,6,5,0.1,5.0
2025-01-25 05:28:05,1,4,5,0.1,5.0
2025-01-25 05:29:01,0,5,5,0.1,5.0
2025-01-25 05:29:42,4,5,5,0.1,5.0
2025-01-25 05:31:18,1,6,5,0.1,5.0
2025-01-25 05:32:17,1,5,5,0.1,5.0
2025-01-25 05:34:22,3,4,5,0.1,5.0
2025-01-25 05:38:26,4,6,5,0.1,5.0
2025-01-25 05:42:09,2,4,5,0.1,4.0
2025-01-25 05:44:53,1,1,4,0.08,4.0
2025-01-25 05:45:54,3,3,4,0.08,3.0
2025-01-25 05:47:02,2,2,3,0.06,3.0
2025-01-25 05:50:57,3,2,3,0.06,3.0
2025-01-25 05:52:09,1,4,3,0.06,2.0
2025-01-25 05:56:57,0,1,2,0.04,2.0
2025-01-25 06:01:35,3,3,2,0.04,2.0
2025-01-25 06:03:18,0,2,2,0.04,1.0
2025-01-25 06:06:57,3,0,1,0.02,1.0
2025-01-25 06:09:44,1,2,1,0.02,1.0
2025-01-25 06:12:59,1,2,1,0.02,2.0
2025-01-25 06:13:54,3,6,2,0.04,4.0
2025-01-25 06:15:36,2,7,4,0.08,3.0
2025-01-25 06:18:00,4,0,3,0.06,2.0
2025-01-25 06:19:20,1,0,2,0.04,2.0
2025-01-25 06:22:40,2,3,2,0.04,3.0
2025-01-25 06:27:37,3,6,3,0.06,3.0
2025-01-25 06:28:09,1,3,3,0.06,3.0
2025-01-25 06:32:08,2,3,3,0.06,4.0
2025-01-25 06:34:32,0,6,4,0.08,4.0
2025-01-25 06:37:48,2,3,4,0.08,3.0
2025-01-25 06:42:42,1,2,3,0.06,3.0
2025-01-25 06:46:58,1,3,3,0.06,2.0
2025-01-25 06:49:58,0,0,2,0.04,3.0
2025-01-25 06:54:55,2,5,3,0.06,3.0
2025-01-25 06:57:20,2,3,3,0.06,4.0
2025-01-25 06:59:17,3,6,4,0.08,5.0
2025-01-25 07:03:48,1,7,5,0.1,4.0
2025-01-25 07:04:57,0,0,4,0.08,3.0
2025-01-25 07:08:28,4,1,3,0.06,3.0
2025-01-25 07:12:26,4,4,3,0.06,3.0
2025-01-25 07:14:54,1,3,3,0.06,3.0
2025-01-25 07:15:47,3,3,3,0.06,4.0
2025-01-25 07:20:34,1,6,4,0.08,4.0
2025-01-25 07:22:35,1,3,4,0.08,5.0
2025-01-25 07:25:45,4,7,5,0.1,5.0
2025-01-25 07:28:43,3,4,5,0.1,4.0
2025-01-25 07:31:09,1,0,4,0.08,3.0
2025-01-25 07:32:31,2,2,3,0.06,3.0
2025-01-25 07:33:45,0,3,3,0.06,2.0
2025-01-25 07:38:39,4,1,2,0.04,2.0
2025-01-25 07:43:30,1,3,2,0.04,2.0
2025-01-25 07:47:53,1,1,2,0.04,1.0
2025-01-25 07:48:57,1,0,1,0.02,1.0
2025-01-25 07:52:43,0,0,1,0.02,2.0
2025-01-25 07:53:37,1,5,2,0.04,3.0
2025-01-25 07:57:28,4,5,3,0.06,4.0
2025-01-25 07:58:33,1,5,4,0.08,8.0
2025-01-25 08:02:45,3,18,8,0.16,10.0
2025-01-25 08:03:32,3,16,10,0.2,9.0
2025-01-25 08:07:09,3,6,9,0.18,11.0
2025-01-25 08:11:55,2,16,11,0.22,13.0
2025-01-25 08:14:46,3,18,13,0.26,13.0
2025-01-25 08:17:31,0,14,13,0.26,14.0
2025-01-25 08:19:19,4,18,14,0.28,13.0
2025-01-25 08:20:50,3,11,13,0.26,12.0
2025-01-25 08:23:28,2,10,12,0.24,13.0
2025-01-25 08:28:14,2,14,13,0.26,11.0
2025-01-25 08:32:15,2,7,11,0.22,11.0
2025-01-25 08:33:38,0,12,11,0.22,12.0
2025-01-25 08:37:02,3,15,12,0.24,12.0
2025-01-25 08:39:11,1,12,12,0.24,11.0
2025-01-25 08:40:19,0,10,11,0.22,11.0
2025-01-25 08:45:11,2,10,11,0.22,10.0
2025-01-25 08:48:10,0,9,10,0.2,12.0
2025-01-25 08:50:40,0,17,12,0.24,12.0
2025-01-25 08:54:07,4,12,12,0.24,11.0
2025-01-25 08:56:36,1,8,11,0.22,13.0
2025-01-25 08:58:17,0,17,13,0.26,13.0
2025-01-25 09:02:25,3,14,13,0.26,14.0
2025-01-25 09:04:57,2,15,14,0.28,14.0
2025-01-25 09:09:30,0,14,14,0.28,15.0
2025-01-25 09:11:14,3,17,15,0.3,12.0
2025-01-25 09:11:49,0,6,12,0.24,14.0
2025-01-25 09:12:39,0,19,14,0.28,13.0
2025-01-25 09:16:18,0,10,13,0.26,14.0
2025-01-25 09:20:32,2,16,14,0.28,13.0
2025-01-25 09:22:44,1,12,13,0.26,12.0
2025-01-25 09:24:52,1,9,12,0.24,13.0
2025-01-25 09:26:44,3,14,13,0.26,13.0
2025-01-25 09:30:14,3,14,13,0.26,15.0
2025-01-25 09:33:15,4,19,15,0.3,16.0
2025-01-25 09:34:40,4,18,16,0.32,15.0
2025-01-25 09:38:19,1,12,15,0.3,16.0
2025-01-25 09:39:10,1,17,16,0.32,16.0
2025-01-25 09:40:47,0,17,16,0.32,15.0
2025-01-25 09:44:21,4,13,15,0.3,16.0
2025-01-25 09:45:00,3,18,16,0.32,16.0
2025-01-25 09:46:35,1,15,16,0.32,14.0
2025-01-25 09:51:28,4,8,14,0.28,15.0
2025-01-25 09:55:42,1,18,15,0.3,16.0
2025-01-25 09:58:14,1,18,16,0.32,16.0
2025-01-25 09:59:21,3,16,16,0.32,14.0
2025-01-25 10:01:53,2,9,14,0.28,13.0
2025-01-25 10:04:58,0,10,13,0.26,12.0
2025-01-25 10:06:34,1,10,12,0.24,12.0
2025-01-25 10:09:16,0,11,12,0.24,13.0
2025-01-25 10:12:05,3,16,13,0.26,12.0
2025-01-25 10:13:56,4,9,12,0.24,11.0
2025-01-25 10:15:23,4,9,11,0.22,10.0
2025-01-25 10:18:21,1,7,10,0.2,12.0
2025-01-25 10:21:01,1,16,12,0.24,11.0
2025-01-25 10:22:39,3,10,11,0.22,12.0
2025-01-25 10:27:18,1,15,12,0.24,14.0
2025-01-25 10:30:44,1,18,14,0.28,15.0
2025-01-25 10:32:25,3,17,15,0.3,14.0
2025-01-25 10:33:11,3,11,14,0.28,14.0
2025-01-25 10:36:20,3,13,14,0.28,12.0
2025-01-25 10:37:59,3,6,12,0.24,12.0
2025-01-25 10:40:21,0,12,12,0.24,11.0
2025-01-25 10:44:42,3,9,11,0.22,13.0
2025-01-25 10:45:32,3,18,13,0.26,14.0
2025-01-25 10:48:16,3,15,14,0.28,14.0
2025-01-25 10:53:08,2,13,14,0.28,14.0
2025-01-25 10:55:28,4,13,14,0.28,13.0
2025-01-25 11:00:03,3,10,13,0.26,12.0
2025-01-25 11:00:40,3,8,12,0.24,13.0
2025-01-25 11:04:36,4,15,13,0.26,13.0
2025-01-25 11:08:19,4,12,13,0.26,12.0
2025-01-25 11:09:35,2,11,12,0.24,13.0
2025-01-25 11:14:06,2,14,13,0.26,11.0
2025-01-25 11:14:45,2,7,11,0.22,13.0
2025-01-25 11:17:25,0,19,13,0.26,13.0
2025-01-25 11:22:24,1,12,13,0.26,14.0
2025-01-25 11:23:54,0,15,14,0.28,15.0
2025-01-25 11:27:07,2,17,15,0.3,16.0
2025-01-25 11:27:49,1,19,16,0.32,14.0
2025-01-25 11:31:46,2,11,14,0.28,12.0
2025-01-25 11:36:21,4,6,12,0.24,13.0
2025-01-25 11:39:03,2,14,13,0.26,11.0
2025-01-25 11:43:36,2,7,11,0.22,11.0
2025-01-25 11:44:43,4,12,11,0.22,12.0
2025-01-25 11:46:08,4,15,12,0.24,12.0
2025-01-25 11:47:25,3,12,12,0.24,12.0
2025-01-25 11:49:39,0,11,12,0.24,13.0
2025-01-25 11:51:07,2,17,13,0.26,12.0
2025-01-25 11:52:53,0,9,12,0.24,13.0
2025-01-25 11:57:00,4,15,13,0.26,13.0
2025-01-25 11:58:24,1,13,13,0.26,12.0
2025-01-25 11:59:48,3,11,12,0.24,9.0
2025-01-25 12:02:26,3,2,9,0.18,6.0
2025-01-25 12:04:20,0,0,6,0.12,5.0
2025-01-25 12:08:23,1,2,5,0.1,5.0
2025-01-25 12:10:47,0,6,5,0.1,4.0
2025-01-25 12:12:05,2,0,4,0.08,3.0
2025-01-25 12:13:41,3,1,3,0.06,3.0
2025-01-25 12:16:19,2,4,3,0.06,2.0
2025-01-25 12:17:17,4,1,2,0.04,3.0
2025-01-25 12:18:19,2,6,3,0.06,3.0
2025-01-25 12:20:47,3,3,3,0.06,2.0
2025-01-25 12:24:16,1,1,2,0.04,2.0
2025-01-25 12:27:16,3,3,2,0.04,2.0
2025-01-25 12:29:58,1,2,2,0.04,3.0
2025-01-25 12:33:32,3,4,3,0.06,3.0
2025-01-25 12:36:15,1,4,3,0.06,4.0
2025-01-25 12:39:41,1,6,4,0.08,3.0
2025-01-25 12:40:32,3,0,3,0.06,4.0
2025-01-25 12:45:02,1,6,4,0.08,3.0
2025-01-25 12:46:48,3,1,3,0.06,2.0
2025-01-25 12:50:41,0,0,2,0.04,1.0
2025-01-25 12:51:14,0,0,1,0.02,2.0
2025-01-25 12:54:28,2,6,2,0.04,2.0
2025-01-25 12:57:05,3,3,2,0.04,2.0
2025-01-25 12:58:19,0,3,2,0.04,1.0
2025-01-25 13:02:26,1,0,1,0.02,1.0
2025-01-25 13:06:50,3,2,1,0.02,1.0
2025-01-25 13:09:35,3,2,1,0.02,1.0
2025-01-25 13:12:52,0,0,1,0.02,2.0
2025-01-25 13:17:18,4,3,2,0.04,3.0
2025-01-25 13:19:20,0,6,3,0.06,4.0
2025-01-25 13:19:54,1,7,4,0.08,4.0
2025-01-25 13:22:59,0,5,4,0.08,3.0
2025-01-25 13:27:33,2,1,3,0.06,4.0
2025-01-25 13:29:23,0,6,4,0.08,4.0
2025-01-25 13:33:59,0,5,4,0.08,4.0
2025-01-25 13:36:45,2,5,4,0.08,4.0
2025-01-25 13:38:17,1,5,4,0.08,4.0
2025-01-25 13:40:42,1,4,4,0.08,5.0
2025-01-25 13:43:04,3,7,5,0.1,4.0
2025-01-25 13:44:04,3,3,4,0.08,4.0
2025-01-25 13:44:40,2,5,4,0.08,3.0
2025-01-25 13:45:12,0,1,3,0.06,4.0
2025-01-25 13:49:44,3,5,4,0.08,3.0
2025-01-25 13:51:09,0,1,3,0.06,4.0
2025-01-25 13:52:51,1,7,4,0.08,3.0
2025-01-25 13:53:30,3,2,3,0.06,3.0
2025-01-25 13:55:00,3,4,3,0.06,3.0
2025-01-25 13:56:19,2,3,3,0.06,2.0
2025-01-25 13:58:50,3,0,2,0.04,1.0
2025-01-25 14:02:14,0,0,1,0.02,1.0
2025-01-25 14:02:44,3,2,1,0.02,2.0
2025-01-25 14:03:51,2,5,2,0.04,2.0
2025-01-25 14:07:30,4,2,2,0.04,3.0
2025-01-25 14:09:18,2,5,3,0.06,3.0
2025-01-25 14:12:57,0,4,3,0.06,4.0
2025-01-25 14:16:30,0,5,4,0.08,5.0
2025-01-25 14:18:06,1,7,5,0.1,5.0
2025-01-25 14:18:52,1,5,5,0.1,4.0
2025-01-25 14:22:50,3,0,4,0.08,3.0
2025-01-25 14:24:00,2,1,3,0.06,4.0
2025-01-25 14:26:24,1,5,4,0.08,4.0
2025-01-25 14:28:33,0,5,4,0.08,4.0
2025-01-25 14:31:21,0,3,4,0.08,5.0
2025-01-25 14:32:07,3,7,5,0.1,6.0
2025-01-25 14:33:50,1,7,6,0.12,5.0
2025-01-25 14:38:42,2,2,5,0.1,6.0
2025-01-25 14:39:27,0,7,6,0.12,6.0
2025-01-25 14:40:10,3,5,6,0.12,6.0
2025-01-25 14:40:43,1,7,6,0.12,6.0
2025-01-25 14:43:19,3,6,6,0.12,5.0
2025-01-25 14:43:54,3,3,5,0.1,5.0
2025-01-25 14:46:32,1,5,5,0.1,5.0
2025-01-25 14:50:53,3,5,5,0.1,5.0
2025-01-25 14:54:37,2,6,5,0.1,4.0
2025-01-25 14:56:11,4,0,4,0.08,5.0
2025-01-25 14:58:23,3,7,5,0.1,5.0
2025-01-25 15:01:30,2,6,5,0.1,5.0
2025-01-25 15:05:43,2,5,5,0.1,4.0
2025-01-25 15:09:14,0,0,4,0.08,4.0
2025-01-25 15:09:47,4,4,4,0.08,5.0
2025-01-25 15:13:51,4,6,5,0.1,4.0
2025-01-25 15:17:57,1,1,4,0.08,3.0
2025-01-25 15:21:55,0,2,3,0.06,3.0
2025-01-25 15:23:38,0,3,3,0.06,2.0
2025-01-25 15:27:54,2,1,2,0.04,2.0
2025-01-25 15:29:56,4,3,2,0.04,3.0
2025-01-25 15:31:30,1,4,3,0.06,3.0
2025-01-25 15:32:09,0,2,3,0.06,2.0
2025-01-25 15:34:04,0,1,2,0.04,2.0
2025-01-25 15:34:59,0,3,2,0.04,2.0
2025-01-25 15:39:06,2,3,2,0.04,2.0
2025-01-25 15:41:10,0,1,2,0.04,2.0
2025-01-25 15:45:43,2,2,2,0.04,1.0
2025-01-25 15:47:59,4,0,1,0.02,2.0
2025-01-25 15:52:36,4,5,2,0.04,2.0
2025-01-25 15:53:19,2,3,2,0.04,2.0
2025-01-25 15:56:29,1,1,2,0.04,2.0
2025-01-25 15:58:09,4,2,2,0.04,3.0
2025-01-25 16:01:10,2,5,3,0.06,4.0
2025-01-25 16:02:54,3,6,4,0.08,3.0
2025-01-25 16:06:58,0,2,3,0.06,3.0
2025-01-25 16:08:18,0,4,3,0.06,2.0
2025-01-25 16:11:10,2,0,2,0.04,3.0
2025-01-25 16:12:15,2,5,3,0.06,4.0
2025-01-25 16:15:31,1,5,4,0.08,4.0
2025-01-25 16:19:56,0,5,4,0.08,5.0
2025-01-25 16:24:45,2,7,5,0.1,6.0
2025-01-25 16:28:26,1,7,6,0.12,6.0
2025-01-25 16:32:17,0,6,6,0.12,4.0
2025-01-25 16:37:08,4,1,4,0.08,4.0
2025-01-25 16:40:42,0,3,4,0.08,3.0
2025-01-25 16:43:49,4,2,3,0.06,4.0
2025-01-25 16:48:24,1,7,4,0.08,4.0
2025-01-25 16:50:43,0,3,4,0.08,4.0
2025-01-25 16:52:51,4,3,4,0.08,5.0
2025-01-25 16:57:21,3,7,5,0.1,5.0
2025-01-25 17:01:12,4,6,5,0.1,8.0
2025-01-25 17:03:43,0,15,8,0.16,8.0
2025-01-25 17:06:09,0,9,8,0.16,10.0
2025-01-25 17:08:14,4,13,10,0.2,12.0
2025-01-25 17:12:37,1,17,12,0.24,14.0
2025-01-25 17:14:13,2,19,14,0.28,14.0
2025-01-25 17:18:20,0,15,14,0.28,12.0
2025-01-25 17:19:04,4,8,12,0.24,14.0
2025-01-25 17:23:12,3,19,14,0.28,14.0
2025-01-25 17:26:08,3,13,14,0.28,13.0
2025-01-25 17:29:09,0,10,13,0.26,14.0
2025-01-25 17:29:53,2,15,14,0.28,13.0
2025-01-25 17:31:46,0,10,13,0.26,13.0
2025-01-25 17:35:27,0,13,13,0.26,14.0
2025-01-25 17:36:37,4,16,14,0.28,14.0
2025-01-25 17:41:27,1,15,14,0.28,15.0
2025-01-25 17:44:12,3,18,15,0.3,14.0
2025-01-25 17:46:27,1,11,14,0.28,12.0
2025-01-25 17:47:03,4,9,12,0.24,14.0
2025-01-25 17:48:02,0,19,14,0.28,15.0
2025-01-25 17:50:37,0,18,15,0.3,14.0
2025-01-25 17:52:25,4,13,14,0.28,15.0
2025-01-25 17:54:01,3,17,15,0.3,14.0
2025-01-25 17:54:53,4,11,14,0.28,12.0
2025-01-25 17:58:31,4,6,12,0.24,10.0
2025-01-25 18:00:14,3,6,10,0.2,9.0
2025-01-25 18:00:48,1,8,9,0.18,9.0
2025-01-25 18:02:39,4,9,9,0.18,12.0
2025-01-25 18:03:33,0,18,12,0.24,10.0
2025-01-25 18:08:26,3,7,10,0.2,11.0
2025-01-25 18:08:57,1,12,11,0.22,12.0
2025-01-25 18:13:10,1,13,12,0.24,11.0
2025-01-25 18:14:51,0,9,11,0.22,13.0
2025-01-25 18:16:28,0,19,13,0.26,13.0
2025-01-25 18:18:31,0,12,13,0.26,14.0
2025-01-25 18:19:19,1,16,14,0.28,15.0
2025-01-25 18:21:56,0,16,15,0.3,16.0
2025-01-25 18:23:47,3,19,16,0.32,16.0
2025-01-25 18:28:30,3,15,16,0.32,17.0
2025-01-25 18:32:40,1,18,17,0.34,17.0
2025-01-25 18:34:46,0,17,17,0.34,14.0
2025-01-25 18:36:07,3,8,14,0.28,13.0
2025-01-25 18:39:31,4,12,13,0.26,11.0
2025-01-25 18:43:02,4,6,11,0.22,11.0
2025-01-25 18:45:26,2,11,11,0.22,13.0
2025-01-25 18:45:56,3,18,13,0.26,12.0
2025-01-25 18:47:28,3,11,12,0.24,10.0
2025-01-25 18:52:05,2,6,10,0.2,12.0
2025-01-25 18:56:25,1,16,12,0.24,12.0
2025-01-25 19:00:40,1,12,12,0.24,11.0
2025-01-25 19:01:28,4,9,11,0.22,13.0
2025-01-25 19:02:28,4,19,13,0.26,13.0
2025-01-25 19:04:58,2,14,13,0.26,14.0
2025-01-25 19:05:51,4,17,14,0.28,12.0
2025-01-25 19:09:51,3,7,12,0.24,10.0
2025-01-25 19:13:01,3,6,10,0.2,12.0
2025-01-25 19:17:45,0,18,12,0.24,12.0
2025-01-25 19:19:13,1,11,12,0.24,13.0
2025-01-25 19:21:36,4,15,13,0.26,13.0
2025-01-25 19:24:45,1,14,13,0.26,11.0
2025-01-25 19:28:54,3,6,11,0.22,12.0
2025-01-25 19:32:12,2,16,12,0.24,13.0
2025-01-25 19:32:53,1,16,13,0.26,14.0
2025-01-25 19:37:24,2,18,14,0.28,13.0
2025-01-25 19:40:12,4,11,13,0.26,13.0
2025-01-25 19:42:18,2,12,13,0.26,13.0
2025-01-25 19:45:14,3,13,13,0.26,13.0
2025-01-25 19:48:45,2,13,13,0.26,13.0
2025-01-25 19:50:11,4,13,13,0.26,14.0
2025-01-25 19:51:22,3,15,14,0.28,15.0
2025-01-25 19:55:10,0,18,15,0.3,13.0
2025-01-25 19:56:10,3,8,13,0.26,14.0
2025-01-25 19:59:39,0,15,14,0.28,15.0
2025-01-25 20:00:10,3,16,15,0.3,16.0
2025-01-25 20:02:57,4,19,16,0.32,14.0
2025-01-25 20:05:11,3,8,14,0.28,15.0
2025-01-25 20:09:18,3,16,15,0.3,14.0
2025-01-25 20:13:29,2,10,14,0.28,13.0
2025-01-25 20:15:43,3,12,13,0.26,13.0
2025-01-25 20:18:19,0,12,13,0.26,11.0
2025-01-25 20:23:13,3,7,11,0.22,12.0
2025-01-25 20:27:02,3,13,12,0.24,13.0
2025-01-25 20:31:43,2,17,13,0.26,15.0
2025-01-25 20:32:27,1,19,15,0.3,14.0
2025-01-25 20:36:42,2,11,14,0.28,15.0
2025-01-25 20:38:56,3,17,15,0.3,13.0
2025-01-25 20:43:18,0,7,13,0.26,12.0
2025-01-25 20:47:26,0,8,12,0.24,14.0
2025-01-25 20:52:16,3,19,14,0.28,15.0
2025-01-25 20:55:55,4,17,15,0.3,16.0
2025-01-25 20:59:42,0,18,16,0.32,14.0
2025-01-25 21:00:50,1,10,14,0.28,16.0
2025-01-25 21:04:01,0,19,16,0.32,14.0
2025-01-25 21:06:31,4,11,14,0.28,13.0
2025-01-25 21:11:22,1,10,13,0.26,12.0
2025-01-25 21:15:27,1,11,12,0.24,12.0
2025-01-25 21:16:45,0,12,12,0.24,13.0
2025-01-25 21:18:46,1,16,13,0.26,12.0
2025-01-25 21:21:24,0,10,12,0.24,11.0
2025-01-25 21:22:21,0,8,11,0.22,11.0
2025-01-25 21:25:18,2,10,11,0.22,10.0
2025-01-25 21:26:52,1,8,10,0.2,10.0
2025-01-25 21:30:59,4,9,10,0.2,10.0
2025-01-25 21:32:19,4,9,10,0.2,11.0
2025-01-25 21:34:02,3,14,11,0.22,11.0
2025-01-25 21:37:50,2,12,11,0.22,12.0
2025-01-25 21:41:31,4,15,12,0.24,13.0
2025-01-25 21:45:09,4,15,13,0.26,15.0
2025-01-25 21:45:50,2,19,15,0.3,15.0
2025-01-25 21:50:18,2,16,15,0.3,13.0
2025-01-25 21:52:08,2,8,13,0.26,15.0
2025-01-25 21:57:07,1,19,15,0.3,12.0
2025-01-25 21:58:24,3,6,12,0.24,9.0
2025-01-25 22:02:22,3,1,9,0.18,6.0
2025-01-25 22:03:26,4,0,6,0.12,6.0
2025-01-25 22:05:54,0,6,6,0.12,4.0
2025-01-25 22:07:28,4,0,4,0.08,4.0
2025-01-25 22:11:59,2,3,4,0.08,5.0
2025-01-25 22:13:04,4,7,5,0.1,5.0
2025-01-25 22:17:45,0,4,5,0.1,5.0
2025-01-25 22:22:17,1,4,5,0.1,5.0
2025-01-25 22:23:28,2,6,5,0.1,6.0
2025-01-25 22:25:06,0,7,6,0.12,5.0
2025-01-25 22:27:22,3,3,5,0.1,4.0
2025-01-25 22:28:30,3,3,4,0.08,4.0
2025-01-25 22:30:08,0,3,4,0.08,3.0
2025-01-25 22:33:37,1,1,3,0.06,3.0
2025-01-25 22:34:18,1,3,3,0.06,3.0
2025-01-25 22:38:11,1,2,3,0.06,4.0
2025-01-25 22:39:16,4,6,4,0.08,4.0
2025-01-25 22:41:51,4,3,4,0.08,4.0
2025-01-25 22:43:23,3,4,4,0.08,4.0
2025-01-25 22:45:14,0,5,4,0.08,4.0
2025-01-25 22:46:17,1,5,4,0.08,4.0
2025-01-25 22:50:46,2,5,4,0.08,4.0
2025-01-25 22:52:52,0,5,4,0.08,5.0
2025-01-25 22:54:10,2,7,5,0.1,5.0
2025-01-25 22:57:05,3,5,5,0.1,4.0
2025-01-25 22:59:39,0,1,4,0.08,4.0
2025-01-25 23:03:17,0,3,4,0.08,4.0
2025-01-25 23:04:43,1,4,4,0.08,3.0
2025-01-25 23:07:01,3,1,3,0.06,3.0
2025-01-25 23:07:35,3,3,3,0.06,2.0
2025-01-25 23:08:28,4,1,2,0.04,2.0
2025-01-25 23:12:38,3,1,2,0.04,2.0
2025-01-25 23:13:17,4,2,2,0.04,2.0
2025-01-25 23:16:31,2,1,2,0.04,4.0
2025-01-25 23:20:35,4,7,4,0.08,5.0
2025-01-25 23:23:10,1,6,5,0.1,5.0
2025-01-25 23:28:06,3,6,5,0.1,4.0
2025-01-25 23:30:03,4,1,4,0.08,4.0
2025-01-25 23:32:26,0,3,4,0.08,5.0
2025-01-25 23:33:16,2,7,5,0.1,5.0
2025-01-25 23:36:13,3,5,5,0.1,4.0
2025-01-25 23:40:47,4,3,4,0.08,4.0
2025-01-25 23:45:42,4,5,4,0.08,3.0
2025-01-25 23:49:48,4,2,3,0.06,3.0
2025-01-25 23:54:17,2,3,3,0.06,4.0
2025-01-25 23:58:38,2,6,4,0.08,3.0
2025-01-26 00:02:59,3,1,3,0.06,3.0
2025-01-26 00:07:30,4,3,3,0.06,3.0
2025-01-26 00:11:09,4,3,3,0.06,4.0
2025-01-26 00:15:27,3,6,4,0.08,4.0
2025-01-26 00:17:02,1,5,4,0.08,4.0
2025-01-26 00:22:00,1,3,4,0.08,5.0
2025-01-26 00:25:58,3,6,5,0.1,6.0
2025-01-26 00:26:43,3,7,6,0.12,4.0
2025-01-26 00:30:52,3,0,4,0.08,3.0
2025-01-26 00:35:38,2,1,3,0.06,2.0
2025-01-26 00:40:35,3,1,2,0.04,3.0
2025-01-26 00:44:53,0,4,3,0.06,3.0
2025-01-26 00:47:21,0,4,3,0.06,2.0
2025-01-26 00:50:48,4,0,2,0.04,3.0
2025-01-26 00:51:37,3,5,3,0.06,2.0
2025-01-26 00:52:42,4,1,2,0.04,2.0
2025-01-26 00:54:59,0,2,2,0.04,4.0
2025-01-26 00:58:37,1,7,4,0.08,5.0
2025-01-26 01:02:04,2,6,5,0.1,4.0
2025-01-26 01:04:09,3,1,4,0.08,3.0
2025-01-26 01:04:58,4,2,3,0.06,2.0
2025-01-26 01:08:11,4,1,2,0.04,3.0
2025-01-26 01:10:17,1,4,3,0.06,2.0
2025-01-26 01:13:09,0,1,2,0.04,1.0
2025-01-26 01:14:40,2,0,1,0.02,2.0
2025-01-26 01:19:11,2,6,2,0.04,2.0
2025-01-26 01:23:38,0,2,2,0.04,3.0
2025-01-26 01:26:18,3,4,3,0.06,3.0
2025-01-26 01:28:20,1,3,3,0.06,2.0
2025-01-26 01:30:20,1,0,2,0.04,4.0
2025-01-26 01:33:02,3,7,4,0.08,3.0
2025-01-26 01:35:34,0,1,3,0.06,4.0
2025-01-26 01:38:01,0,7,4,0.08,3.0
2025-01-26 01:41:48,3,0,3,0.06,2.0
2025-01-26 01:42:18,2,0,2,0.04,2.0
2025-01-26 01:46:18,0,2,2,0.04,2.0
2025-01-26 01:51:10,0,2,2,0.04,2.0
2025-01-26 01:55:11,2,3,2,0.04,2.0
2025-01-26 01:57:07,2,3,2,0.04,3.0
2025-01-26 02:00:09,4,4,3,0.06,4.0
2025-01-26 02:03:45,3,5,4,0.08,3.0
2025-01-26 02:05:15,4,2,3,0.06,4.0
2025-01-26 02:07:19,0,7,4,0.08,3.0
2025-01-26 02:08:29,4,1,3,0.06,4.0
2025-01-26 02:11:25,4,6,4,0.08,3.0
2025-01-26 02:16:00,4,0,3,0.06,4.0
2025-01-26 02:18:41,4,7,4,0.08,4.0
2025-01-26 02:21:13,2,4,4,0.08,4.0
2025-01-26 02:24:05,4,5,4,0.08,3.0
2025-01-26 02:27:36,2,1,3,0.06,4.0
2025-01-26 02:31:17,2,6,4,0.08,4.0
2025-01-26 02:35:13,4,3,4,0.08,5.0
2025-01-26 02:39:33,1,7,5,0.1,4.0
2025-01-26 02:40:24,3,1,4,0.08,3.0
2025-01-26 02:42:13,2,1,3,0.06,2.0
2025-01-26 02:44:52,2,0,2,0.04,3.0
2025-01-26 02:46:16,0,5,3,0.06,2.0
2025-01-26 02:47:51,4,1,2,0.04,3.0
2025-01-26 02:52:07,0,6,3,0.06,3.0
2025-01-26 02:53:02,2,2,3,0.06,4.0
2025-01-26 02:57:44,2,5,4,0.08,5.0
2025-01-26 03:01:30,2,6,5,0.1,4.0
2025-01-26 03:04:09,1,3,4,0.08,5.0
2025-01-26 03:08:41,4,7,5,0.1,5.0
2025-01-26 03:12:42,3,5,5,0.1,4.0
2025-01-26 03:16:21,0,1,4,0.08,4.0
2025-01-26 03:20:36,3,3,4,0.08,4.0
2025-01-26 03:25:11,3,3,4,0.08,3.0
2025-01-26 03:26:36,2,0,3,0.06,4.0
2025-01-26 03:28:00,3,6,4,0.08,3.0
2025-01-26 03:31:02,2,1,3,0.06,2.0
2025-01-26 03:32:24,4,0,2,0.04,4.0
2025-01-26 03:34:44,0,7,4,0.08,4.0
2025-01-26 03:38:37,1,4,4,0.08,4.0
2025-01-26 03:40:58,3,4,4,0.08,3.0
2025-01-26 03:45:45,2,2,3,0.06,3.0
2025-01-26 03:46:30,2,3,3,0.06,2.0
2025-01-26 03:49:45,3,0,2,0.04,2.0
2025-01-26 03:52:52,2,3,2,0.04,3.0
2025-01-26 03:57:30,4,6,3,0.06,4.0
2025-01-26 04:01:00,1,6,4,0.08,5.0
2025-01-26 04:04:40,4,6,5,0.1,4.0
2025-01-26 04:07:28,3,0,4,0.08,4.0
2025-01-26 04:09:15,0,3,4,0.08,3.0
2025-01-26 04:10:34,3,1,3,0.06,3.0
2025-01-26 04:12:28,0,4,3,0.06,3.0
2025-01-26 04:16:00,4,3,3,0.06,2.0
2025-01-26 04:19:32,0,0,2,0.04,1.0
2025-01-26 04:20:05,1,0,1,0.02,1.0
2025-01-26 04:22:25,2,0,1,0.02,1.0
2025-01-26 04:27:05,0,2,1,0.02,2.0
2025-01-26 04:29:47,2,3,2,0.04,3.0
2025-01-26 04:31:56,4,4,3,0.06,3.0
2025-01-26 04:35:17,4,3,3,0.06,4.0
2025-01-26 04:37:45,3,5,4,0.08,4.0
2025-01-26 04:41:09,0,4,4,0.08,5.0
2025-01-26 04:42:08,4,6,5,0.1,5.0
2025-01-26 04:43:32,0,6,5,0.1,5.0
2025-01-26 04:47:17,4,4,5,0.1,5.0
2025-01-26 04:48:27,0,4,5,0.1,6.0
2025-01-26 04:51:49,4,7,6,0.12,5.0
2025-01-26 04:55:57,1,4,5,0.1,6.0
2025-01-26 04:59:54,0,7,6,0.12,6.0
2025-01-26 05:03:01,2,5,6,0.12,6.0
2025-01-26 05:07:18,3,6,6,0.12,6.0
2025-01-26 05:09:12,1,6,6,0.12,6.0
2025-01-26 05:12:34,4,5,6,0.12,5.0
2025-01-26 05:17:08,2,2,5,0.1,5.0
2025-01-26 05:20:30,4,4,5,0.1,4.0
2025-01-26 05:24:31,0,1,4,0.08,3.0
2025-01-26 05:26:24,0,1,3,0.06,3.0
2025-01-26 05:29:46,3,2,3,0.06,3.0
2025-01-26 05:33:18,1,4,3,0.06,3.0
2025-01-26 05:36:00,1,2,3,0.06,4.0
2025-01-26 05:40:51,0,5,4,0.08,4.0
2025-01-26 05:45:49,0,4,4,0.08,4.0
2025-01-26 05:49:35,0,5,4,0.08,5.0
2025-01-26 05:50:29,0,7,5,0.1,5.0
2025-01-26 05:53:19,2,5,5,0.1,5.0
2025-01-26 05:57:31,3,4,5,0.1,6.0
2025-01-26 05:58:20,1,7,6,0.12,6.0
2025-01-26 06:02:56,0,7,6,0.12,6.0
2025-01-26 06:06:46,4,7,6,0.12,4.0
2025-01-26 06:09:10,4,1,4,0.08,4.0
2025-01-26 06:12:48,1,5,4,0.08,4.0
2025-01-26 06:13:43,3,4,4,0.08,5.0
2025-01-26 06:15:06,4,6,5,0.1,5.0
2025-01-26 06:18:25,4,6,5,0.1,5.0
2025-01-26 06:19:05,0,6,5,0.1,5.0
2025-01-26 06:20:01,0,6,5,0.1,4.0
2025-01-26 06:21:53,4,0,4,0.08,5.0
2025-01-26 06:23:00,3,7,5,0.1,4.0
2025-01-26 06:24:56,0,1,4,0.08,3.0
2025-01-26 06:28:01,4,2,3,0.06,3.0
2025-01-26 06:31:36,3,3,3,0.06,2.0
2025-01-26 06:35:07,0,0,2,0.04,3.0
2025-01-26 06:37:59,2,5,3,0.06,3.0
2025-01-26 06:41:54,0,2,3,0.06,2.0
2025-01-26 06:44:45,0,1,2,0.04,1.0
2025-01-26 06:48:19,3,0,1,0.02,1.0
2025-01-26 06:52:49,0,0,1,0.02,1.0
2025-01-26 06:53:26,1,0,1,0.02,2.0
2025-01-26 06:55:07,4,3,2,0.04,4.0
2025-01-26 06:57:11,4,7,4,0.08,4.0
2025-01-26 07:00:17,4,4,4,0.08,4.0
2025-01-26 07:01:27,0,3,4,0.08,4.0
2025-01-26 07:06:25,0,4,4,0.08,5.0
2025-01-26 07:09:29,4,6,5,0.1,4.0
2025-01-26 07:12:32,0,1,4,0.08,4.0
2025-01-26 07:13:54,1,3,4,0.08,5.0
2025-01-26 07:17:22,1,7,5,0.1,4.0
2025-01-26 07:21:51,1,3,4,0.08,5.0
2025-01-26 07:24:37,0,6,5,0.1,4.0
2025-01-26 07:29:21,2,2,4,0.08,4.0
2025-01-26 07:33:34,4,4,4,0.08,3.0
2025-01-26 07:37:03,3,0,3,0.06,2.0
2025-01-26 07:40:34,4,0,2,0.04,2.0
2025-01-26 07:45:22,0,1,2,0.04,1.0
2025-01-26 07:49:54,3,0,1,0.02,2.0
2025-01-26 07:51:59,0,4,2,0.04,2.0
2025-01-26 07:55:45,1,1,2,0.04,2.0
2025-01-26 07:56:28,4,2,2,0.04,2.0
2025-01-26 07:58:57,3,1,2,0.04,5.0
2025-01-26 08:03:55,4,11,5,0.1,6.0
2025-01-26 08:07:15,0,7,6,0.12,10.0
2025-01-26 08:08:56,1,18,10,0.2,11.0
2025-01-26 08:12:24,0,13,11,0.22,12.0
2025-01-26 08:15:43,4,16,12,0.24,11.0
2025-01-26 08:18:51,1,10,11,0.22,12.0
2025-01-26 08:21:54,3,16,12,0.24,10.0
2025-01-26 08:23:45,1,7,10,0.2,12.0
2025-01-26 08:25:11,3,17,12,0.24,13.0
2025-01-26 08:25:47,3,17,13,0.26,13.0
2025-01-26 08:28:08,3,12,13,0.26,13.0
2025-01-26 08:29:25,0,14,13,0.26,14.0
2025-01-26 08:31:14,2,17,14,0.28,13.0
2025-01-26 08:32:16,2,11,13,0.26,12.0
2025-01-26 08:34:40,0,9,12,0.24,13.0
2025-01-26 08:35:12,0,16,13,0.26,13.0
2025-01-26 08:35:45,1,12,13,0.26,13.0
2025-01-26 08:40:34,0,12,13,0.26,14.0
2025-01-26 08:41:45,4,17,14,0.28,14.0
2025-01-26 08:42:23,3,13,14,0.28,14.0
2025-01-26 08:45:17,0,15,14,0.28,12.0
2025-01-26 08:47:23,3,8,12,0.24,14.0
2025-01-26 08:50:14,2,19,14,0.28,14.0
2025-01-26 08:51:10,1,14,14,0.28,13.0
2025-01-26 08:52:22,3,12,13,0.26,12.0
2025-01-26 08:55:02,3,8,12,0.24,12.0
2025-01-26 08:59:07,3,11,12,0.24,11.0
2025-01-26 09:01:10,1,8,11,0.22,10.0
2025-01-26 09:01:47,1,9,10,0.2,9.0
2025-01-26 09:03:42,0,7,9,0.18,12.0
2025-01-26 09:06:29,2,19,12,0.24,10.0
2025-01-26 09:11:04,4,6,10,0.2,11.0
2025-01-26 09:11:54,0,12,11,0.22,13.0
2025-01-26 09:16:48,3,17,13,0.26,12.0
2025-01-26 09:19:45,4,9,12,0.24,10.0
2025-01-26 09:23:18,3,7,10,0.2,11.0
2025-01-26 09:27:34,0,13,11,0.22,12.0
2025-01-26 09:28:39,0,15,12,0.24,10.0
2025-01-26 09:33:14,3,6,10,0.2,9.0
2025-01-26 09:34:56,4,6,9,0.18,12.0
2025-01-26 09:37:55,1,19,12,0.24,13.0
2025-01-26 09:38:25,3,17,13,0.26,13.0
2025-01-26 09:40:03,0,12,13,0.26,13.0
2025-01-26 09:44:22,2,14,13,0.26,12.0
2025-01-26 09:48:22,3,8,12,0.24,12.0
2025-01-26 09:50:03,3,12,12,0.24,13.0
2025-01-26 09:52:08,4,14,13,0.26,14.0
2025-01-26 09:54:01,0,18,14,0.28,13.0
2025-01-26 09:58:18,2,12,13,0.26,13.0
2025-01-26 10:02:43,2,13,13,0.26,12.0
2025-01-26 10:06:54,3,10,12,0.24,10.0
2025-01-26 10:11:06,3,6,10,0.2,9.0
2025-01-26 10:15:16,4,8,9,0.18,9.0
2025-01-26 10:19:21,2,9,9,0.18,11.0
2025-01-26 10:23:41,2,16,11,0.22,13.0
2025-01-26 10:26:59,1,17,13,0.26,14.0
2025-01-26 10:28:10,2,18,14,0.28,15.0
2025-01-26 10:32:57,0,17,15,0.3,16.0
2025-01-26 10:36:42,4,19,16,0.32,13.0
2025-01-26 10:38:47,0,6,13,0.26,12.0
2025-01-26 10:39:30,3,11,12,0.24,14.0
2025-01-26 10:41:52,1,19,14,0.28,12.0
2025-01-26 10:43:38,3,9,12,0.24,14.0
2025-01-26 10:46:47,3,18,14,0.28,14.0
2025-01-26 10:49:15,4,13,14,0.28,12.0
2025-01-26 10:52:25,4,8,12,0.24,11.0
2025-01-26 10:55:20,2,9,11,0.22,12.0
2025-01-26 10:58:32,1,16,12,0.24,14.0
2025-01-26 11:02:00,3,19,14,0.28,14.0
2025-01-26 11:03:58,3,14,14,0.28,12.0
2025-01-26 11:08:10,1,6,12,0.24,13.0
2025-01-26 11:13:05,1,17,13,0.26,11.0
2025-01-26 11:17:33,4,6,11,0.22,11.0
2025-01-26 11:18:36,3,12,11,0.22,12.0
2025-01-26 11:21:52,2,16,12,0.24,13.0
2025-01-26 11:24:26,4,15,13,0.26,12.0
2025-01-26 11:28:39,2,8,12,0.24,11.0
2025-01-26 11:31:38,2,9,11,0.22,11.0
2025-01-26 11:35:16,0,12,11,0.22,12.0
2025-01-26 11:36:28,2,15,12,0.24,11.0
2025-01-26 11:37:26,0,9,11,0.22,12.0
2025-01-26 11:39:55,2,13,12,0.24,13.0
2025-01-26 11:40:55,1,15,13,0.26,13.0
2025-01-26 11:44:25,1,12,13,0.26,14.0
2025-01-26 11:47:36,0,16,14,0.28,13.0
2025-01-26 11:50:13,1,10,13,0.26,13.0
2025-01-26 11:54:57,3,14,13,0.26,12.0
2025-01-26 11:59:40,0,9,12,0.24,9.0
2025-01-26 12:02:19,3,3,9,0.18,7.0
2025-01-26 12:03:00,2,1,7,0.14,5.0
2025-01-26 12:04:04,2,2,5,0.1,4.0
2025-01-26 12:07:51,0,2,4,0.08,5.0
2025-01-26 12:12:28,1,6,5,0.1,4.0
2025-01-26 12:14:47,3,0,4,0.08,5.0
2025-01-26 12:19:21,1,7,5,0.1,5.0
2025-01-26 12:24:00,2,4,5,0.1,5.0
2025-01-26 12:27:12,3,5,5,0.1,4.0
2025-01-26 12:28:29,2,2,4,0.08,3.0
2025-01-26 12:30:09,4,2,3,0.06,3.0
2025-01-26 12:32:52,2,3,3,0.06,3.0
2025-01-26 12:37:20,1,2,3,0.06,3.0
2025-01-26 12:38:57,1,2,3,0.06,3.0
2025-01-26 12:39:58,3,3,3,0.06,3.0
2025-01-26 12:42:30,1,3,3,0.06,4.0
2025-01-26 12:43:21,4,5,4,0.08,5.0
2025-01-26 12:46:25,4,6,5,0.1,5.0
2025-01-26 12:48:44,2,6,5,0.1,4.0
2025-01-26 12:53:44,0,3,4,0.08,4.0
2025-01-26 12:56:08,2,5,4,0.08,4.0
2025-01-26 13:00:17,4,5,4,0.08,4.0
2025-01-26 13:04:36,3,4,4,0.08,3.0
2025-01-26 13:09:17,2,1,3,0.06,2.0
2025-01-26 13:13:55,4,1,2,0.04,3.0
2025-01-26 13:14:33,3,6,3,0.06,3.0
2025-01-26 13:15:36,3,4,3,0.06,4.0
2025-01-26 13:19:53,0,5,4,0.08,3.0
2025-01-26 13:21:35,2,1,3,0.06,3.0
2025-01-26 13:25:36,0,3,3,0.06,4.0
2025-01-26 13:27:17,0,5,4,0.08,5.0
2025-01-26 13:28:44,1,7,5,0.1,5.0
2025-01-26 13:32:53,3,5,5,0.1,4.0
2025-01-26 13:37:31,2,2,4,0.08,3.0
2025-01-26 13:38:16,4,2,3,0.06,4.0
2025-01-26 13:40:00,4,7,4,0.08,4.0
2025-01-26 13:42:15,2,3,4,0.08,3.0
2025-01-26 13:45:00,2,0,3,0.06,3.0
2025-01-26 13:46:43,2,3,3,0.06,2.0
2025-01-26 13:51:26,2,1,2,0.04,4.0
2025-01-26 13:52:13,0,7,4,0.08,4.0
2025-01-26 13:53:25,3,3,4,0.08,3.0
2025-01-26 13:54:44,3,0,3,0.06,3.0
2025-01-26 13:55:16,3,2,3,0.06,3.0
2025-01-26 13:59:37,3,2,3,0.06,4.0
2025-01-26 14:03:45,2,5,4,0.08,3.0
2025-01-26 14:05:13,0,2,3,0.06,2.0
2025-01-26 14:06:46,4,0,2,0.04,1.0
2025-01-26 14:08:25,2,0,1,0.02,2.0
2025-01-26 14:11:16,2,6,2,0.04,2.0
2025-01-26 14:15:07,3,3,2,0.04,3.0
2025-01-26 14:19:03,2,4,3,0.06,4.0
2025-01-26 14:23:13,4,7,4,0.08,3.0
2025-01-26 14:27:48,0,2,3,0.06,3.0
2025-01-26 14:29:38,4,3,3,0.06,2.0
2025-01-26 14:34:18,2,1,2,0.04,1.0
2025-01-26 14:35:38,1,0,1,0.02,1.0
2025-01-26 14:39:31,0,0,1,0.02,1.0
2025-01-26 14:40:25,0,2,1,0.02,3.0
2025-01-26 14:41:35,4,7,3,0.06,2.0
2025-01-26 14:43:13,0,1,2,0.04,4.0
2025-01-26 14:43:46,0,7,4,0.08,4.0
2025-01-26 14:48:15,3,3,4,0.08,4.0
2025-01-26 14:49:15,3,4,4,0.08,3.0
2025-01-26 14:51:41,0,0,3,0.06,2.0
2025-01-26 14:55:25,3,1,2,0.04,2.0
2025-01-26 14:57:24,3,2,2,0.04,1.0
2025-01-26 15:00:51,1,0,1,0.02,2.0
2025-01-26 15:03:45,1,3,2,0.04,2.0
2025-01-26 15:07:36,4,3,2,0.04,1.0
2025-01-26 15:11:28,0,0,1,0.02,3.0
2025-01-26 15:12:21,2,7,3,0.06,2.0
2025-01-26 15:14:35,2,0,2,0.04,4.0
2025-01-26 15:16:04,0,7,4,0.08,5.0
2025-01-26 15:16:48,3,6,5,0.1,6.0
2025-01-26 15:18:42,3,7,6,0.12,5.0
2025-01-26 15:22:28,3,4,5,0.1,5.0
2025-01-26 15:26:52,1,6,5,0.1,5.0
2025-01-26 15:31:44,3,6,5,0.1,4.0
2025-01-26 15:32:19,4,2,4,0.08,4.0
2025-01-26 15:33:46,1,5,4,0.08,5.0
2025-01-26 15:36:40,1,6,5,0.1,4.0
2025-01-26 15:37:51,2,0,4,0.08,4.0
2025-01-26 15:41:40,3,5,4,0.08,4.0
2025-01-26 15:45:03,0,3,4,0.08,4.0
2025-01-26 15:47:07,1,3,4,0.08,4.0
2025-01-26 15:51:13,3,3,4,0.08,3.0
2025-01-26 15:53:33,2,1,3,0.06,4.0
2025-01-26 15:57:02,2,5,4,0.08,3.0
2025-01-26 16:00:14,1,1,3,0.06,4.0
2025-01-26 16:02:42,4,5,4,0.08,4.0
2025-01-26 16:06:59,3,4,4,0.08,4.0
2025-01-26 16:09:53,3,5,4,0.08,4.0
2025-01-26 16:12:44,3,4,4,0.08,3.0
2025-01-26 16:15:15,2,2,3,0.06,4.0
2025-01-26 16:19:30,0,6,4,0.08,4.0
2025-01-26 16:24:16,2,4,4,0.08,5.0
2025-01-26 16:27:30,0,6,5,0.1,6.0
2025-01-26 16:31:40,1,7,6,0.12,6.0
2025-01-26 16:33:18,2,6,6,0.12,4.0
2025-01-26 16:37:31,3,0,4,0.08,5.0
2025-01-26 16:40:04,0,6,5,0.1,4.0
2025-01-26 16:40:45,3,2,4,0.08,5.0
2025-01-26 16:42:06,3,6,5,0.1,4.0
2025-01-26 16:44:44,0,0,4,0.08,3.0
2025-01-26 16:47:28,3,2,3,0.06,3.0
2025-01-26 16:50:22,0,4,3,0.06,3.0
2025-01-26 16:52:58,4,4,3,0.06,4.0
2025-01-26 16:57:13,3,6,4,0.08,3.0
2025-01-26 16:58:53,4,2,3,0.06,7.0
2025-01-26 17:02:29,0,16,7,0.14,8.0
2025-01-26 17:03:01,1,9,8,0.16,8.0
2025-01-26 17:03:52,1,9,8,0.16,9.0
2025-01-26 17:07:07,0,11,9,0.18,9.0
2025-01-26 17:11:42,0,8,9,0.18,11.0
2025-01-26 17:16:05,1,17,11,0.22,11.0
2025-01-26 17:19:12,1,11,11,0.22,13.0
2025-01-26 17:22:12,3,17,13,0.26,13.0
2025-01-26 17:26:14,4,14,13,0.26,11.0
2025-01-26 17:30:21,3,7,11,0.22,11.0
2025-01-26 17:34:56,0,12,11,0.22,11.0
2025-01-26 17:37:56,2,10,11,0.22,10.0
2025-01-26 17:41:41,4,9,10,0.2,9.0
2025-01-26 17:42:31,2,8,9,0.18,10.0
2025-01-26 17:47:17,0,13,10,0.2,9.0
2025-01-26 17:48:03,3,7,9,0.18,9.0
2025-01-26 17:49:23,2,10,9,0.18,12.0
2025-01-26 17:54:22,1,19,12,0.24,13.0
2025-01-26 17:56:14,3,16,13,0.26,12.0
2025-01-26 17:58:47,0,9,12,0.24,11.0
2025-01-26 18:03:38,3,9,11,0.22,10.0
2025-01-26 18:04:56,1,9,10,0.2,12.0
2025-01-26 18:05:31,4,18,12,0.24,14.0
2025-01-26 18:07:57,3,19,14,0.28,13.0
2025-01-26 18:10:24,3,10,13,0.26,12.0
2025-01-26 18:15:16,4,10,12,0.24,12.0
2025-01-26 18:17:54,2,11,12,0.24,14.0
2025-01-26 18:21:14,1,19,14,0.28,15.0
2025-01-26 18:22:10,2,16,15,0.3,16.0
2025-01-26 18:25:58,0,18,16,0.32,13.0
2025-01-26 18:28:04,1,6,13,0.26,14.0
2025-01-26 18:28:50,4,17,14,0.28,14.0
2025-01-26 18:32:12,1,13,14,0.28,12.0
2025-01-26 18:34:22,4,8,12,0.24,11.0
2025-01-26 18:37:57,1,8,11,0.22,10.0
2025-01-26 18:41:30,1,6,10,0.2,13.0
2025-01-26 18:45:34,4,19,13,0.26,13.0
2025-01-26 18:50:14,4,13,13,0.26,12.0
2025-01-26 18:54:19,0,9,12,0.24,14.0
2025-01-26 18:55:17,0,18,14,0.28,13.0
2025-01-26 18:57:28,0,10,13,0.26,12.0
2025-01-26 19:00:00,1,11,12,0.24,13.0
2025-01-26 19:01:23,2,14,13,0.26,15.0
2025-01-26 19:03:34,1,19,15,0.3,16.0
2025-01-26 19:06:00,4,18,16,0.32,14.0
2025-01-26 19:08:13,2,9,14,0.28,16.0
2025-01-26 19:09:27,3,19,16,0.32,15.0
2025-01-26 19:11:50,1,12,15,0.3,16.0
2025-01-26 19:12:50,1,17,16,0.32,14.0
2025-01-26 19:16:03,0,9,14,0.28,14.0
2025-01-26 19:19:41,1,13,14,0.28,14.0
2025-01-26 19:23:25,0,15,14,0.28,12.0
2025-01-26 19:28:15,2,6,12,0.24,12.0
2025-01-26 19:32:11,0,12,12,0.24,13.0
2025-01-26 19:33:32,0,17,13,0.26,13.0
2025-01-26 19:34:50,1,14,13,0.26,14.0
2025-01-26 19:35:25,0,15,14,0.28,13.0
2025-01-26 19:39:38,2,12,13,0.26,14.0
2025-01-26 19:40:30,3,15,14,0.28,16.0
2025-01-26 19:43:24,3,19,16,0.32,15.0
2025-01-26 19:45:43,0,13,15,0.3,14.0
2025-01-26 19:49:44,0,13,14,0.28,15.0
2025-01-26 19:50:54,0,16,15,0.3,14.0
2025-01-26 19:54:15,4,12,14,0.28,13.0
2025-01-26 19:57:50,0,10,13,0.26,12.0
2025-01-26 20:01:53,4,11,12,0.24,11.0
2025-01-26 20:03:14,0,9,11,0.22,13.0
2025-01-26 20:04:53,3,17,13,0.26,14.0
2025-01-26 20:08:38,2,18,14,0.28,12.0
2025-01-26 20:11:38,4,9,12,0.24,12.0
2025-01-26 20:13:56,2,12,12,0.24,12.0
2025-01-26 20:16:23,4,13,12,0.24,11.0
2025-01-26 20:18:27,0,10,11,0.22,11.0
2025-01-26 20:23:12,1,11,11,0.22,12.0
2025-01-26 20:24:25,4,16,12,0.24,13.0
2025-01-26 20:26:01,3,17,13,0.26,14.0
2025-01-26 20:29:06,2,15,14,0.28,14.0
2025-01-26 20:33:01,2,14,14,0.28,15.0
2025-01-26 20:36:05,3,17,15,0.3,15.0
2025-01-26 20:39:33,0,14,15,0.3,16.0
2025-01-26 20:41:02,4,17,16,0.32,17.0
2025-01-26 20:42:45,0,18,17,0.34,18.0
2025-01-26 20:44:03,4,19,18,0.36,16.0
2025-01-26 20:49:03,0,12,16,0.32,16.0
2025-01-26 20:50:45,2,16,16,0.32,16.0
2025-01-26 20:54:30,0,16,16,0.32,13.0
2025-01-26 20:57:58,4,6,13,0.26,14.0
2025-01-26 20:59:15,4,18,14,0.28,12.0
2025-01-26 21:00:56,0,7,12,0.24,14.0
2025-01-26 21:03:18,2,19,14,0.28,13.0
2025-01-26 21:07:52,2,12,13,0.26,14.0
2025-01-26 21:11:00,1,15,14,0.28,15.0
2025-01-26 21:15:57,0,16,15,0.3,13.0
2025-01-26 21:16:56,2,8,13,0.26,12.0
2025-01-26 21:19:02,1,11,12,0.24,12.0
2025-01-26 21:23:42,1,13,12,0.24,11.0
2025-01-26 21:24:18,1,10,11,0.22,13.0
2025-01-26 21:26:19,2,19,13,0.26,15.0
2025-01-26 21:28:41,4,19,15,0.3,15.0
2025-01-26 21:33:29,0,16,15,0.3,12.0
2025-01-26 21:35:45,1,6,12,0.24,11.0
2025-01-26 21:37:17,3,10,11,0.22,10.0
2025-01-26 21:42:17,0,6,10,0.2,9.0
2025-01-26 21:46:05,0,6,9,0.18,8.0
2025-01-26 21:49:00,4,7,8,0.16,7.0
2025-01-26 21:50:30,1,6,7,0.14,8.0
2025-01-26 21:52:59,4,10,8,0.16,9.0
2025-01-26 21:54:29,3,12,9,0.18,11.0
2025-01-26 21:55:24,0,16,11,0.22,12.0
2025-01-26 21:57:48,4,15,12,0.24,13.0
2025-01-26 21:58:57,2,17,13,0.26,10.0
2025-01-26 22:01:22,4,4,10,0.2,7.0
2025-01-26 22:04:07,2,0,7,0.14,5.0
2025-01-26 22:04:57,1,2,5,0.1,4.0
2025-01-26 22:05:57,1,3,4,0.08,4.0
2025-01-26 22:10:33,1,3,4,0.08,5.0
2025-01-26 22:11:29,3,7,5,0.1,6.0
2025-01-26 22:13:11,0,7,6,0.12,5.0
2025-01-26 22:15:17,1,3,5,0.1,4.0
2025-01-26 22:18:27,4,2,4,0.08,4.0
2025-01-26 22:22:28,3,5,4,0.08,5.0
2025-01-26 22:24:13,3,6,5,0.1,4.0
2025-01-26 22:27:05,0,2,4,0.08,5.0
2025-01-26 22:28:08,1,7,5,0.1,4.0
2025-01-26 22:28:41,3,0,4,0.08,4.0
2025-01-26 22:30:48,0,3,4,0.08,3.0
2025-01-26 22:34:54,3,1,3,0.06,3.0
2025-01-26 22:35:51,0,3,3,0.06,3.0
2025-01-26 22:39:41,2,4,3,0.06,3.0
2025-01-26 22:42:17,1,3,3,0.06,4.0
2025-01-26 22:46:08,4,7,4,0.08,3.0
2025-01-26 22:46:46,0,0,3,0.06,4.0
2025-01-26 22:48:43,1,6,4,0.08,5.0
2025-01-26 22:49:31,4,6,5,0.1,4.0
2025-01-26 22:51:21,3,1,4,0.08,4.0
2025-01-26 22:53:37,2,4,4,0.08,3.0
2025-01-26 22:57:56,1,2,3,0.06,4.0
2025-01-26 23:00:17,2,7,4,0.08,3.0
2025-01-26 23:04:26,3,1,3,0.06,4.0
2025-01-26 23:06:58,3,5,4,0.08,3.0
2025-01-26 23:11:31,3,1,3,0.06,3.0
2025-01-26 23:14:58,3,2,3,0.06,4.0
2025-01-26 23:16:32,2,6,4,0.08,4.0
2025-01-26 23:17:04,2,5,4,0.08,5.0
2025-01-26 23:21:00,0,6,5,0.1,4.0
2025-01-26 23:21:50,3,3,4,0.08,3.0
2025-01-26 23:22:34,1,1,3,0.06,4.0
2025-01-26 23:26:29,4,6,4,0.08,3.0
2025-01-26 23:30:20,0,2,3,0.06,3.0
2025-01-26 23:32:49,3,2,3,0.06,3.0
2025-01-26 23:35:35,2,4,3,0.06,3.0
2025-01-26 23:36:29,2,4,3,0.06,4.0
2025-01-26 23:40:52,3,6,4,0.08,4.0
2025-01-26 23:43:22,2,3,4,0.08,4.0
2025-01-26 23:45:21,0,5,4,0.08,4.0
2025-01-26 23:49:10,1,3,4,0.08,3.0
2025-01-26 23:52:39,2,0,3,0.06,2.0
2025-01-26 23:54:24,1,0,2,0.04,2.0
2025-01-26 23:57:10,3,3,2,0.04,3.0
2025-01-26 23:59:57,3,5,3,0.06,4.0
2025-01-27 00:00:36,1,6,4,0.08,3.0
2025-01-27 00:04:26,2,0,3,0.06,3.0
2025-01-27 00:08:34,0,2,3,0.06,4.0
2025-01-27 00:10:03,3,7,4,0.08,4.0
2025-01-27 00:12:59,2,5,4,0.08,4.0
2025-01-27 00:15:15,4,3,4,0.08,4.0
2025-01-27 00:16:22,2,4,4,0.08,3.0
2025-01-27 00:19:05,0,0,3,0.06,4.0
2025-01-27 00:23:15,0,7,4,0.08,4.0
2025-01-27 00:25:57,4,3,4,0.08,4.0
2025-01-27 00:27:19,1,3,4,0.08,3.0
2025-01-27 00:28:50,2,1,3,0.06,2.0
2025-01-27 00:29:42,0,1,2,0.04,2.0
2025-01-27 00:30:55,4,2,2,0.04,3.0
2025-01-27 00:32:10,4,5,3,0.06,4.0
2025-01-27 00:35:06,1,7,4,0.08,5.0
2025-01-27 00:39:11,1,6,5,0.1,5.0
2025-01-27 00:40:27,1,4,5,0.1,4.0
2025-01-27 00:41:20,3,1,4,0.08,4.0
2025-01-27 00:44:14,4,5,4,0.08,4.0
2025-01-27 00:46:12,1,4,4,0.08,3.0
2025-01-27 00:49:35,3,0,3,0.06,2.0
2025-01-27 00:51:08,1,0,2,0.04,4.0
2025-01-27 00:53:36,4,7,4,0.08,5.0
2025-01-27 00:57:48,0,6,5,0.1,5.0
2025-01-27 01:00:53,2,5,5,0.1,4.0
2025-01-27 01:04:20,4,0,4,0.08,4.0
2025-01-27 01:05:45,1,5,4,0.08,3.0
2025-01-27 01:07:13,1,0,3,0.06,3.0
2025-01-27 01:11:22,2,3,3,0.06,4.0
2025-01-27 01:14:56,4,6,4,0.08,4.0
2025-01-27 01:16:12,1,4,4,0.08,3.0
2025-01-27 01:18:23,4,2,3,0.06,2.0
2025-01-27 01:19:36,4,0,2,0.04,1.0
2025-01-27 01:20:20,4,0,1,0.02,1.0
2025-01-27 01:24:45,3,0,1,0.02,3.0
2025-01-27 01:26:05,1,7,3,0.06,4.0
2025-01-27 01:27:08,3,7,4,0.08,5.0
2025-01-27 01:29:41,0,6,5,0.1,5.0
2025-01-27 01:31:27,1,5,5,0.1,4.0
2025-01-27 01:33:59,0,2,4,0.08,5.0
2025-01-27 01:37:53,4,6,5,0.1,5.0
2025-01-27 01:42:10,2,4,5,0.1,4.0
2025-01-27 01:43:49,0,3,4,0.08,4.0
2025-01-27 01:48:08,1,4,4,0.08,3.0
2025-01-27 01:48:58,3,2,3,0.06,4.0
2025-01-27 01:51:15,3,7,4,0.08,3.0
2025-01-27 01:55:45,1,1,3,0.06,4.0
2025-01-27 02:00:25,2,7,4,0.08,3.0
2025-01-27 02:03:09,4,1,3,0.06,3.0
2025-01-27 02:05:08,1,3,3,0.06,2.0
2025-01-27 02:06:56,1,0,2,0.04,3.0
2025-01-27 02:10:22,3,6,3,0.06,3.0
2025-01-27 02:12:33,1,4,3,0.06,3.0
2025-01-27 02:14:54,0,4,3,0.06,4.0
2025-01-27 02:18:24,3,5,4,0.08,3.0
2025-01-27 02:20:37,3,2,3,0.06,4.0
2025-01-27 02:21:22,2,5,4,0.08,5.0
2025-01-27 02:23:27,2,7,5,0.1,4.0
2025-01-27 02:26:22,2,3,4,0.08,4.0
2025-01-27 02:26:53,4,5,4,0.08,5.0
2025-01-27 02:29:21,0,7,5,0.1,4.0
2025-01-27 02:31:24,2,1,4,0.08,5.0
2025-01-27 02:35:04,2,6,5,0.1,4.0
2025-01-27 02:35:36,4,3,4,0.08,3.0
2025-01-27 02:37:56,2,1,3,0.06,3.0
2025-01-27 02:41:22,1,4,3,0.06,3.0
2025-01-27 02:46:08,2,3,3,0.06,3.0
2025-01-27 02:46:59,3,3,3,0.06,3.0
2025-01-27 02:51:08,4,2,3,0.06,3.0
2025-01-27 02:54:30,3,4,3,0.06,3.0
2025-01-27 02:58:43,0,3,3,0.06,2.0
2025-01-27 03:00:17,3,1,2,0.04,2.0
2025-01-27 03:04:55,1,3,2,0.04,2.0
2025-01-27 03:09:44,4,2,2,0.04,2.0
2025-01-27 03:12:24,1,2,2,0.04,2.0
2025-01-27 03:14:46,0,1,2,0.04,4.0
2025-01-27 03:18:46,0,7,4,0.08,4.0
2025-01-27 03:19:35,3,4,4,0.08,3.0
2025-01-27 03:23:39,0,1,3,0.06,4.0
2025-01-27 03:28:19,2,7,4,0.08,4.0
2025-01-27 03:33:19,0,5,4,0.08,3.0
2025-01-27 03:36:48,0,2,3,0.06,3.0
2025-01-27 03:40:31,0,2,3,0.06,2.0
2025-01-27 03:42:19,4,0,2,0.04,2.0
2025-01-27 03:45:48,1,3,2,0.04,2.0
2025-01-27 03:49:00,4,3,2,0.04,3.0
2025-01-27 03:52:51,2,6,3,0.06,4.0
2025-01-27 03:53:34,3,6,4,0.08,3.0
2025-01-27 03:58:09,1,1,3,0.06,4.0
2025-01-27 03:58:52,2,7,4,0.08,5.0
2025-01-27 04:01:00,1,6,5,0.1,5.0
2025-01-27 04:02:02,3,4,5,0.1,4.0
2025-01-27 04:06:48,3,1,4,0.08,3.0
2025-01-27 04:07:51,3,0,3,0.06,3.0
2025-01-27 04:08:39,4,2,3,0.06,4.0
2025-01-27 04:11:40,1,5,4,0.08,4.0
2025-01-27 04:16:29,4,5,4,0.08,4.0
2025-01-27 04:19:42,1,3,4,0.08,4.0
2025-01-27 04:21:28,2,4,4,0.08,3.0
2025-01-27 04:24:14,0,0,3,0.06,3.0
2025-01-27 04:28:11,0,2,3,0.06,3.0
2025-01-27 04:32:42,3,2,3,0.06,4.0
2025-01-27 04:34:18,2,5,4,0.08,3.0
2025-01-27 04:36:43,3,0,3,0.06,4.0
2025-01-27 04:40:34,2,5,4,0.08,3.0
2025-01-27 04:45:13,3,2,3,0.06,4.0
2025-01-27 04:47:34,1,7,4,0.08,5.0
2025-01-27 04:51:57,0,7,5,0.1,5.0
2025-01-27 04:55:22,1,5,5,0.1,6.0
2025-01-27 04:58:14,3,7,6,0.12,5.0
2025-01-27 04:59:15,4,3,5,0.1,6.0
2025-01-27 05:02:45,4,7,6,0.12,5.0
2025-01-27 05:04:21,4,3,5,0.1,4.0
2025-01-27 05:04:54,1,2,4,0.08,4.0
2025-01-27 05:09:52,2,3,4,0.08,3.0
2025-01-27 05:14:17,0,0,3,0.06,3.0
2025-01-27 05:15:27,4,4,3,0.06,3.0
2025-01-27 05:17:57,0,2,3,0.06,4.0
2025-01-27 05:22:17,3,5,4,0.08,5.0
2025-01-27 05:24:12,1,7,5,0.1,5.0
2025-01-27 05:25:44,4,6,5,0.1,4.0
2025-01-27 05:29:25,4,2,4,0.08,3.0
2025-01-27 05:30:25,0,2,3,0.06,3.0
2025-01-27 05:33:20,2,4,3,0.06,3.0
2025-01-27 05:35:36,4,2,3,0.06,2.0
2025-01-27 05:37:55,3,1,2,0.04,3.0
2025-01-27 05:41:54,0,6,3,0.06,4.0
2025-01-27 05:44:42,4,5,4,0.08,4.0
2025-01-27 05:46:37,1,4,4,0.08,3.0
2025-01-27 05:47:50,4,0,3,0.06,2.0
2025-01-27 05:49:41,3,1,2,0.04,2.0
2025-01-27 05:51:14,3,2,2,0.04,2.0
2025-01-27 05:52:38,3,3,2,0.04,2.0
2025-01-27 05:54:21,2,3,2,0.04,3.0
2025-01-27 05:56:59,0,5,3,0.06,2.0
2025-01-27 06:01:44,1,0,2,0.04,2.0
2025-01-27 06:06:04,4,1,2,0.04,4.0
2025-01-27 06:08:50,3,7,4,0.08,4.0
2025-01-27 06:11:11,2,3,4,0.08,4.0
2025-01-27 06:14:06,2,3,4,0.08,4.0
2025-01-27 06:15:08,1,4,4,0.08,3.0
2025-01-27 06:19:57,4,1,3,0.06,4.0
2025-01-27 06:21:53,4,7,4,0.08,4.0
2025-01-27 06:26:47,3,5,4,0.08,3.0
2025-01-27 06:27:46,0,1,3,0.06,4.0
2025-01-27 06:32:07,4,7,4,0.08,3.0
2025-01-27 06:33:52,1,1,3,0.06,4.0
2025-01-27 06:36:30,2,7,4,0.08,5.0
2025-01-27 06:41:30,1,6,5,0.1,5.0
2025-01-27 06:43:28,3,4,5,0.1,6.0
2025-01-27 06:46:47,1,7,6,0.12,4.0
2025-01-27 06:49:24,4,0,4,0.08,4.0
2025-01-27 06:52:47,3,3,4,0.08,4.0
2025-01-27 06:53:42,3,4,4,0.08,5.0
2025-01-27 06:55:12,0,7,5,0.1,4.0
2025-01-27 06:56:48,4,1,4,0.08,3.0
2025-01-27 06:57:43,1,1,3,0.06,3.0
2025-01-27 06:59:35,4,3,3,0.06,2.0
2025-01-27 07:01:04,2,1,2,0.04,4.0
2025-01-27 07:02:12,0,7,4,0.08,4.0
2025-01-27 07:04:44,3,5,4,0.08,4.0
2025-01-27 07:08:24,4,4,4,0.08,4.0
2025-01-27 07:11:25,1,3,4,0.08,4.0
2025-01-27 07:15:47,4,3,4,0.08,3.0
2025-01-27 07:18:42,1,2,3,0.06,4.0
2025-01-27 07:23:42,3,7,4,0.08,4.0
2025-01-27 07:26:25,4,4,4,0.08,4.0
2025-01-27 07:29:45,2,4,4,0.08,3.0
2025-01-27 07:30:42,3,1,3,0.06,2.0
2025-01-27 07:33:27,4,1,2,0.04,2.0
2025-01-27 07:37:57,2,2,2,0.04,3.0
2025-01-27 07:42:14,1,4,3,0.06,4.0
2025-01-27 07:43:17,1,5,4,0.08,3.0
2025-01-27 07:43:48,0,2,3,0.06,3.0
2025-01-27 07:47:32,2,2,3,0.06,3.0
2025-01-27 07:49:35,2,3,3,0.06,4.0
2025-01-27 07:52:19,0,7,4,0.08,4.0
2025-01-27 07:56:12,2,5,4,0.08,5.0
2025-01-27 08:00:51,3,7,5,0.1,7.0
2025-01-27 08:03:47,3,12,7,0.14,7.0
2025-01-27 08:08:30,3,8,7,0.14,8.0
2025-01-27 08:11:55,2,9,8,0.16,10.0
2025-01-27 08:14:29,2,14,10,0.2,9.0
2025-01-27 08:19:09,4,7,9,0.18,8.0
2025-01-27 08:21:49,2,6,8,0.16,7.0
2025-01-27 08:23:08,4,6,7,0.14,10.0
2025-01-27 08:25:10,3,17,10,0.2,10.0
2025-01-27 08:29:19,3,10,10,0.2,11.0
2025-01-27 08:30:08,3,14,11,0.22,11.0
2025-01-27 08:34:02,4,10,11,0.22,11.0
2025-01-27 08:36:02,4,11,11,0.22,12.0
2025-01-27 08:39:24,0,15,12,0.24,14.0
2025-01-27 08:43:02,0,18,14,0.28,14.0
2025-01-27 08:43:33,1,13,14,0.28,14.0
2025-01-27 08:46:50,2,14,14,0.28,13.0
2025-01-27 08:47:43,1,12,13,0.26,14.0
2025-01-27 08:49:20,3,15,14,0.28,13.0
2025-01-27 08:53:03,1,10,13,0.26,11.0
2025-01-27 08:54:56,2,6,11,0.22,12.0
2025-01-27 08:58:52,0,14,12,0.24,13.0
2025-01-27 09:00:10,3,16,13,0.26,14.0
2025-01-27 09:01:11,1,18,14,0.28,13.0
2025-01-27 09:04:30,3,10,13,0.26,12.0
2025-01-27 09:07:08,2,11,12,0.24,11.0
2025-01-27 09:09:19,0,10,11,0.22,10.0
2025-01-27 09:10:23,1,7,10,0.2,10.0
2025-01-27 09:14:11,3,11,10,0.2,10.0
2025-01-27 09:15:57,2,9,10,0.2,12.0
2025-01-27 09:16:40,4,17,12,0.24,10.0
2025-01-27 09:19:20,2,7,10,0.2,11.0
2025-01-27 09:23:47,3,12,11,0.22,10.0
2025-01-27 09:25:21,1,6,10,0.2,9.0
2025-01-27 09:28:08,1,8,9,0.18,12.0
2025-01-27 09:33:06,3,18,12,0.24,14.0
2025-01-27 09:37:23,3,19,14,0.28,15.0
2025-01-27 09:41:13,0,17,15,0.3,14.0
2025-01-27 09:44:04,0,10,14,0.28,15.0
2025-01-27 09:46:13,4,18,15,0.3,14.0
2025-01-27 09:49:00,4,12,14,0.28,12.0
2025-01-27 09:52:17,3,9,12,0.24,12.0
2025-01-27 09:54:25,3,13,12,0.24,12.0
2025-01-27 09:56:00,0,13,12,0.24,13.0
2025-01-27 09:57:16,4,16,13,0.26,13.0
2025-01-27 10:01:36,0,12,13,0.26,14.0
2025-01-27 10:04:31,3,17,14,0.28,15.0
2025-01-27 10:08:27,3,16,15,0.3,16.0
2025-01-27 10:11:22,1,18,16,0.32,15.0
2025-01-27 10:14:23,3,13,15,0.3,13.0
2025-01-27 10:17:12,1,8,13,0.26,15.0
2025-01-27 10:20:12,4,19,15,0.3,16.0
2025-01-27 10:21:02,4,18,16,0.32,14.0
2025-01-27 10:25:45,1,8,14,0.28,15.0
2025-01-27 10:27:18,3,18,15,0.3,13.0
2025-01-27 10:31:25,4,7,13,0.26,13.0
2025-01-27 10:33:06,1,13,13,0.26,12.0
2025-01-27 10:36:17,3,11,12,0.24,13.0
2025-01-27 10:38:56,4,14,13,0.26,12.0
2025-01-27 10:40:34,2,9,12,0.24,14.0
2025-01-27 10:44:48,4,19,14,0.28,14.0
2025-01-27 10:49:23,3,14,14,0.28,16.0
2025-01-27 10:51:00,3,19,16,0.32,15.0
2025-01-27 10:53:16,1,13,15,0.3,14.0
2025-01-27 10:55:34,0,10,14,0.28,15.0
2025-01-27 10:57:46,1,16,15,0.3,16.0
2025-01-27 11:00:36,0,18,16,0.32,13.0
2025-01-27 11:02:10,0,7,13,0.26,12.0
2025-01-27 11:04:53,0,11,12,0.24,13.0
2025-01-27 11:08:41,1,15,13,0.26,14.0
2025-01-27 11:11:45,1,18,14,0.28,13.0
2025-01-27 11:13:33,4,12,13,0.26,11.0
2025-01-27 11:18:12,1,6,11,0.22,13.0
2025-01-27 11:20:08,4,18,13,0.26,12.0
2025-01-27 11:24:38,4,8,12,0.24,14.0
2025-01-27 11:26:35,2,18,14,0.28,15.0
2025-01-27 11:29:56,1,17,15,0.3,15.0
2025-01-27 11:30:42,4,16,15,0.3,14.0
2025-01-27 11:34:54,1,10,14,0.28,13.0
2025-01-27 11:39:02,0,11,13,0.26,12.0
2025-01-27 11:43:25,3,8,12,0.24,10.0
2025-01-27 11:48:02,1,7,10,0.2,12.0
2025-01-27 11:49:23,4,16,12,0.24,14.0
2025-01-27 11:50:07,3,18,14,0.28,15.0
2025-01-27 11:52:28,1,16,15,0.3,15.0
2025-01-27 11:56:01,0,16,15,0.3,14.0
2025-01-27 11:56:37,1,13,14,0.28,12.0
2025-01-27 11:57:57,3,9,12,0.24,10.0
2025-01-27 12:02:27,1,7,10,0.2,8.0
2025-01-27 12:07:01,1,4,8,0.16,6.0
2025-01-27 12:10:36,0,1,6,0.12,4.0
2025-01-27 12:12:37,2,1,4,0.08,3.0
2025-01-27 12:14:52,3,2,3,0.06,3.0
2025-01-27 12:15:34,3,4,3,0.06,2.0
2025-01-27 12:18:29,1,0,2,0.04,3.0
2025-01-27 12:20:57,3,6,3,0.06,2.0
2025-01-27 12:24:49,3,1,2,0.04,2.0
2025-01-27 12:27:39,3,1,2,0.04,3.0
2025-01-27 12:30:03,2,5,3,0.06,4.0
2025-01-27 12:33:04,0,6,4,0.08,4.0
2025-01-27 12:34:30,2,3,4,0.08,5.0
2025-01-27 12:37:36,4,6,5,0.1,4.0
2025-01-27 12:40:18,1,3,4,0.08,3.0
2025-01-27 12:43:30,2,0,3,0.06,3.0
2025-01-27 12:47:02,0,2,3,0.06,4.0
2025-01-27 12:48:48,3,7,4,0.08,3.0
2025-01-27 12:50:01,4,1,3,0.06,3.0
2025-01-27 12:53:56,0,3,3,0.06,4.0
2025-01-27 12:55:03,3,7,4,0.08,5.0
2025-01-27 12:55:54,3,6,5,0.1,6.0
2025-01-27 12:57:36,0,7,6,0.12,6.0
2025-01-27 13:02:06,0,7,6,0.12,6.0
2025-01-27 13:05:09,4,7,6,0.12,4.0
2025-01-27 13:09:35,0,0,4,0.08,3.0
2025-01-27 13:10:09,2,0,3,0.06,2.0
2025-01-27 13:14:19,0,0,2,0.04,1.0
2025-01-27 13:16:14,4,0,1,0.02,2.0
2025-01-27 13:19:40,3,6,2,0.04,3.0
2025-01-27 13:24:28,0,6,3,0.06,2.0
2025-01-27 13:28:37,4,0,2,0.04,2.0
2025-01-27 13:29:44,4,3,2,0.04,4.0
2025-01-27 13:32:35,1,7,4,0.08,3.0
2025-01-27 13:36:59,1,1,3,0.06,2.0
2025-01-27 13:40:51,4,0,2,0.04,1.0
2025-01-27 13:44:12,1,0,1,0.02,2.0
2025-01-27 13:46:46,3,3,2,0.04,3.0
2025-01-27 13:48:20,4,5,3,0.06,4.0
2025-01-27 13:52:53,3,5,4,0.08,3.0
2025-01-27 13:53:37,4,1,3,0.06,4.0
2025-01-27 13:57:52,4,7,4,0.08,3.0
2025-01-27 14:00:32,1,1,3,0.06,2.0
2025-01-27 14:04:16,1,1,2,0.04,3.0
2025-01-27 14:08:14,4,6,3,0.06,3.0
2025-01-27 14:10:36,1,3,3,0.06,3.0
2025-01-27 14:15:09,4,2,3,0.06,2.0
2025-01-27 14:18:24,3,0,2,0.04,3.0
2025-01-27 14:22:04,1,4,3,0.06,4.0
2025-01-27 14:26:50,2,5,4,0.08,3.0
2025-01-27 14:30:57,3,0,3,0.06,2.0
2025-01-27 14:32:18,4,1,2,0.04,4.0
2025-01-27 14:35:25,4,7,4,0.08,4.0
2025-01-27 14:36:49,2,3,4,0.08,4.0
2025-01-27 14:37:32,1,5,4,0.08,4.0
2025-01-27 14:42:30,3,3,4,0.08,4.0
2025-01-27 14:44:29,3,4,4,0.08,3.0
2025-01-27 14:45:25,0,0,3,0.06,2.0
2025-01-27 14:47:23,3,1,2,0.04,3.0
2025-01-27 14:48:33,1,4,3,0.06,3.0
2025-01-27 14:53:30,4,2,3,0.06,3.0
2025-01-27 14:56:17,1,2,3,0.06,4.0
2025-01-27 14:56:52,0,7,4,0.08,4.0
2025-01-27 15:01:23,4,4,4,0.08,3.0
2025-01-27 15:04:34,4,1,3,0.06,3.0
2025-01-27 15:08:03,1,4,3,0.06,4.0
2025-01-27 15:08:38,3,6,4,0.08,3.0
2025-01-27 15:13:38,4,1,3,0.06,4.0
2025-01-27 15:16:43,1,5,4,0.08,4.0
2025-01-27 15:18:37,2,4,4,0.08,3.0
2025-01-27 15:22:26,0,2,3,0.06,4.0
2025-01-27 15:23:05,1,6,4,0.08,3.0
2025-01-27 15:25:52,2,1,3,0.06,3.0
2025-01-27 15:30:23,2,2,3,0.06,4.0
2025-01-27 15:34:13,0,7,4,0.08,3.0
2025-01-27 15:37:18,3,0,3,0.06,4.0
2025-01-27 15:41:32,1,5,4,0.08,3.0
2025-01-27 15:43:09,4,0,3,0.06,2.0
2025-01-27 15:46:42,3,1,2,0.04,2.0
2025-01-27 15:50:26,3,2,2,0.04,2.0
2025-01-27 15:51:37,2,1,2,0.04,2.0
2025-01-27 15:54:37,3,3,2,0.04,2.0
2025-01-27 15:56:30,0,1,2,0.04,4.0
2025-01-27 15:59:13,4,7,4,0.08,4.0
2025-01-27 16:00:12,4,3,4,0.08,4.0
2025-01-27 16:00:50,1,5,4,0.08,5.0
2025-01-27 16:04:09,1,6,5,0.1,5.0
2025-01-27 16:07:26,0,6,5,0.1,5.0
2025-01-27 16:10:20,2,6,5,0.1,5.0
2025-01-27 16:14:37,3,4,5,0.1,4.0
2025-01-27 16:16:22,4,2,4,0.08,5.0
2025-01-27 16:20:34,4,7,5,0.1,5.0
2025-01-27 16:24:00,2,6,5,0.1,4.0
2025-01-27 16:27:38,0,2,4,0.08,4.0
2025-01-27 16:28:53,3,3,4,0.08,4.0
2025-01-27 16:29:39,2,3,4,0.08,3.0
2025-01-27 16:31:14,1,0,3,0.06,2.0
2025-01-27 16:36:04,2,0,2,0.04,1.0
2025-01-27 16:38:36,2,0,1,0.02,2.0
2025-01-27 16:42:56,4,4,2,0.04,2.0
2025-01-27 16:45:30,4,1,2,0.04,2.0
2025-01-27 16:47:51,3,1,2,0.04,2.0
2025-01-27 16:49:41,3,2,2,0.04,2.0
2025-01-27 16:54:16,1,3,2,0.04,4.0
2025-01-27 16:58:20,2,7,4,0.08,5.0
2025-01-27 17:02:44,0,7,5,0.1,9.0
2025-01-27 17:04:35,2,17,9,0.18,9.0
2025-01-27 17:06:20,0,9,9,0.18,10.0
2025-01-27 17:07:04,0,11,10,0.2,13.0
2025-01-27 17:11:13,2,19,13,0.26,12.0
2025-01-27 17:15:32,0,8,12,0.24,12.0
2025-01-27 17:20:26,3,13,12,0.24,11.0
2025-01-27 17:25:19,3,10,11,0.22,13.0
2025-01-27 17:27:38,1,18,13,0.26,12.0
2025-01-27 17:31:27,0,8,12,0.24,13.0
2025-01-27 17:35:42,3,15,13,0.26,14.0
2025-01-27 17:39:16,2,18,14,0.28,13.0
2025-01-27 17:40:16,3,10,13,0.26,12.0
2025-01-27 17:42:27,0,9,12,0.24,13.0
2025-01-27 17:47:15,2,15,13,0.26,11.0
2025-01-27 17:49:23,4,6,11,0.22,11.0
2025-01-27 17:54:18,1,12,11,0.22,12.0
2025-01-27 17:57:07,2,13,12,0.24,14.0
2025-01-27 18:01:12,2,18,14,0.28,12.0
2025-01-27 18:02:13,1,8,12,0.24,12.0
2025-01-27 18:04:10,4,11,12,0.24,14.0
2025-01-27 18:05:42,0,19,14,0.28,14.0
2025-01-27 18:07:25,0,14,14,0.28,13.0
2025-01-27 18:09:58,2,12,13,0.26,12.0
2025-01-27 18:14:56,1,9,12,0.24,10.0
2025-01-27 18:17:26,1,6,10,0.2,13.0
2025-01-27 18:21:27,2,19,13,0.26,14.0
2025-01-27 18:24:24,0,15,14,0.28,12.0
2025-01-27 18:26:11,2,6,12,0.24,13.0
2025-01-27 18:26:54,4,16,13,0.26,12.0
2025-01-27 18:29:39,3,8,12,0.24,11.0
2025-01-27 18:31:27,0,9,11,0.22,11.0
2025-01-27 18:35:59,2,11,11,0.22,13.0
2025-01-27 18:39:41,3,17,13,0.26,13.0
2025-01-27 18:44:12,4,12,13,0.26,12.0
2025-01-27 18:45:32,2,11,12,0.24,11.0
2025-01-27 18:49:53,1,10,11,0.22,11.0
2025-01-27 18:54:41,1,10,11,0.22,10.0
2025-01-27 18:58:48,2,7,10,0.2,9.0
2025-01-27 19:02:43,1,7,9,0.18,10.0
2025-01-27 19:05:12,4,13,10,0.2,12.0
2025-01-27 19:07:01,2,16,12,0.24,10.0
2025-01-27 19:08:12,4,7,10,0.2,10.0
2025-01-27 19:09:02,4,10,10,0.2,11.0
2025-01-27 19:09:41,4,13,11,0.22,12.0
2025-01-27 19:12:43,1,14,12,0.24,10.0
2025-01-27 19:14:38,1,7,10,0.2,12.0
2025-01-27 19:17:00,2,16,12,0.24,11.0
2025-01-27 19:20:38,2,10,11,0.22,10.0
2025-01-27 19:22:59,1,9,10,0.2,9.0
2025-01-27 19:26:23,0,7,9,0.18,8.0
2025-01-27 19:26:56,3,6,8,0.16,7.0
2025-01-27 19:31:07,4,6,7,0.14,8.0
2025-01-27 19:35:17,1,10,8,0.16,10.0
2025-01-27 19:38:37,4,13,10,0.2,9.0
2025-01-27 19:42:39,3,6,9,0.18,10.0
2025-01-27 19:47:21,4,13,10,0.2,9.0
2025-01-27 19:49:54,1,7,9,0.18,10.0
2025-01-27 19:52:31,0,13,10,0.2,12.0
2025-01-27 19:56:33,0,18,12,0.24,13.0
2025-01-27 19:58:54,3,15,13,0.26,12.0
2025-01-27 20:00:48,3,10,12,0.24,14.0
2025-01-27 20:01:21,4,19,14,0.28,14.0
2025-01-27 20:02:55,4,15,14,0.28,14.0
2025-01-27 20:05:24,2,15,14,0.28,12.0
2025-01-27 20:09:56,1,7,12,0.24,14.0
2025-01-27 20:12:42,4,19,14,0.28,12.0
2025-01-27 20:17:18,1,9,12,0.24,11.0
2025-01-27 20:18:32,1,10,11,0.22,12.0
2025-01-27 20:21:27,0,14,12,0.24,13.0
2025-01-27 20:24:52,0,14,13,0.26,12.0
2025-01-27 20:26:03,1,9,12,0.24,13.0
2025-01-27 20:28:01,4,14,13,0.26,13.0
2025-01-27 20:32:08,2,14,13,0.26,12.0
2025-01-27 20:36:25,3,8,12,0.24,12.0
2025-01-27 20:38:01,2,12,12,0.24,11.0
2025-01-27 20:42:41,0,10,11,0.22,12.0
2025-01-27 20:43:51,2,16,12,0.24,13.0
2025-01-27 20:45:59,2,17,13,0.26,13.0
2025-01-27 20:47:47,0,13,13,0.26,12.0
2025-01-27 20:51:35,1,11,12,0.24,10.0
2025-01-27 20:54:31,2,6,10,0.2,9.0
2025-01-27 20:56:46,2,8,9,0.18,9.0
2025-01-27 21:00:28,4,9,9,0.18,8.0
2025-01-27 21:02:59,2,6,8,0.16,8.0
2025-01-27 21:04:45,3,7,8,0.16,9.0
2025-01-27 21:07:06,2,10,9,0.18,10.0
2025-01-27 21:10:25,0,11,10,0.2,9.0
2025-01-27 21:11:00,3,7,9,0.18,10.0
2025-01-27 21:14:46,0,14,10,0.2,10.0
2025-01-27 21:16:53,0,9,10,0.2,11.0
2025-01-27 21:21:12,1,13,11,0.22,12.0
2025-01-27 21:24:29,0,15,12,0.24,13.0
2025-01-27 21:29:23,0,16,13,0.26,14.0
2025-01-27 21:30:00,0,16,14,0.28,16.0
2025-01-27 21:33:21,4,19,16,0.32,13.0
2025-01-27 21:37:05,0,7,13,0.26,14.0
2025-01-27 21:42:03,3,15,14,0.28,15.0
2025-01-27 21:42:51,2,18,15,0.3,14.0
2025-01-27 21:44:09,3,13,14,0.28,15.0
2025-01-27 21:47:16,3,18,15,0.3,13.0
2025-01-27 21:48:51,4,7,13,0.26,14.0
2025-01-27 21:50:19,2,17,14,0.28,15.0
2025-01-27 21:53:27,4,18,15,0.3,16.0
2025-01-27 21:58:27,0,17,16,0.32,12.0
2025-01-27 22:00:57,2,2,12,0.24,10.0
2025-01-27 22:05:40,3,6,10,0.2,8.0
2025-01-27 22:10:30,1,5,8,0.16,6.0
2025-01-27 22:13:14,0,1,6,0.12,6.0
2025-01-27 22:14:39,0,7,6,0.12,5.0
2025-01-27 22:16:44,1,3,5,0.1,4.0
2025-01-27 22:19:07,1,2,4,0.08,4.0
2025-01-27 22:20:04,3,5,4,0.08,3.0
2025-01-27 22:20:35,4,1,3,0.06,4.0
2025-01-27 22:24:36,3,6,4,0.08,4.0
2025-01-27 22:26:13,3,4,4,0.08,5.0
2025-01-27 22:28:50,2,7,5,0.1,4.0
2025-01-27 22:29:43,3,3,4,0.08,5.0
2025-01-27 22:34:25,3,6,5,0.1,4.0
2025-01-27 22:38:44,0,3,4,0.08,4.0
2025-01-27 22:42:09,3,4,4,0.08,4.0
2025-01-27 22:46:19,0,3,4,0.08,3.0
2025-01-27 22:47:24,0,1,3,0.06,4.0
2025-01-27 22:47:55,0,7,4,0.08,5.0
2025-01-27 22:51:21,0,6,5,0.1,5.0
2025-01-27 22:56:14,3,5,5,0.1,4.0
2025-01-27 22:59:49,0,0,4,0.08,5.0
2025-01-27 23:00:33,0,6,5,0.1,4.0
2025-01-27 23:04:16,2,3,4,0.08,3.0
2025-01-27 23:08:03,1,2,3,0.06,3.0
2025-01-27 23:09:36,0,3,3,0.06,4.0
2025-01-27 23:10:23,0,6,4,0.08,5.0
2025-01-27 23:11:56,0,7,5,0.1,6.0
2025-01-27 23:16:36,2,7,6,0.12,6.0
2025-01-27 23:17:22,0,6,6,0.12,4.0
2025-01-27 23:20:12,2,0,4,0.08,3.0
2025-01-27 23:24:46,1,0,3,0.06,4.0
2025-01-27 23:26:42,4,5,4,0.08,5.0
2025-01-27 23:30:30,1,6,5,0.1,6.0
2025-01-27 23:33:40,3,7,6,0.12,6.0
2025-01-27 23:36:29,1,6,6,0.12,4.0
2025-01-27 23:38:14,2,1,4,0.08,4.0
2025-01-27 23:39:02,1,3,4,0.08,4.0
2025-01-27 23:40:21,1,4,4,0.08,3.0
2025-01-27 23:44:42,2,0,3,0.06,2.0
2025-01-27 23:45:23,3,0,2,0.04,2.0
2025-01-27 23:46:07,2,3,2,0.04,2.0
2025-01-27 23:47:04,3,1,2,0.04,3.0
2025-01-27 23:51:43,2,4,3,0.06,2.0
2025-01-27 23:53:50,4,0,2,0.04,3.0
2025-01-27 23:54:58,2,6,3,0.06,3.0
2025-01-27 23:56:05,2,4,3,0.06,2.0
2025-01-27 23:59:33,1,0,2,0.04,2.0
2025-01-28 00:01:39,3,2,2,0.04,4.0
2025-01-28 00:06:06,0,7,4,0.08,3.0
2025-01-28 00:09:19,4,0,3,0.06,3.0
2025-01-28 00:11:25,4,3,3,0.06,4.0
2025-01-28 00:16:11,0,7,4,0.08,3.0
2025-01-28 00:21:02,3,2,3,0.06,2.0
2025-01-28 00:25:49,3,0,2,0.04,3.0
2025-01-28 00:30:27,2,5,3,0.06,2.0
2025-01-28 00:35:01,4,1,2,0.04,3.0
2025-01-28 00:39:41,4,6,3,0.06,4.0
2025-01-28 00:42:13,0,7,4,0.08,3.0
2025-01-28 00:45:31,2,0,3,0.06,4.0
2025-01-28 00:48:55,0,7,4,0.08,3.0
2025-01-28 00:53:53,0,0,3,0.06,3.0
2025-01-28 00:57:46,3,3,3,0.06,4.0
2025-01-28 00:59:21,1,7,4,0.08,5.0
2025-01-28 01:00:49,3,7,5,0.1,6.0
2025-01-28 01:04:57,4,7,6,0.12,6.0
2025-01-28 01:09:52,1,6,6,0.12,4.0
2025-01-28 01:12:42,4,0,4,0.08,3.0
2025-01-28 01:17:07,1,1,3,0.06,3.0
2025-01-28 01:21:14,1,4,3,0.06,3.0
2025-01-28 01:21:58,1,4,3,0.06,2.0
2025-01-28 01:24:45,1,1,2,0.04,3.0
2025-01-28 01:29:06,1,4,3,0.06,4.0
2025-01-28 01:31:04,3,7,4,0.08,4.0
2025-01-28 01:32:50,3,3,4,0.08,4.0
2025-01-28 01:35:35,3,3,4,0.08,4.0
2025-01-28 01:37:54,0,5,4,0.08,3.0
2025-01-28 01:39:54,2,1,3,0.06,2.0
2025-01-28 01:43:33,4,0,2,0.04,3.0
2025-01-28 01:45:15,0,6,3,0.06,3.0
2025-01-28 01:48:37,0,2,3,0.06,2.0
2025-01-28 01:49:41,3,1,2,0.04,2.0
2025-01-28 01:53:40,0,1,2,0.04,3.0
2025-01-28 01:56:22,2,5,3,0.06,3.0
2025-01-28 02:00:09,1,4,3,0.06,3.0
2025-01-28 02:01:10,4,2,3,0.06,3.0
2025-01-28 02:03:55,1,3,3,0.06,4.0
2025-01-28 02:08:32,1,5,4,0.08,4.0
2025-01-28 02:11:27,3,5,4,0.08,4.0
2025-01-28 02:14:19,0,3,4,0.08,4.0
2025-01-28 02:18:42,2,4,4,0.08,5.0
2025-01-28 02:19:55,3,6,5,0.1,4.0
2025-01-28 02:20:56,4,0,4,0.08,5.0
2025-01-28 02:25:16,4,7,5,0.1,4.0
2025-01-28 02:26:13,0,1,4,0.08,3.0
2025-01-28 02:29:22,1,0,3,0.06,4.0
2025-01-28 02:33:18,2,6,4,0.08,5.0
2025-01-28 02:34:05,3,6,5,0.1,5.0
2025-01-28 02:36:17,1,5,5,0.1,4.0
2025-01-28 02:37:56,0,3,4,0.08,5.0
2025-01-28 02:40:24,1,6,5,0.1,5.0
2025-01-28 02:43:12,2,5,5,0.1,4.0
2025-01-28 02:46:21,3,3,4,0.08,4.0
2025-01-28 02:50:42,0,3,4,0.08,5.0
2025-01-28 02:53:39,3,6,5,0.1,5.0
2025-01-28 02:58:11,3,4,5,0.1,4.0
2025-01-28 02:59:15,1,0,4,0.08,4.0
2025-01-28 03:03:43,3,3,4,0.08,3.0
2025-01-28 03:06:41,4,1,3,0.06,2.0
2025-01-28 03:09:01,1,0,2,0.04,1.0
2025-01-28 03:09:47,1,0,1,0.02,1.0
2025-01-28 03:14:02,4,2,1,0.02,3.0
2025-01-28 03:16:51,2,7,3,0.06,4.0
2025-01-28 03:19:44,1,5,4,0.08,4.0
2025-01-28 03:24:33,1,5,4,0.08,3.0
2025-01-28 03:28:39,1,0,3,0.06,4.0
2025-01-28 03:31:50,0,5,4,0.08,3.0
2025-01-28 03:33:51,1,0,3,0.06,2.0
2025-01-28 03:37:14,4,0,2,0.04,2.0
2025-01-28 03:41:08,1,2,2,0.04,4.0
2025-01-28 03:44:10,0,7,4,0.08,3.0
2025-01-28 03:46:22,0,0,3,0.06,2.0
2025-01-28 03:50:13,4,0,2,0.04,3.0
2025-01-28 03:51:47,1,6,3,0.06,2.0
2025-01-28 03:54:13,4,1,2,0.04,3.0
2025-01-28 03:57:15,4,4,3,0.06,2.0
2025-01-28 04:00:20,3,1,2,0.04,3.0
2025-01-28 04:03:33,2,5,3,0.06,4.0
2025-01-28 04:05:24,4,7,4,0.08,5.0
2025-01-28 04:05:59,4,7,5,0.1,4.0
2025-01-28 04:07:35,1,1,4,0.08,5.0
2025-01-28 04:12:02,2,6,5,0.1,4.0
2025-01-28 04:13:43,1,0,4,0.08,5.0
2025-01-28 04:15:47,2,6,5,0.1,5.0
2025-01-28 04:17:34,1,6,5,0.1,4.0
2025-01-28 04:19:10,1,1,4,0.08,4.0
2025-01-28 04:22:35,3,3,4,0.08,4.0
2025-01-28 04:25:56,3,4,4,0.08,3.0
2025-01-28 04:30:40,1,2,3,0.06,3.0
2025-01-28 04:32:12,1,3,3,0.06,2.0
2025-01-28 04:36:47,4,0,2,0.04,2.0
2025-01-28 04:40:28,1,3,2,0.04,1.0
2025-01-28 04:42:08,4,0,1,0.02,2.0
2025-01-28 04:46:26,0,4,2,0.04,2.0
2025-01-28 04:47:58,3,3,2,0.04,2.0
2025-01-28 04:52:32,2,1,2,0.04,2.0
2025-01-28 04:53:08,1,1,2,0.04,3.0
2025-01-28 04:57:57,1,6,3,0.06,4.0
2025-01-28 04:59:55,0,6,4,0.08,4.0
2025-01-28 05:03:21,4,4,4,0.08,3.0
2025-01-28 05:07:14,3,2,3,0.06,2.0
2025-01-28 05:09:57,0,1,2,0.04,1.0
2025-01-28 05:11:48,1,0,1,0.02,1.0
2025-01-28 05:12:38,0,0,1,0.02,2.0
2025-01-28 05:15:15,1,6,2,0.04,2.0
2025-01-28 05:18:59,0,2,2,0.04,3.0
2025-01-28 05:22:42,4,4,3,0.06,4.0
2025-01-28 05:26:15,4,7,4,0.08,3.0
2025-01-28 05:30:51,4,1,3,0.06,3.0
2025-01-28 05:34:00,0,3,3,0.06,4.0
2025-01-28 05:37:43,2,6,4,0.08,4.0
2025-01-28 05:40:02,4,5,4,0.08,5.0
2025-01-28 05:41:37,1,7,5,0.1,5.0
2025-01-28 05:46:20,2,6,5,0.1,5.0
2025-01-28 05:47:49,1,6,5,0.1,4.0
2025-01-28 05:50:16,2,2,4,0.08,3.0
2025-01-28 05:51:29,2,0,3,0.06,3.0
2025-01-28 05:55:28,3,3,3,0.06,4.0
2025-01-28 05:56:33,3,6,4,0.08,5.0
2025-01-28 05:57:21,1,7,5,0.1,4.0
2025-01-28 05:59:21,1,0,4,0.08,4.0
2025-01-28 06:03:22,4,5,4,0.08,4.0
2025-01-28 06:07:33,3,5,4,0.08,3.0
2025-01-28 06:11:39,3,0,3,0.06,2.0
2025-01-28 06:15:51,1,0,2,0.04,3.0
2025-01-28 06:17:58,1,5,3,0.06,4.0
2025-01-28 06:18:46,3,7,4,0.08,3.0
2025-01-28 06:19:41,0,2,3,0.06,4.0
2025-01-28 06:20:38,4,5,4,0.08,5.0
2025-01-28 06:22:11,2,6,5,0.1,6.0
2025-01-28 06:26:23,1,7,6,0.12,4.0
2025-01-28 06:28:12,2,0,4,0.08,5.0
2025-01-28 06:29:32,4,6,5,0.1,4.0
2025-01-28 06:31:43,4,2,4,0.08,3.0
2025-01-28 06:35:08,0,1,3,0.06,2.0
2025-01-28 06:35:47,0,1,2,0.04,2.0
2025-01-28 06:40:13,1,2,2,0.04,1.0
2025-01-28 06:42:22,4,0,1,0.02,1.0
2025-01-28 06:46:39,1,0,1,0.02,1.0
2025-01-28 06:48:12,2,1,1,0.02,3.0
2025-01-28 06:49:00,4,7,3,0.06,2.0
2025-01-28 06:51:50,1,0,2,0.04,1.0
2025-01-28 06:52:44,3,0,1,0.02,3.0
2025-01-28 06:57:01,4,7,3,0.06,3.0
2025-01-28 06:58:59,3,4,3,0.06,3.0
2025-01-28 07:01:00,3,4,3,0.06,2.0
2025-01-28 07:02:11,3,0,2,0.04,2.0
2025-01-28 07:04:01,3,2,2,0.04,1.0
2025-01-28 07:06:17,4,0,1,0.02,1.0
2025-01-28 07:08:37,3,2,1,0.02,3.0
2025-01-28 07:12:40,0,7,3,0.06,3.0
2025-01-28 07:17:00,2,2,3,0.06,4.0
2025-01-28 07:19:30,2,7,4,0.08,4.0
2025-01-28 07:22:13,0,3,4,0.08,3.0
2025-01-28 07:26:10,0,0,3,0.06,4.0
2025-01-28 07:30:56,1,6,4,0.08,4.0
2025-01-28 07:34:30,0,4,4,0.08,3.0
2025-01-28 07:37:59,1,1,3,0.06,3.0
2025-01-28 07:39:16,4,2,3,0.06,3.0
2025-01-28 07:41:12,4,2,3,0.06,4.0
2025-01-28 07:42:00,2,6,4,0.08,4.0
2025-01-28 07:43:15,3,5,4,0.08,4.0
2025-01-28 07:44:40,1,4,4,0.08,3.0
2025-01-28 07:48:58,4,1,3,0.06,3.0
2025-01-28 07:51:52,3,2,3,0.06,3.0
2025-01-28 07:53:53,0,3,3,0.06,3.0
2025-01-28 07:55:44,3,4,3,0.06,3.0
2025-01-28 07:59:58,2,2,3,0.06,4.0
2025-01-28 08:01:46,3,7,4,0.08,8.0
2025-01-28 08:04:45,2,17,8,0.16,10.0
2025-01-28 08:07:54,3,15,10,0.2,12.0
2025-01-28 08:10:59,1,16,12,0.24,10.0
2025-01-28 08:14:04,2,7,10,0.2,9.0
2025-01-28 08:17:55,1,7,9,0.18,8.0
2025-01-28 08:20:21,1,6,8,0.16,8.0
2025-01-28 08:23:24,1,9,8,0.16,8.0
2025-01-28 08:25:52,2,9,8,0.16,8.0
2025-01-28 08:29:40,2,7,8,0.16,9.0
2025-01-28 08:34:32,1,10,9,0.18,11.0
2025-01-28 08:38:05,4,16,11,0.22,10.0
2025-01-28 08:41:02,3,9,10,0.2,13.0
2025-01-28 08:44:17,3,19,13,0.26,14.0
2025-01-28 08:46:01,3,17,14,0.28,12.0
2025-01-28 08:50:26,2,6,12,0.24,14.0
2025-01-28 08:53:54,4,18,14,0.28,14.0
2025-01-28 08:55:14,1,13,14,0.28,15.0
2025-01-28 08:56:58,0,16,15,0.3,12.0
2025-01-28 08:59:51,2,6,12,0.24,13.0
2025-01-28 09:03:28,3,17,13,0.26,14.0
2025-01-28 09:06:00,4,16,14,0.28,12.0
2025-01-28 09:10:40,1,9,12,0.24,14.0
2025-01-28 09:13:19,0,19,14,0.28,15.0
2025-01-28 09:18:00,4,17,15,0.3,16.0
2025-01-28 09:21:29,3,19,16,0.32,16.0
2025-01-28 09:23:48,0,17,16,0.32,16.0
2025-01-28 09:25:35,1,15,16,0.32,17.0
2025-01-28 09:26:06,2,18,17,0.34,17.0
2025-01-28 09:29:24,2,16,17,0.34,15.0
2025-01-28 09:33:53,3,10,15,0.3,15.0
2025-01-28 09:34:45,1,15,15,0.3,16.0
2025-01-28 09:38:06,1,17,16,0.32,17.0
2025-01-28 09:41:48,1,19,17,0.34,14.0
2025-01-28 09:45:06,2,8,14,0.28,12.0
2025-01-28 09:47:33,0,6,12,0.24,13.0
2025-01-28 09:48:08,2,15,13,0.26,12.0
2025-01-28 09:50:49,0,11,12,0.24,13.0
2025-01-28 09:52:51,2,14,13,0.26,15.0
2025-01-28 09:57:31,0,19,15,0.3,16.0
2025-01-28 09:58:10,3,17,16,0.32,16.0
2025-01-28 09:59:30,2,16,16,0.32,15.0
2025-01-28 10:02:08,1,14,15,0.3,14.0
2025-01-28 10:06:46,3,10,14,0.28,12.0
2025-01-28 10:08:57,2,9,12,0.24,10.0
2025-01-28 10:10:49,2,7,10,0.2,11.0
2025-01-28 10:14:29,1,14,11,0.22,12.0
2025-01-28 10:17:21,3,14,12,0.24,13.0
2025-01-28 10:21:47,2,16,13,0.26,14.0
2025-01-28 10:25:05,1,18,14,0.28,13.0
2025-01-28 10:27:58,3,12,13,0.26,12.0
2025-01-28 10:31:31,4,10,12,0.24,11.0
2025-01-28 10:32:45,1,8,11,0.22,12.0
2025-01-28 10:37:17,1,16,12,0.24,12.0
2025-01-28 10:42:14,4,13,12,0.24,13.0
2025-01-28 10:46:56,3,14,13,0.26,13.0
2025-01-28 10:50:57,4,13,13,0.26,14.0
2025-01-28 10:54:23,3,16,14,0.28,14.0
2025-01-28 10:55:13,4,13,14,0.28,12.0
2025-01-28 10:56:34,2,7,12,0.24,14.0
2025-01-28 11:00:56,1,18,14,0.28,14.0
2025-01-28 11:03:28,1,15,14,0.28,15.0
2025-01-28 11:05:37,2,17,15,0.3,15.0
2025-01-28 11:09:40,4,15,15,0.3,13.0
2025-01-28 11:12:24,2,7,13,0.26,15.0
2025-01-28 11:16:31,3,19,15,0.3,15.0
2025-01-28 11:18:28,4,15,15,0.3,15.0
2025-01-28 11:19:37,1,16,15,0.3,16.0
2025-01-28 11:24:06,0,17,16,0.32,14.0
2025-01-28 11:26:51,4,11,14,0.28,13.0
2025-01-28 11:30:22,1,11,13,0.26,11.0
2025-01-28 11:35:16,0,7,11,0.22,10.0
2025-01-28 11:40:04,0,8,10,0.2,11.0
2025-01-28 11:43:35,2,13,11,0.22,10.0
2025-01-28 11:44:25,0,7,10,0.2,10.0
2025-01-28 11:48:10,1,11,10,0.2,9.0
2025-01-28 11:52:11,1,6,9,0.18,10.0
2025-01-28 11:52:56,1,13,10,0.2,11.0
2025-01-28 11:56:47,1,12,11,0.22,9.0
2025-01-28 12:00:54,0,3,9,0.18,8.0
2025-01-28 12:02:56,3,7,8,0.16,8.0
2025-01-28 12:05:38,1,7,8,0.16,7.0
2025-01-28 12:08:26,2,4,7,0.14,5.0
2025-01-28 12:11:32,0,0,5,0.1,5.0
2025-01-28 12:13:11,2,5,5,0.1,4.0
2025-01-28 12:13:55,2,3,4,0.08,4.0
2025-01-28 12:18:19,1,4,4,0.08,3.0
2025-01-28 12:22:20,2,2,3,0.06,2.0
2025-01-28 12:23:49,0,1,2,0.04,3.0
2025-01-28 12:28:30,4,5,3,0.06,4.0
2025-01-28 12:29:01,2,5,4,0.08,3.0
2025-01-28 12:33:26,0,2,3,0.06,3.0
2025-01-28 12:34:14,1,4,3,0.06,2.0
2025-01-28 12:35:32,3,1,2,0.04,3.0
2025-01-28 12:37:19,4,4,3,0.06,3.0
2025-01-28 12:38:16,3,2,3,0.06,2.0
2025-01-28 12:39:33,4,1,2,0.04,3.0
2025-01-28 12:41:38,0,4,3,0.06,2.0
2025-01-28 12:44:52,0,1,2,0.04,4.0
2025-01-28 12:48:17,3,7,4,0.08,4.0
2025-01-28 12:49:59,3,4,4,0.08,4.0
2025-01-28 12:50:57,0,5,4,0.08,3.0
2025-01-28 12:54:03,4,1,3,0.06,4.0
2025-01-28 12:54:39,1,5,4,0.08,4.0
2025-01-28 12:58:10,2,3,4,0.08,3.0
2025-01-28 13:00:28,1,1,3,0.06,2.0
2025-01-28 13:04:23,4,1,2,0.04,2.0
2025-01-28 13:08:46,3,3,2,0.04,3.0
2025-01-28 13:12:22,1,4,3,0.06,2.0
2025-01-28 13:12:59,2,1,2,0.04,3.0
2025-01-28 13:14:21,1,5,3,0.06,4.0
2025-01-28 13:18:09,0,5,4,0.08,4.0
2025-01-28 13:20:55,1,5,4,0.08,5.0
2025-01-28 13:25:43,2,7,5,0.1,4.0
2025-01-28 13:29:04,2,0,4,0.08,4.0
2025-01-28 13:30:59,2,5,4,0.08,4.0
2025-01-28 13:32:14,3,5,4,0.08,4.0
2025-01-28 13:35:49,4,5,4,0.08,3.0
2025-01-28 13:38:54,1,2,3,0.06,3.0
2025-01-28 13:39:32,0,3,3,0.06,4.0
2025-01-28 13:41:56,4,5,4,0.08,4.0
2025-01-28 13:44:59,2,3,4,0.08,5.0
2025-01-28 13:47:38,3,6,5,0.1,4.0
2025-01-28 13:49:28,1,1,4,0.08,3.0
2025-01-28 13:52:24,4,1,3,0.06,4.0
2025-01-28 13:57:22,3,7,4,0.08,5.0
2025-01-28 14:00:04,3,7,5,0.1,5.0
2025-01-28 14:01:23,2,6,5,0.1,4.0
2025-01-28 14:02:15,1,0,4,0.08,3.0
2025-01-28 14:04:12,0,0,3,0.06,2.0
2025-01-28 14:06:33,1,1,2,0.04,4.0
2025-01-28 14:08:53,2,7,4,0.08,4.0
2025-01-28 14:10:34,1,4,4,0.08,3.0
2025-01-28 14:13:37,2,0,3,0.06,4.0
2025-01-28 14:15:03,3,7,4,0.08,5.0
2025-01-28 14:19:49,2,6,5,0.1,4.0
2025-01-28 14:22:54,1,1,4,0.08,4.0
2025-01-28 14:25:16,2,4,4,0.08,3.0
2025-01-28 14:26:32,0,1,3,0.06,2.0
2025-01-28 14:30:59,2,0,2,0.04,3.0
2025-01-28 14:33:14,4,6,3,0.06,4.0
2025-01-28 14:36:50,2,5,4,0.08,4.0
2025-01-28 14:39:58,0,4,4,0.08,3.0
2025-01-28 14:43:45,3,1,3,0.06,2.0
2025-01-28 14:47:11,0,1,2,0.04,3.0
2025-01-28 14:52:01,0,5,3,0.06,2.0
2025-01-28 14:54:53,1,1,2,0.04,3.0
2025-01-28 14:58:39,0,5,3,0.06,2.0
2025-01-28 15:02:53,3,1,2,0.04,4.0
2025-01-28 15:04:05,3,7,4,0.08,3.0
2025-01-28 15:07:05,3,2,3,0.06,2.0
2025-01-28 15:08:37,0,0,2,0.04,2.0
2025-01-28 15:11:16,4,2,2,0.04,3.0
2025-01-28 15:16:00,2,6,3,0.06,3.0
2025-01-28 15:20:03,4,4,3,0.06,2.0
2025-01-28 15:21:45,3,1,2,0.04,3.0
2025-01-28 15:23:58,4,6,3,0.06,4.0
2025-01-28 15:27:05,1,7,4,0.08,3.0
2025-01-28 15:31:32,2,2,3,0.06,4.0
2025-01-28 15:34:39,4,7,4,0.08,5.0
2025-01-28 15:36:57,1,6,5,0.1,4.0
2025-01-28 15:37:35,3,0,4,0.08,4.0
2025-01-28 15:39:03,0,4,4,0.08,5.0
2025-01-28 15:42:44,3,7,5,0.1,6.0
2025-01-28 15:45:29,0,7,6,0.12,6.0
2025-01-28 15:50:09,1,5,6,0.12,6.0
2025-01-28 15:53:04,4,6,6,0.12,4.0
2025-01-28 15:54:31,0,0,4,0.08,3.0
2025-01-28 15:57:57,4,0,3,0.06,2.0
2025-01-28 16:02:31,1,1,2,0.04,1.0
2025-01-28 16:03:48,1,0,1,0.02,2.0
2025-01-28 16:05:57,1,3,2,0.04,1.0
2025-01-28 16:09:59,3,0,1,0.02,3.0
2025-01-28 16:13:13,4,7,3,0.06,3.0
2025-01-28 16:15:48,1,2,3,0.06,4.0
2025-01-28 16:18:18,3,6,4,0.08,3.0
2025-01-28 16:20:15,4,2,3,0.06,3.0
2025-01-28 16:24:21,4,2,3,0.06,2.0
2025-01-28 16:25:51,0,0,2,0.04,3.0
2025-01-28 16:29:19,4,5,3,0.06,3.0
2025-01-28 16:32:58,1,2,3,0.06,3.0
2025-01-28 16:36:10,2,2,3,0.06,4.0
2025-01-28 16:38:00,1,6,4,0.08,3.0
2025-01-28 16:41:19,2,2,3,0.06,3.0
2025-01-28 16:45:04,4,3,3,0.06,2.0
2025-01-28 16:48:56,4,0,2,0.04,2.0
2025-01-28 16:50:12,1,2,2,0.04,2.0
2025-01-28 16:53:19,0,1,2,0.04,1.0
2025-01-28 16:57:02,0,0,1,0.02,5.0
2025-01-28 17:02:00,2,15,5,0.1,5.0
2025-01-28 17:05:48,0,6,5,0.1,7.0
2025-01-28 17:10:01,1,12,7,0.14,8.0
2025-01-28 17:14:53,2,11,8,0.16,10.0
2025-01-28 17:18:08,2,14,10,0.2,12.0
2025-01-28 17:21:37,0,17,12,0.24,12.0
2025-01-28 17:25:18,0,13,12,0.24,10.0
2025-01-28 17:29:23,3,7,10,0.2,12.0
2025-01-28 17:31:39,3,17,12,0.24,14.0
2025-01-28 17:33:46,1,18,14,0.28,14.0
2025-01-28 17:38:05,0,15,14,0.28,14.0
2025-01-28 17:42:51,0,15,14,0.28,13.0
2025-01-28 17:44:03,0,12,13,0.26,14.0
2025-01-28 17:48:34,1,18,14,0.28,14.0
2025-01-28 17:49:45,4,15,14,0.28,13.0
2025-01-28 17:51:49,1,10,13,0.26,14.0
2025-01-28 17:56:32,0,15,14,0.28,12.0
2025-01-28 18:00:09,0,8,12,0.24,11.0
2025-01-28 18:03:25,3,9,11,0.22,12.0
2025-01-28 18:08:25,4,16,12,0.24,13.0
2025-01-28 18:10:59,4,17,13,0.26,12.0
2025-01-28 18:14:09,0,10,12,0.24,14.0
2025-01-28 18:16:05,2,18,14,0.28,12.0
2025-01-28 18:20:20,2,6,12,0.24,12.0
2025-01-28 18:23:14,4,13,12,0.24,13.0
2025-01-28 18:27:51,4,17,13,0.26,12.0
2025-01-28 18:28:26,1,8,12,0.24,12.0
2025-01-28 18:29:26,1,13,12,0.24,12.0
2025-01-28 18:33:12,3,13,12,0.24,12.0
2025-01-28 18:37:33,2,13,12,0.24,11.0
2025-01-28 18:40:17,0,9,11,0.22,13.0
2025-01-28 18:40:59,0,18,13,0.26,14.0
2025-01-28 18:41:32,4,15,14,0.28,14.0
2025-01-28 18:44:59,1,14,14,0.28,13.0
2025-01-28 18:49:22,0,11,13,0.26,13.0
2025-01-28 18:54:10,4,13,13,0.26,13.0
2025-01-28 18:56:59,4,14,13,0.26,11.0
2025-01-28 18:58:33,3,6,11,0.22,11.0
2025-01-28 19:02:27,0,11,11,0.22,12.0
2025-01-28 19:03:13,3,14,12,0.24,12.0
2025-01-28 19:07:02,1,12,12,0.24,11.0
2025-01-28 19:08:03,2,10,11,0.22,12.0
2025-01-28 19:12:04,4,15,12,0.24,10.0
2025-01-28 19:16:27,1,6,10,0.2,11.0
2025-01-28 19:19:58,1,14,11,0.22,12.0
2025-01-28 19:22:53,2,15,12,0.24,13.0
2025-01-28 19:24:12,1,17,13,0.26,13.0
2025-01-28 19:26:24,2,14,13,0.26,11.0
2025-01-28 19:27:26,3,7,11,0.22,12.0
2025-01-28 19:29:24,2,14,12,0.24,14.0
2025-01-28 19:33:54,3,18,14,0.28,13.0
2025-01-28 19:38:49,4,12,13,0.26,14.0
2025-01-28 19:43:01,2,18,14,0.28,15.0
2025-01-28 19:47:26,2,16,15,0.3,14.0
2025-01-28 19:50:28,4,13,14,0.28,13.0
2025-01-28 19:51:54,0,11,13,0.26,12.0
2025-01-28 19:54:15,3,8,12,0.24,11.0
2025-01-28 19:54:59,2,8,11,0.22,11.0
2025-01-28 19:59:57,2,11,11,0.22,12.0
2025-01-28 20:02:20,4,13,12,0.24,14.0
2025-01-28 20:07:01,0,19,14,0.28,12.0
2025-01-28 20:09:52,4,8,12,0.24,12.0
2025-01-28 20:12:15,3,13,12,0.24,13.0
2025-01-28 20:13:09,4,14,13,0.26,12.0
2025-01-28 20:17:53,1,11,12,0.24,11.0
2025-01-28 20:22:50,3,9,11,0.22,12.0
2025-01-28 20:25:25,4,15,12,0.24,14.0
2025-01-28 20:30:04,3,18,14,0.28,13.0
2025-01-28 20:31:26,4,12,13,0.26,14.0
2025-01-28 20:32:38,4,15,14,0.28,15.0
2025-01-28 20:35:53,4,17,15,0.3,15.0
2025-01-28 20:37:04,1,14,15,0.3,14.0
2025-01-28 20:40:29,1,13,14,0.28,14.0
2025-01-28 20:42:05,2,13,14,0.28,13.0
2025-01-28 20:43:40,1,10,13,0.26,14.0
2025-01-28 20:45:32,0,18,14,0.28,13.0
2025-01-28 20:47:46,3,12,13,0.26,12.0
2025-01-28 20:51:21,2,9,12,0.24,13.0
2025-01-28 20:51:54,1,16,13,0.26,12.0
2025-01-28 20:54:41,1,11,12,0.24,13.0
2025-01-28 20:58:09,0,15,13,0.26,14.0
2025-01-28 21:02:35,2,16,14,0.28,12.0
2025-01-28 21:03:22,2,9,12,0.24,11.0
2025-01-28 21:04:00,0,8,11,0.22,13.0
2025-01-28 21:04:58,1,19,13,0.26,12.0
2025-01-28 21:07:51,0,11,12,0.24,11.0
2025-01-28 21:10:49,3,10,11,0.22,13.0
2025-01-28 21:12:22,3,17,13,0.26,15.0
2025-01-28 21:15:58,1,19,15,0.3,13.0
2025-01-28 21:20:14,1,7,13,0.26,12.0
2025-01-28 21:22:41,3,9,12,0.24,12.0
2025-01-28 21:27:24,3,11,12,0.24,14.0
2025-01-28 21:28:24,4,18,14,0.28,13.0
2025-01-28 21:31:34,3,12,13,0.26,14.0
2025-01-28 21:35:38,1,15,14,0.28,13.0
2025-01-28 21:38:56,4,10,13,0.26,12.0
2025-01-28 21:40:46,3,9,12,0.24,13.0
2025-01-28 21:42:01,2,15,13,0.26,15.0
2025-01-28 21:43:19,1,19,15,0.3,16.0
2025-01-28 21:45:16,1,19,16,0.32,16.0
2025-01-28 21:47:46,2,17,16,0.32,16.0
2025-01-28 21:48:18,3,16,16,0.32,13.0
2025-01-28 21:52:34,3,6,13,0.26,12.0
2025-01-28 21:54:22,2,10,12,0.24,11.0
2025-01-28 21:57:16,1,9,11,0.22,8.0
2025-01-28 22:01:47,1,1,8,0.16,7.0
2025-01-28 22:02:48,3,6,7,0.14,5.0
2025-01-28 22:07:40,4,0,5,0.1,4.0
2025-01-28 22:11:40,3,1,4,0.08,3.0
2025-01-28 22:13:20,2,0,3,0.06,4.0
2025-01-28 22:17:06,2,7,4,0.08,4.0
2025-01-28 22:18:33,4,5,4,0.08,4.0
2025-01-28 22:20:54,3,3,4,0.08,3.0
2025-01-28 22:22:11,0,1,3,0.06,3.0
2025-01-28 22:25:45,0,4,3,0.06,4.0
2025-01-28 22:28:59,4,6,4,0.08,4.0
2025-01-28 22:33:03,3,3,4,0.08,4.0
2025-01-28 22:35:33,0,4,4,0.08,4.0
2025-01-28 22:39:35,2,5,4,0.08,3.0
2025-01-28 22:40:45,1,2,3,0.06,2.0
2025-01-28 22:44:02,0,1,2,0.04,3.0
2025-01-28 22:45:05,3,5,3,0.06,2.0
2025-01-28 22:48:51,4,0,2,0.04,3.0
2025-01-28 22:52:31,2,6,3,0.06,2.0
2025-01-28 22:56:41,0,1,2,0.04,1.0
2025-01-28 22:57:20,4,0,1,0.02,2.0
2025-01-28 22:59:49,3,6,2,0.04,3.0
2025-01-28 23:02:21,3,6,3,0.06,4.0
2025-01-28 23:06:57,2,6,4,0.08,4.0
2025-01-28 23:11:07,1,5,4,0.08,4.0
2025-01-28 23:15:57,3,3,4,0.08,5.0
2025-01-28 23:17:24,3,7,5,0.1,5.0
2025-01-28 23:20:01,0,5,5,0.1,5.0
2025-01-28 23:23:37,3,6,5,0.1,5.0
2025-01-28 23:27:31,4,5,5,0.1,5.0
2025-01-28 23:29:26,2,5,5,0.1,4.0
2025-01-28 23:31:39,1,3,4,0.08,5.0
2025-01-28 23:34:31,0,7,5,0.1,5.0
2025-01-28 23:38:25,4,6,5,0.1,5.0
2025-01-28 23:41:03,2,5,5,0.1,4.0
2025-01-28 23:45:38,4,0,4,0.08,3.0
2025-01-28 23:46:45,2,0,3,0.06,3.0
2025-01-28 23:49:03,3,2,3,0.06,2.0
2025-01-28 23:50:24,3,1,2,0.04,3.0
2025-01-28 23:50:54,0,5,3,0.06,3.0
2025-01-28 23:51:34,2,3,3,0.06,3.0
2025-01-28 23:55:58,2,2,3,0.06,3.0
2025-01-28 23:58:35,4,3,3,0.06,3.0
2025-01-29 00:02:38,3,3,3,0.06,4.0
2025-01-29 00:07:10,3,7,4,0.08,4.0
2025-01-29 00:08:23,2,3,4,0.08,5.0
2025-01-29 00:08:58,1,6,5,0.1,4.0
2025-01-29 00:12:03,3,3,4,0.08,3.0
2025-01-29 00:12:40,3,1,3,0.06,4.0
2025-01-29 00:13:14,1,6,4,0.08,3.0
2025-01-29 00:16:45,4,2,3,0.06,3.0
2025-01-29 00:19:06,4,3,3,0.06,3.0
2025-01-29 00:24:00,0,3,3,0.06,4.0
2025-01-29 00:28:01,0,6,4,0.08,3.0
2025-01-29 00:29:48,4,2,3,0.06,3.0
2025-01-29 00:34:47,1,4,3,0.06,4.0
2025-01-29 00:37:50,1,6,4,0.08,4.0
2025-01-29 00:42:00,1,3,4,0.08,3.0
2025-01-29 00:42:54,4,1,3,0.06,2.0
2025-01-29 00:46:51,4,0,2,0.04,3.0
2025-01-29 00:47:23,1,6,3,0.06,3.0
2025-01-29 00:51:27,0,3,3,0.06,4.0
2025-01-29 00:53:48,1,7,4,0.08,3.0
2025-01-29 00:57:29,3,1,3,0.06,3.0
2025-01-29 00:58:45,1,3,3,0.06,2.0
2025-01-29 01:02:55,4,1,2,0.04,2.0
2025-01-29 01:06:31,3,2,2,0.04,3.0
2025-01-29 01:07:50,3,6,3,0.06,4.0
2025-01-29 01:11:36,4,6,4,0.08,5.0
2025-01-29 01:15:41,0,7,5,0.1,5.0
2025-01-29 01:19:51,0,5,5,0.1,6.0
2025-01-29 01:21:50,0,7,6,0.12,5.0
2025-01-29 01:26:11,2,3,5,0.1,6.0
2025-01-29 01:30:58,2,7,6,0.12,6.0
2025-01-29 01:34:00,4,6,6,0.12,6.0
2025-01-29 01:38:45,0,6,6,0.12,4.0
2025-01-29 01:43:32,1,0,4,0.08,4.0
2025-01-29 01:45:06,4,4,4,0.08,4.0
2025-01-29 01:48:45,3,3,4,0.08,4.0
2025-01-29 01:50:45,2,4,4,0.08,4.0
2025-01-29 01:54:07,2,4,4,0.08,4.0
2025-01-29 01:58:43,4,3,4,0.08,3.0
2025-01-29 02:03:28,1,2,3,0.06,2.0
2025-01-29 02:05:53,4,1,2,0.04,1.0
2025-01-29 02:07:11,4,0,1,0.02,2.0
2025-01-29 02:11:27,3,3,2,0.04,4.0
2025-01-29 02:13:05,1,7,4,0.08,3.0
2025-01-29 02:15:40,1,2,3,0.06,3.0
2025-01-29 02:19:42,4,2,3,0.06,2.0
2025-01-29 02:21:04,3,0,2,0.04,3.0
2025-01-29 02:23:25,1,4,3,0.06,4.0
2025-01-29 02:26:33,4,5,4,0.08,3.0
2025-01-29 02:31:02,2,0,3,0.06,4.0
2025-01-29 02:34:01,0,6,4,0.08,3.0
2025-01-29 02:36:49,0,1,3,0.06,4.0
2025-01-29 02:39:11,3,7,4,0.08,4.0
2025-01-29 02:42:03,0,5,4,0.08,4.0
2025-01-29 02:44:50,2,4,4,0.08,4.0
2025-01-29 02:45:50,3,3,4,0.08,4.0
2025-01-29 02:48:07,1,3,4,0.08,3.0
2025-01-29 02:51:15,4,1,3,0.06,4.0
2025-01-29 02:51:58,2,7,4,0.08,3.0
2025-01-29 02:54:29,4,0,3,0.06,2.0
2025-01-29 02:58:33,4,1,2,0.04,2.0
2025-01-29 02:59:27,4,2,2,0.04,3.0
2025-01-29 03:02:45,3,6,3,0.06,2.0
2025-01-29 03:04:57,1,0,2,0.04,3.0
2025-01-29 03:06:06,1,6,3,0.06,4.0
2025-01-29 03:10:30,2,5,4,0.08,3.0
2025-01-29 03:12:28,2,2,3,0.06,2.0
2025-01-29 03:14:37,3,1,2,0.04,3.0
2025-01-29 03:17:30,0,6,3,0.06,3.0
2025-01-29 03:19:21,1,2,3,0.06,3.0
2025-01-29 03:21:07,2,3,3,0.06,4.0
2025-01-29 03:22:35,2,6,4,0.08,3.0
2025-01-29 03:26:53,0,0,3,0.06,3.0
2025-01-29 03:28:53,2,4,3,0.06,3.0
2025-01-29 03:29:23,1,4,3,0.06,4.0
2025-01-29 03:34:21,0,6,4,0.08,4.0
2025-01-29 03:38:07,3,5,4,0.08,3.0
2025-01-29 03:39:54,2,2,3,0.06,3.0
2025-01-29 03:42:44,0,4,3,0.06,4.0
2025-01-29 03:44:24,4,5,4,0.08,5.0
2025-01-29 03:45:43,2,6,5,0.1,4.0
2025-01-29 03:47:32,2,0,4,0.08,3.0
2025-01-29 03:51:56,2,0,3,0.06,3.0
2025-01-29 03:55:00,4,3,3,0.06,4.0
2025-01-29 03:56:29,0,7,4,0.08,4.0
2025-01-29 03:57:31,0,4,4,0.08,5.0
2025-01-29 04:00:07,0,6,5,0.1,5.0
2025-01-29 04:04:17,0,5,5,0.1,4.0
2025-01-29 04:08:06,1,2,4,0.08,3.0
2025-01-29 04:10:41,1,2,3,0.06,4.0
2025-01-29 04:11:51,2,5,4,0.08,3.0
2025-01-29 04:13:45,0,1,3,0.06,2.0
2025-01-29 04:15:43,1,0,2,0.04,4.0
2025-01-29 04:16:54,1,7,4,0.08,4.0
2025-01-29 04:19:23,0,4,4,0.08,3.0
2025-01-29 04:20:25,4,2,3,0.06,4.0
2025-01-29 04:23:27,1,6,4,0.08,5.0
2025-01-29 04:25:26,2,6,5,0.1,4.0
2025-01-29 04:27:39,3,3,4,0.08,5.0
2025-01-29 04:28:20,3,6,5,0.1,5.0
2025-01-29 04:31:29,2,5,5,0.1,5.0
2025-01-29 04:35:14,1,5,5,0.1,4.0
2025-01-29 04:40:05,4,2,4,0.08,4.0
2025-01-29 04:42:05,3,4,4,0.08,5.0
2025-01-29 04:45:51,1,7,5,0.1,5.0
2025-01-29 04:47:29,4,6,5,0.1,4.0
2025-01-29 04:51:38,0,0,4,0.08,4.0
2025-01-29 04:55:41,3,3,4,0.08,4.0
2025-01-29 04:58:36,4,3,4,0.08,3.0
2025-01-29 05:02:58,3,1,3,0.06,3.0
2025-01-29 05:07:21,3,2,3,0.06,4.0
2025-01-29 05:11:24,4,7,4,0.08,3.0
2025-01-29 05:12:54,3,1,3,0.06,2.0
2025-01-29 05:14:41,3,0,2,0.04,2.0
2025-01-29 05:16:45,1,3,2,0.04,2.0
2025-01-29 05:20:50,3,2,2,0.04,2.0
2025-01-29 05:24:52,4,3,2,0.04,2.0
2025-01-29 05:28:41,4,1,2,0.04,3.0
2025-01-29 05:29:41,3,5,3,0.06,3.0
2025-01-29 05:32:25,0,3,3,0.06,3.0
2025-01-29 05:34:17,1,4,3,0.06,4.0
2025-01-29 05:35:33,3,6,4,0.08,3.0
2025-01-29 05:39:28,0,0,3,0.06,4.0
2025-01-29 05:41:14,2,6,4,0.08,3.0
2025-01-29 05:46:02,0,1,3,0.06,2.0
2025-01-29 05:48:03,3,1,2,0.04,3.0
2025-01-29 05:50:12,2,6,3,0.06,4.0
2025-01-29 05:53:56,1,5,4,0.08,5.0
2025-01-29 05:57:37,2,7,5,0.1,5.0
2025-01-29 05:59:14,1,5,5,0.1,5.0
2025-01-29 06:03:45,1,5,5,0.1,5.0
2025-01-29 06:05:44,2,4,5,0.1,4.0
2025-01-29 06:06:23,4,1,4,0.08,4.0
2025-01-29 06:11:16,2,4,4,0.08,4.0
2025-01-29 06:16:13,2,3,4,0.08,3.0
2025-01-29 06:18:40,3,1,3,0.06,4.0
2025-01-29 06:23:19,2,7,4,0.08,3.0
2025-01-29 06:24:47,2,2,3,0.06,4.0
2025-01-29 06:28:31,2,7,4,0.08,4.0
2025-01-29 06:29:50,1,3,4,0.08,4.0
2025-01-29 06:31:56,2,4,4,0.08,5.0
2025-01-29 06:34:32,4,7,5,0.1,5.0
2025-01-29 06:39:07,4,4,5,0.1,4.0
2025-01-29 06:41:03,2,2,4,0.08,4.0
2025-01-29 06:42:49,2,5,4,0.08,5.0
2025-01-29 06:46:42,2,6,5,0.1,4.0
2025-01-29 06:49:37,1,0,4,0.08,3.0
2025-01-29 06:52:35,3,0,3,0.06,4.0
2025-01-29 06:54:55,0,6,4,0.08,3.0
2025-01-29 06:57:33,0,0,3,0.06,2.0
2025-01-29 07:02:15,4,1,2,0.04,2.0
2025-01-29 07:05:30,3,3,2,0.04,3.0
2025-01-29 07:08:16,1,6,3,0.06,4.0
2025-01-29 07:08:56,0,5,4,0.08,4.0
2025-01-29 07:10:36,2,4,4,0.08,5.0
2025-01-29 07:13:44,1,6,5,0.1,5.0
2025-01-29 07:17:49,4,5,5,0.1,5.0
2025-01-29 07:18:44,1,5,5,0.1,4.0
2025-01-29 07:21:55,2,1,4,0.08,4.0
2025-01-29 07:24:06,4,5,4,0.08,4.0
2025-01-29 07:25:44,0,5,4,0.08,4.0
2025-01-29 07:28:26,4,5,4,0.08,5.0
2025-01-29 07:32:04,4,6,5,0.1,6.0
2025-01-29 07:36:04,0,7,6,0.12,5.0
2025-01-29 07:40:36,4,2,5,0.1,5.0
2025-01-29 07:43:51,0,5,5,0.1,4.0
2025-01-29 07:45:21,1,1,4,0.08,5.0
2025-01-29 07:47:43,0,6,5,0.1,4.0
2025-01-29 07:48:42,4,1,4,0.08,3.0
2025-01-29 07:51:52,4,0,3,0.06,3.0
2025-01-29 07:56:15,2,3,3,0.06,4.0
2025-01-29 07:59:34,2,5,4,0.08,8.0
2025-01-29 08:03:09,0,16,8,0.16,11.0
2025-01-29 08:04:35,2,17,11,0.22,11.0
2025-01-29 08:09:04,2,10,11,0.22,10.0
2025-01-29 08:13:50,4,9,10,0.2,10.0
2025-01-29 08:17:40,0,10,10,0.2,11.0
2025-01-29 08:19:55,0,13,11,0.22,10.0
2025-01-29 08:22:05,3,7,10,0.2,10.0
2025-01-29 08:24:11,3,10,10,0.2,9.0
2025-01-29 08:27:13,2,8,9,0.18,10.0
2025-01-29 08:28:11,1,11,10,0.2,11.0
2025-01-29 08:31:13,4,13,11,0.22,11.0
2025-01-29 08:32:55,4,11,11,0.22,11.0
2025-01-29 08:37:38,1,11,11,0.22,10.0
2025-01-29 08:38:11,4,8,10,0.2,11.0
2025-01-29 08:42:37,3,12,11,0.22,13.0
2025-01-29 08:43:44,2,18,13,0.26,12.0
2025-01-29 08:44:33,4,10,12,0.24,10.0
2025-01-29 08:46:55,4,6,10,0.2,13.0
2025-01-29 08:47:47,1,19,13,0.26,11.0
2025-01-29 08:50:32,3,7,11,0.22,13.0
2025-01-29 08:55:09,3,18,13,0.26,12.0
2025-01-29 08:57:15,2,8,12,0.24,10.0
2025-01-29 08:58:17,0,6,10,0.2,10.0
2025-01-29 09:01:01,4,10,10,0.2,10.0
2025-01-29 09:05:45,3,9,10,0.2,12.0
2025-01-29 09:08:27,4,18,12,0.24,10.0
2025-01-29 09:12:54,0,6,10,0.2,11.0
2025-01-29 09:13:38,4,14,11,0.22,10.0
2025-01-29 09:16:13,1,9,10,0.2,12.0
2025-01-29 09:16:59,3,15,12,0.24,13.0
2025-01-29 09:18:18,3,17,13,0.26,11.0
2025-01-29 09:21:02,2,6,11,0.22,13.0
2025-01-29 09:23:29,0,18,13,0.26,11.0
2025-01-29 09:24:58,4,7,11,0.22,10.0
2025-01-29 09:27:32,1,9,10,0.2,10.0
2025-01-29 09:29:57,3,9,10,0.2,12.0
2025-01-29 09:33:19,4,17,12,0.24,10.0
2025-01-29 09:36:55,1,7,10,0.2,10.0
2025-01-29 09:38:52,0,9,10,0.2,11.0
2025-01-29 09:42:44,2,13,11,0.22,13.0
2025-01-29 09:46:15,0,19,13,0.26,14.0
2025-01-29 09:49:32,2,18,14,0.28,14.0
2025-01-29 09:53:02,1,14,14,0.28,12.0
2025-01-29 09:55:41,3,6,12,0.24,11.0
2025-01-29 09:58:39,0,10,11,0.22,13.0
2025-01-29 10:02:37,0,19,13,0.26,12.0
2025-01-29 10:04:57,2,11,12,0.24,13.0
2025-01-29 10:07:43,2,17,13,0.26,13.0
2025-01-29 10:11:43,4,12,13,0.26,12.0
2025-01-29 10:14:38,3,10,12,0.24,11.0
2025-01-29 10:16:31,3,8,11,0.22,12.0
2025-01-29 10:17:30,2,13,12,0.24,12.0
2025-01-29 10:19:04,1,11,12,0.24,11.0
2025-01-29 10:19:57,4,9,11,0.22,12.0
2025-01-29 10:23:57,1,16,12,0.24,11.0
2025-01-29 10:28:08,2,10,11,0.22,12.0
2025-01-29 10:30:07,4,15,12,0.24,11.0
2025-01-29 10:32:22,1,10,11,0.22,11.0
2025-01-29 10:35:43,2,10,11,0.22,10.0
2025-01-29 10:40:02,4,8,10,0.2,11.0
2025-01-29 10:41:48,1,14,11,0.22,12.0
2025-01-29 10:43:25,2,14,12,0.24,14.0
2025-01-29 10:45:26,3,18,14,0.28,13.0
2025-01-29 10:47:23,3,12,13,0.26,15.0
2025-01-29 10:48:42,0,19,15,0.3,12.0
2025-01-29 10:50:54,0,6,12,0.24,11.0
2025-01-29 10:52:09,2,8,11,0.22,11.0
2025-01-29 10:55:37,4,11,11,0.22,10.0
2025-01-29 11:00:33,4,8,10,0.2,10.0
2025-01-29 11:05:30,0,10,10,0.2,12.0
2025-01-29 11:06:07,0,17,12,0.24,11.0
2025-01-29 11:11:01,1,8,11,0.22,10.0
2025-01-29 11:12:48,3,8,10,0.2,12.0
2025-01-29 11:17:17,3,16,12,0.24,13.0
2025-01-29 11:22:04,1,15,13,0.26,15.0
2025-01-29 11:25:49,4,19,15,0.3,14.0
2025-01-29 11:28:29,2,12,14,0.28,13.0
2025-01-29 11:33:19,0,10,13,0.26,13.0
2025-01-29 11:37:50,0,12,13,0.26,11.0
2025-01-29 11:41:10,0,6,11,0.22,10.0
2025-01-29 11:44:06,2,6,10,0.2,12.0
2025-01-29 11:49:05,4,18,12,0.24,11.0
2025-01-29 11:52:03,0,9,11,0.22,12.0
2025-01-29 11:53:00,3,15,12,0.24,11.0
2025-01-29 11:55:58,2,9,11,0.22,13.0
2025-01-29 11:59:29,1,17,13,0.26,10.0
2025-01-29 12:02:44,3,4,10,0.2,9.0
2025-01-29 12:03:30,2,7,9,0.18,8.0
2025-01-29 12:06:29,0,6,8,0.16,8.0
2025-01-29 12:07:43,1,7,8,0.16,6.0
2025-01-29 12:11:21,3,0,6,0.12,5.0
2025-01-29 12:14:09,2,4,5,0.1,5.0
2025-01-29 12:15:39,1,6,5,0.1,5.0
2025-01-29 12:16:41,1,4,5,0.1,4.0
2025-01-29 12:19:02,2,2,4,0.08,4.0
2025-01-29 12:20:08,1,3,4,0.08,4.0
2025-01-29 12:22:17,3,5,4,0.08,3.0
2025-01-29 12:23:09,1,1,3,0.06,2.0
2025-01-29 12:27:16,3,0,2,0.04,2.0
2025-01-29 12:29:14,1,1,2,0.04,4.0
2025-01-29 12:33:12,2,7,4,0.08,5.0
2025-01-29 12:38:12,0,6,5,0.1,5.0
2025-01-29 12:42:38,2,5,5,0.1,5.0
2025-01-29 12:46:36,3,6,5,0.1,5.0
2025-01-29 12:50:31,3,5,5,0.1,4.0
2025-01-29 12:52:18,4,1,4,0.08,5.0
2025-01-29 12:54:25,2,6,5,0.1,5.0
2025-01-29 12:56:28,3,6,5,0.1,5.0
2025-01-29 12:58:17,1,6,5,0.1,4.0
2025-01-29 12:59:24,2,1,4,0.08,5.0
2025-01-29 13:03:41,1,6,5,0.1,4.0
2025-01-29 13:06:24,4,0,4,0.08,3.0
2025-01-29 13:10:09,2,2,3,0.06,3.0
2025-01-29 13:12:19,1,2,3,0.06,2.0
2025-01-29 13:14:03,2,1,2,0.04,4.0
2025-01-29 13:18:00,2,7,4,0.08,3.0
2025-01-29 13:19:52,3,0,3,0.06,4.0
2025-01-29 13:22:44,0,5,4,0.08,3.0
2025-01-29 13:24:09,1,2,3,0.06,2.0
2025-01-29 13:28:09,2,1,2,0.04,2.0
2025-01-29 13:31:37,4,3,2,0.04,3.0
2025-01-29 13:33:04,0,4,3,0.06,4.0
2025-01-29 13:34:46,3,5,4,0.08,4.0
2025-01-29 13:38:50,3,4,4,0.08,3.0
2025-01-29 13:43:45,1,1,3,0.06,4.0
2025-01-29 13:45:27,3,6,4,0.08,5.0
2025-01-29 13:50:27,2,7,5,0.1,5.0
2025-01-29 13:54:50,4,4,5,0.1,4.0
2025-01-29 13:55:38,0,1,4,0.08,4.0
2025-01-29 13:58:00,1,4,4,0.08,5.0
